{
	"format_version": "1.12.0",
	"minecraft:geometry": [
		{
			"description": {
				"identifier": "geometry.unknown",
				"texture_width": 32,
				"texture_height": 32,
				"visible_bounds_width": 8,
				"visible_bounds_height": 4,
				"visible_bounds_offset": [0, 1, 0]
			},
			"bones": [
				{
					"name": "main",
					"pivot": [0, 0, 0]
				},
				{
					"name": "shortscope",
					"parent": "main",
					"pivot": [-0.01976, 0.6357, 0.0042],
					"cubes": [
						{
							"origin": [-1.85407, -0.29071, -3.16126],
							"size": [3.72, 1.12, 6.32],
							"inflate": -0.3,
							"uv": {
								"north": {"uv": [5, 5], "uv_size": [3, 1]},
								"east": {"uv": [0, 5], "uv_size": [5, 1]},
								"south": {"uv": [13, 5], "uv_size": [3, 1]},
								"west": {"uv": [8, 5], "uv_size": [5, 1]},
								"up": {"uv": [5, 0], "uv_size": [3, 5]},
								"down": {"uv": [8, 5], "uv_size": [3, -5]}
							}
						},
						{
							"origin": [0.74893, 1.07339, -3.16216],
							"size": [1.1218, 1.1218, 1.1218],
							"inflate": -0.297,
							"pivot": [0.00593, 1.37429, -2.86126],
							"rotation": [-30, 0, 0],
							"uv": {
								"north": {"uv": [9, 14], "uv_size": [1, 1]},
								"east": {"uv": [8, 14], "uv_size": [1, 1]},
								"south": {"uv": [11, 14], "uv_size": [1, 1]},
								"west": {"uv": [10, 14], "uv_size": [1, 1]},
								"up": {"uv": [9, 13], "uv_size": [1, 1]},
								"down": {"uv": [10, 14], "uv_size": [1, -1]}
							}
						},
						{
							"origin": [-1.43317, 0.85327, -2.71019],
							"size": [2.8782, 2.3582, 1.0582],
							"inflate": -0.403,
							"pivot": [0.00593, 2.03237, -2.18109],
							"rotation": [-30, 0, 0],
							"uv": {
								"north": {"uv": [0, 18], "uv_size": [12, 10]},
								"east": {"uv": [0, 11], "uv_size": [1, 2]},
								"south": {"uv": [12, 18], "uv_size": [-12, 10]},
								"west": {"uv": [3, 11], "uv_size": [1, 2]},
								"up": {"uv": [1, 10], "uv_size": [2, 1]},
								"down": {"uv": [3, 11], "uv_size": [2, -1]}
							}
						},
						{
							"origin": [0.48343, 0.48679, -0.40126],
							"size": [1.385, 1.06, 1.06],
							"inflate": -0.4,
							"pivot": [1.33843, 1.01679, 0.12874],
							"rotation": [-7.85085, -31.63886, 14.72765],
							"uv": {
								"north": {"uv": [12, 7], "uv_size": [1, 1]},
								"east": {"uv": [11, 7], "uv_size": [1, 1]},
								"south": {"uv": [14, 7], "uv_size": [1, 1]},
								"west": {"uv": [13, 7], "uv_size": [1, 1]},
								"up": {"uv": [12, 6], "uv_size": [1, 1]},
								"down": {"uv": [13, 7], "uv_size": [1, -1]}
							}
						},
						{
							"origin": [-1.22764, 0.58219, -0.60446],
							"size": [2.685, 1.06, 1.06],
							"inflate": -0.4,
							"pivot": [1.05736, 1.24219, -0.20446],
							"rotation": [2.36912, 11.66446, -16.87971],
							"uv": {
								"north": {"uv": [12, 1], "uv_size": [2, 1]},
								"east": {"uv": [11, 1], "uv_size": [1, 1]},
								"south": {"uv": [15, 1], "uv_size": [2, 1]},
								"west": {"uv": [14, 1], "uv_size": [1, 1]},
								"up": {"uv": [12, 0], "uv_size": [2, 1]},
								"down": {"uv": [14, 1], "uv_size": [2, -1]}
							}
						},
						{
							"origin": [-1.64704, 0.07169, -0.22894],
							"size": [1.385, 1.06, 1.06],
							"inflate": -0.4,
							"pivot": [-0.66204, 0.73169, 0.43106],
							"rotation": [2.69047, -54.93544, -3.61331],
							"uv": {
								"north": {"uv": [12, 3], "uv_size": [1, 1]},
								"east": {"uv": [11, 3], "uv_size": [1, 1]},
								"south": {"uv": [14, 3], "uv_size": [1, 1]},
								"west": {"uv": [13, 3], "uv_size": [1, 1]},
								"up": {"uv": [12, 2], "uv_size": [1, 1]},
								"down": {"uv": [13, 3], "uv_size": [1, -1]}
							}
						},
						{
							"origin": [-2.24245, 0.05051, -0.70776],
							"size": [1.645, 1.06, 1.06],
							"inflate": -0.4,
							"pivot": [-0.99745, 0.71051, -0.04776],
							"rotation": [-168.14988, -61.89552, 164.40594],
							"uv": {
								"north": {"uv": [1, 3], "uv_size": [1, 1]},
								"east": {"uv": [0, 3], "uv_size": [1, 1]},
								"south": {"uv": [3, 3], "uv_size": [1, 1]},
								"west": {"uv": [2, 3], "uv_size": [1, 1]},
								"up": {"uv": [1, 2], "uv_size": [1, 1]},
								"down": {"uv": [2, 3], "uv_size": [1, -1]}
							}
						},
						{
							"origin": [-1.85887, 1.07339, -3.16216],
							"size": [1.1218, 1.1218, 1.1218],
							"inflate": -0.297,
							"pivot": [0.00593, 1.37429, -2.86126],
							"rotation": [-30, 0, 0],
							"uv": {
								"north": {"uv": [1, 14], "uv_size": [1, 1]},
								"east": {"uv": [0, 14], "uv_size": [1, 1]},
								"south": {"uv": [3, 14], "uv_size": [1, 1]},
								"west": {"uv": [2, 14], "uv_size": [1, 1]},
								"up": {"uv": [1, 13], "uv_size": [1, 1]},
								"down": {"uv": [2, 14], "uv_size": [1, -1]}
							}
						},
						{
							"origin": [0.74593, 0.22929, -3.16126],
							"size": [1.12, 1.445, 1.12],
							"inflate": -0.3,
							"uv": {
								"north": {"uv": [6, 13], "uv_size": [1, 1]},
								"east": {"uv": [5, 13], "uv_size": [1, 1]},
								"south": {"uv": [8, 13], "uv_size": [1, 1]},
								"west": {"uv": [7, 13], "uv_size": [1, 1]},
								"up": {"uv": [6, 12], "uv_size": [1, 1]},
								"down": {"uv": [7, 13], "uv_size": [1, -1]}
							}
						},
						{
							"origin": [-1.85407, 0.22929, -3.16126],
							"size": [1.12, 1.445, 1.12],
							"inflate": -0.3,
							"uv": {
								"north": {"uv": [13, 9], "uv_size": [1, 1]},
								"east": {"uv": [12, 9], "uv_size": [1, 1]},
								"south": {"uv": [15, 9], "uv_size": [1, 1]},
								"west": {"uv": [14, 9], "uv_size": [1, 1]},
								"up": {"uv": [13, 8], "uv_size": [1, 1]},
								"down": {"uv": [14, 9], "uv_size": [1, -1]}
							}
						},
						{
							"origin": [1.07183, -0.28981, -0.56036],
							"size": [1.2482, 1.7682, 3.7182],
							"inflate": -0.303,
							"uv": {
								"north": {"uv": [3, 9], "uv_size": [1, 1]},
								"east": {"uv": [0, 9], "uv_size": [3, 1]},
								"south": {"uv": [7, 9], "uv_size": [1, 1]},
								"west": {"uv": [4, 9], "uv_size": [3, 1]},
								"up": {"uv": [3, 6], "uv_size": [1, 3]},
								"down": {"uv": [4, 9], "uv_size": [1, -3]}
							}
						},
						{
							"origin": [1.07183, -0.28981, -3.15256],
							"size": [1.2482, 1.5082, 3.1982],
							"inflate": -0.303,
							"uv": {
								"north": {"uv": [8, 11], "uv_size": [1, 1]},
								"east": {"uv": [6, 11], "uv_size": [2, 1]},
								"south": {"uv": [11, 11], "uv_size": [1, 1]},
								"west": {"uv": [9, 11], "uv_size": [2, 1]},
								"up": {"uv": [8, 9], "uv_size": [1, 2]},
								"down": {"uv": [9, 11], "uv_size": [1, -2]}
							}
						},
						{
							"origin": [1.07213, 0.36049, -1.07226],
							"size": [1.2476, 1.1176, 1.1176],
							"inflate": -0.304,
							"pivot": [1.69593, 1.17929, -0.25346],
							"rotation": [32.5, 0, 0],
							"uv": {
								"north": {"uv": [1, 1], "uv_size": [1, 1]},
								"east": {"uv": [0, 1], "uv_size": [1, 1]},
								"south": {"uv": [3, 1], "uv_size": [1, 1]},
								"west": {"uv": [2, 1], "uv_size": [1, 1]},
								"up": {"uv": [1, 0], "uv_size": [1, 1]},
								"down": {"uv": [2, 1], "uv_size": [1, -1]}
							}
						},
						{
							"origin": [-0.87907, 0.03429, 0.44624],
							"size": [1.77, 1.12, 1.77],
							"inflate": -0.3,
							"pivot": [0.00593, 0.59429, 1.33124],
							"rotation": [0, -45, 0],
							"uv": {
								"north": {"uv": [4, 15], "uv_size": [1, 1]},
								"east": {"uv": [3, 15], "uv_size": [1, 1]},
								"south": {"uv": [6, 15], "uv_size": [1, 1]},
								"west": {"uv": [5, 15], "uv_size": [1, 1]},
								"up": {"uv": [4, 14], "uv_size": [1, 1]},
								"down": {"uv": [5, 15], "uv_size": [1, -1]}
							}
						},
						{
							"origin": [-0.87907, -0.09571, 0.15374],
							"size": [1.77, 1.12, 3.2],
							"inflate": -0.3,
							"uv": {
								"north": {"uv": [12, 12], "uv_size": [1, 1]},
								"east": {"uv": [10, 12], "uv_size": [2, 1]},
								"south": {"uv": [15, 12], "uv_size": [1, 1]},
								"west": {"uv": [13, 12], "uv_size": [2, 1]},
								"up": {"uv": [12, 10], "uv_size": [1, 2]},
								"down": {"uv": [13, 12], "uv_size": [1, -2]}
							}
						},
						{
							"origin": [-0.87907, -0.09571, -0.36626],
							"size": [1.77, 1.12, 1.12],
							"inflate": -0.3,
							"pivot": [0.00593, 0.72429, 0.45374],
							"rotation": [22.5, 0, 0],
							"uv": {
								"north": {"uv": [13, 14], "uv_size": [1, 1]},
								"east": {"uv": [12, 14], "uv_size": [1, 1]},
								"south": {"uv": [15, 14], "uv_size": [1, 1]},
								"west": {"uv": [14, 14], "uv_size": [1, 1]},
								"up": {"uv": [13, 13], "uv_size": [1, 1]},
								"down": {"uv": [14, 14], "uv_size": [1, -1]}
							}
						},
						{
							"origin": [-1.20407, 0.03429, -2.51126],
							"size": [2.42, 1.12, 2.42],
							"inflate": -0.3,
							"pivot": [0.00593, 0.59429, -1.30126],
							"rotation": [0, -45, 0],
							"uv": {
								"north": {"uv": [7, 8], "uv_size": [2, 1]},
								"east": {"uv": [5, 8], "uv_size": [2, 1]},
								"south": {"uv": [11, 8], "uv_size": [2, 1]},
								"west": {"uv": [9, 8], "uv_size": [2, 1]},
								"up": {"uv": [7, 6], "uv_size": [2, 2]},
								"down": {"uv": [9, 8], "uv_size": [2, -2]}
							}
						}
					]
				},
				{
					"name": "scope",
					"parent": "main",
					"pivot": [0, 1.8, 23.05],
					"cubes": [
						{"origin": [-0.5, 1.5, 22.55], "size": [1, 1, 1], "inflate": -0.4, "uv": [7, 16]}
					]
				},
				{
					"name": "_ca_scope",
					"parent": "main",
					"pivot": [0, 0, 0.5],
					"cubes": [
						{"origin": [-0.5, -0.5, 0], "size": [1, 1, 1], "uv": [0, 16]}
					]
				}
			]
		}
	]
}