{
	"format_version": "1.12.0",
	"minecraft:geometry": [
		{
			"description": {
				"identifier": "geometry.unknown",
				"texture_width": 128,
				"texture_height": 128,
				"visible_bounds_width": 8,
				"visible_bounds_height": 5,
				"visible_bounds_offset": [0, 1.5, 0]
			},
			"bones": [
				{
					"name": "main",
					"pivot": [7.55, 20, 0]
				},
				{
					"name": "armR_gun",
					"parent": "main",
					"pivot": [7.55, 18, 0]
				},
				{
					"name": "rightarm",
					"parent": "armR_gun",
					"pivot": [4.25, 9.525, 20.9],
					"rotation": [-104.77806, -7.4046, 0.06753],
					"cubes": [
						{"origin": [0.25, -14.475, 16.9], "size": [8, 24, 8], "uv": [25, 25]}
					]
				},
				{
					"name": "gun",
					"parent": "armR_gun",
					"pivot": [7.52375, 18.15708, -0.62843],
					"cubes": [
						{
							"origin": [7.81655, 23.13429, -19.06261],
							"size": [1.2994, 3.8994, 13.5519],
							"inflate": -0.001,
							"uv": {
								"north": {"uv": [78, 71], "uv_size": [0, 3]},
								"east": {"uv": [23, 101], "uv_size": [-23, 7]},
								"south": {"uv": [88, 71], "uv_size": [0, 3]},
								"west": {"uv": [0, 101], "uv_size": [23, 7]},
								"up": {"uv": [78, 61], "uv_size": [0, 10]},
								"down": {"uv": [78, 71], "uv_size": [0, -10]}
							}
						},
						{
							"origin": [6.22345, 16.50369, 1.73679],
							"size": [2.6006, 3.9006, 3.9006],
							"inflate": 0.001,
							"uv": {
								"north": {"uv": [3, 48], "uv_size": [2, 3]},
								"east": {"uv": [0, 48], "uv_size": [3, 3]},
								"south": {"uv": [8, 48], "uv_size": [2, 3]},
								"west": {"uv": [5, 48], "uv_size": [3, 3]},
								"up": {"uv": [3, 45], "uv_size": [2, 3]},
								"down": {"uv": [5, 48], "uv_size": [2, -3]}
							}
						},
						{
							"origin": [5.57345, 20.07869, -8.01321],
							"size": [3.9006, 1.3006, 16.9006],
							"inflate": 0.001,
							"uv": {
								"north": {"uv": [13, 58], "uv_size": [3, 1]},
								"east": {"uv": [0, 58], "uv_size": [13, 1]},
								"south": {"uv": [29, 58], "uv_size": [3, 1]},
								"west": {"uv": [16, 58], "uv_size": [13, 1]},
								"up": {"uv": [13, 45], "uv_size": [3, 13]},
								"down": {"uv": [16, 58], "uv_size": [3, -13]}
							}
						},
						{
							"origin": [7.92611, 19.22863, 1.73739],
							"size": [1.2994, 1.2994, 3.8994],
							"inflate": -0.001,
							"pivot": [8.57581, 19.87833, 3.68709],
							"rotation": [0, 0, 32.5],
							"uv": {
								"north": {"uv": [3, 55], "uv_size": [1, 1]},
								"east": {"uv": [0, 55], "uv_size": [3, 1]},
								"south": {"uv": [7, 55], "uv_size": [1, 1]},
								"west": {"uv": [4, 55], "uv_size": [3, 1]},
								"up": {"uv": [3, 52], "uv_size": [1, 3]},
								"down": {"uv": [4, 55], "uv_size": [1, -3]}
							}
						},
						{
							"origin": [5.82199, 19.22863, 1.73739],
							"size": [1.2994, 1.2994, 3.8994],
							"inflate": -0.001,
							"pivot": [6.47169, 19.87833, 3.68709],
							"rotation": [0, 0, -32.5],
							"uv": {
								"north": {"uv": [53, 25], "uv_size": [1, 1]},
								"east": {"uv": [50, 25], "uv_size": [3, 1]},
								"south": {"uv": [57, 25], "uv_size": [1, 1]},
								"west": {"uv": [54, 25], "uv_size": [3, 1]},
								"up": {"uv": [53, 22], "uv_size": [1, 3]},
								"down": {"uv": [54, 25], "uv_size": [1, -3]}
							}
						},
						{
							"origin": [5.98615, 19.3383, -1.09071],
							"size": [1.3006, 1.3006, 3.9006],
							"inflate": 0.001,
							"pivot": [7.52375, 19.42333, 0.85959],
							"rotation": [17.06488, 10.58927, -30.90686],
							"uv": {
								"north": {"uv": [19, 36], "uv_size": [1, 1]},
								"east": {"uv": [16, 36], "uv_size": [3, 1]},
								"south": {"uv": [23, 36], "uv_size": [1, 1]},
								"west": {"uv": [20, 36], "uv_size": [3, 1]},
								"up": {"uv": [19, 33], "uv_size": [1, 3]},
								"down": {"uv": [20, 36], "uv_size": [1, -3]}
							}
						},
						{
							"origin": [7.76075, 19.3383, -1.09071],
							"size": [1.3006, 1.3006, 3.9006],
							"inflate": 0.001,
							"pivot": [7.52375, 19.42333, 0.85959],
							"rotation": [17.06488, -10.58927, 30.90686],
							"uv": {
								"north": {"uv": [48, 20], "uv_size": [1, 1]},
								"east": {"uv": [45, 20], "uv_size": [3, 1]},
								"south": {"uv": [52, 20], "uv_size": [1, 1]},
								"west": {"uv": [49, 20], "uv_size": [3, 1]},
								"up": {"uv": [48, 17], "uv_size": [1, 3]},
								"down": {"uv": [49, 20], "uv_size": [1, -3]}
							}
						},
						{
							"origin": [5.57435, 18.94209, -8.04481],
							"size": [3.8988, 1.2988, 7.0188],
							"inflate": -0.002,
							"uv": {
								"north": {"uv": [38, 22], "uv_size": [3, 1]},
								"east": {"uv": [33, 22], "uv_size": [5, 1]},
								"south": {"uv": [46, 22], "uv_size": [3, 1]},
								"west": {"uv": [41, 22], "uv_size": [5, 1]},
								"up": {"uv": [38, 17], "uv_size": [3, 5]},
								"down": {"uv": [41, 22], "uv_size": [3, -5]}
							}
						},
						{
							"origin": [5.57405, 16.47179, -19.71261],
							"size": [3.8994, 2.5994, 14.1694],
							"inflate": -0.001,
							"uv": {
								"north": {"uv": [60, 27], "uv_size": [3, 2]},
								"east": {"uv": [50, 27], "uv_size": [10, 2]},
								"south": {"uv": [73, 27], "uv_size": [3, 2]},
								"west": {"uv": [63, 27], "uv_size": [10, 2]},
								"up": {"uv": [60, 17], "uv_size": [3, 10]},
								"down": {"uv": [63, 27], "uv_size": [3, -10]}
							}
						},
						{
							"origin": [5.57375, 19.03899, -19.71291],
							"size": [3.9, 3.2825, 11.7],
							"uv": {
								"north": {"uv": [9, 42], "uv_size": [3, 2]},
								"east": {"uv": [0, 42], "uv_size": [9, 2]},
								"south": {"uv": [21, 42], "uv_size": [3, 2]},
								"west": {"uv": [12, 42], "uv_size": [9, 2]},
								"up": {"uv": [9, 33], "uv_size": [3, 9]},
								"down": {"uv": [12, 42], "uv_size": [3, -9]}
							}
						},
						{
							"origin": [5.96405, 22.02929, -19.71261],
							"size": [3.1194, 1.2994, 3.8994],
							"inflate": -0.001,
							"uv": {
								"north": {"uv": [36, 11], "uv_size": [3, 1]},
								"east": {"uv": [33, 11], "uv_size": [3, 1]},
								"south": {"uv": [42, 11], "uv_size": [3, 1]},
								"west": {"uv": [39, 11], "uv_size": [3, 1]},
								"up": {"uv": [36, 8], "uv_size": [3, 3]},
								"down": {"uv": [39, 11], "uv_size": [3, -3]}
							}
						},
						{
							"origin": [5.96465, 22.75562, -19.44786],
							"size": [3.1182, 1.2982, 1.2982],
							"inflate": -0.003,
							"pivot": [7.52375, 23.40472, -18.79876],
							"rotation": [-40, 0, 0],
							"uv": {
								"north": {"uv": [1, 40], "uv_size": [3, 1]},
								"east": {"uv": [0, 40], "uv_size": [1, 1]},
								"south": {"uv": [5, 40], "uv_size": [3, 1]},
								"west": {"uv": [4, 40], "uv_size": [1, 1]},
								"up": {"uv": [1, 39], "uv_size": [3, 1]},
								"down": {"uv": [4, 40], "uv_size": [3, -1]}
							}
						},
						{
							"origin": [5.96375, 23.16649, -19.06291],
							"size": [3.12, 2.6, 16.25],
							"uv": {
								"north": {"uv": [58, 58], "uv_size": [3, 2]},
								"east": {"uv": [46, 58], "uv_size": [12, 2]},
								"south": {"uv": [73, 58], "uv_size": [3, 2]},
								"west": {"uv": [61, 58], "uv_size": [12, 2]},
								"up": {"uv": [58, 46], "uv_size": [3, 12]},
								"down": {"uv": [61, 58], "uv_size": [3, -12]}
							}
						},
						{
							"origin": [8.62875, 23.49149, -5.08791],
							"size": [1.3, 1.95, 1.95],
							"uv": {
								"north": {"uv": [9, 46], "uv_size": [1, 1]},
								"east": {"uv": [8, 46], "uv_size": [1, 1]},
								"south": {"uv": [11, 46], "uv_size": [1, 1]},
								"west": {"uv": [10, 46], "uv_size": [1, 1]},
								"up": {"uv": [9, 45], "uv_size": [1, 1]},
								"down": {"uv": [10, 46], "uv_size": [1, -1]}
							}
						},
						{
							"origin": [8.2782, 23.49209, -5.45336],
							"size": [1.2988, 1.9488, 1.9488],
							"inflate": -0.002,
							"pivot": [8.9276, 24.46649, -4.47896],
							"rotation": [0, -25, 0],
							"uv": {
								"north": {"uv": [43, 5], "uv_size": [1, 1]},
								"east": {"uv": [42, 5], "uv_size": [1, 1]},
								"south": {"uv": [45, 5], "uv_size": [1, 1]},
								"west": {"uv": [44, 5], "uv_size": [1, 1]},
								"up": {"uv": [43, 4], "uv_size": [1, 1]},
								"down": {"uv": [44, 5], "uv_size": [1, -1]}
							}
						},
						{
							"origin": [9.05125, 22.51649, -6.38791],
							"size": [0, 1.3, 2.6],
							"uv": {
								"north": {"uv": [35, 19], "uv_size": [0, 1]},
								"east": {"uv": [33, 19], "uv_size": [2, 1]},
								"south": {"uv": [37, 19], "uv_size": [0, 1]},
								"west": {"uv": [35, 19], "uv_size": [2, 1]},
								"up": {"uv": [35, 17], "uv_size": [0, 2]},
								"down": {"uv": [35, 19], "uv_size": [0, -2]}
							}
						},
						{
							"origin": [5.99625, 22.51649, -6.38791],
							"size": [0, 1.3, 2.6],
							"uv": {
								"north": {"uv": [27, 2], "uv_size": [0, 1]},
								"east": {"uv": [25, 2], "uv_size": [2, 1]},
								"south": {"uv": [29, 2], "uv_size": [0, 1]},
								"west": {"uv": [27, 2], "uv_size": [2, 1]},
								"up": {"uv": [27, 0], "uv_size": [0, 2]},
								"down": {"uv": [27, 2], "uv_size": [0, -2]}
							}
						},
						{
							"origin": [6.22465, 21.86739, -15.81201],
							"size": [2.5982, 1.2982, 7.7982],
							"inflate": -0.003,
							"uv": {
								"north": {"uv": [31, 6], "uv_size": [2, 1]},
								"east": {"uv": [25, 6], "uv_size": [6, 1]},
								"south": {"uv": [39, 6], "uv_size": [2, 1]},
								"west": {"uv": [33, 6], "uv_size": [6, 1]},
								"up": {"uv": [31, 0], "uv_size": [2, 6]},
								"down": {"uv": [33, 6], "uv_size": [2, -6]}
							}
						},
						{
							"origin": [5.96405, 25.73429, -19.06261],
							"size": [3.1194, 1.2994, 13.5519],
							"inflate": -0.001,
							"uv": {
								"north": {"uv": [64, 10], "uv_size": [3, 1]},
								"east": {"uv": [54, 10], "uv_size": [10, 1]},
								"south": {"uv": [77, 10], "uv_size": [3, 1]},
								"west": {"uv": [67, 10], "uv_size": [10, 1]},
								"up": {"uv": [64, 0], "uv_size": [3, 10]},
								"down": {"uv": [67, 10], "uv_size": [3, -10]}
							}
						},
						{
							"origin": [5.89905, 14.19679, -20.85011],
							"size": [3.2494, 3.2494, 6.4994],
							"inflate": -0.001,
							"pivot": [7.52375, 15.82149, -16.95041],
							"rotation": [0, 0, 45],
							"uv": {
								"north": {"uv": [74, 42], "uv_size": [3, 3]},
								"east": {"uv": [65, 45], "uv_size": [5, 2]},
								"south": {"uv": [77, 45], "uv_size": [2, 2]},
								"west": {"uv": [72, 45], "uv_size": [5, 2]},
								"up": {"uv": [70, 40], "uv_size": [2, 5]},
								"down": {"uv": [72, 45], "uv_size": [2, -5]}
							}
						},
						{
							"origin": [6.87405, 20.04679, -19.87511],
							"size": [1.2994, 1.2994, 1.2994],
							"inflate": -0.001,
							"pivot": [7.52375, 20.69649, -15.97541],
							"rotation": [0, 0, 45],
							"uv": {
								"north": {"uv": [21, 46], "uv_size": [1, 1]},
								"east": {"uv": [20, 46], "uv_size": [1, 1]},
								"south": {"uv": [23, 46], "uv_size": [1, 1]},
								"west": {"uv": [22, 46], "uv_size": [1, 1]},
								"up": {"uv": [21, 45], "uv_size": [1, 1]},
								"down": {"uv": [22, 46], "uv_size": [1, -1]}
							}
						},
						{
							"origin": [5.57465, 19.18568, -1.32315],
							"size": [3.8982, 1.2982, 3.4107],
							"inflate": -0.003,
							"pivot": [7.52375, 19.83478, -0.51155],
							"rotation": [20, 0, 0],
							"uv": {
								"north": {"uv": [38, 2], "uv_size": [3, 1]},
								"east": {"uv": [36, 2], "uv_size": [2, 1]},
								"south": {"uv": [43, 2], "uv_size": [3, 1]},
								"west": {"uv": [41, 2], "uv_size": [2, 1]},
								"up": {"uv": [38, 0], "uv_size": [3, 2]},
								"down": {"uv": [41, 2], "uv_size": [3, -2]}
							}
						},
						{
							"origin": [6.22435, 16.78444, -0.77295],
							"size": [2.5988, 1.4288, 1.2988],
							"inflate": -0.002,
							"uv": {
								"north": {"uv": [7, 53], "uv_size": [2, 1]},
								"east": {"uv": [6, 53], "uv_size": [1, 1]},
								"south": {"uv": [10, 53], "uv_size": [2, 1]},
								"west": {"uv": [9, 53], "uv_size": [1, 1]},
								"up": {"uv": [7, 52], "uv_size": [2, 1]},
								"down": {"uv": [9, 53], "uv_size": [2, -1]}
							}
						},
						{
							"origin": [6.87435, 16.45944, -3.04795],
							"size": [1.2988, 2.5988, 2.5988],
							"inflate": -0.002,
							"uv": {
								"north": {"uv": [2, 2], "uv_size": [1, 2]},
								"east": {"uv": [0, 2], "uv_size": [2, 2]},
								"south": {"uv": [5, 2], "uv_size": [1, 2]},
								"west": {"uv": [3, 2], "uv_size": [2, 2]},
								"up": {"uv": [2, 0], "uv_size": [1, 2]},
								"down": {"uv": [3, 2], "uv_size": [1, -2]}
							}
						},
						{
							"origin": [6.22405, 15.91538, -0.36746],
							"size": [2.5994, 3.8994, 2.5994],
							"inflate": -0.001,
							"pivot": [7.52375, 17.21508, 0.28224],
							"rotation": [20, 0, 0],
							"uv": {
								"north": {"uv": [2, 35], "uv_size": [2, 3]},
								"east": {"uv": [0, 35], "uv_size": [2, 3]},
								"south": {"uv": [6, 35], "uv_size": [2, 3]},
								"west": {"uv": [4, 35], "uv_size": [2, 3]},
								"up": {"uv": [2, 33], "uv_size": [2, 2]},
								"down": {"uv": [4, 35], "uv_size": [2, -2]}
							}
						},
						{
							"origin": [6.22535, 15.45271, -1.61661],
							"size": [2.5994, 1.2994, 1.6244],
							"inflate": -0.001,
							"pivot": [7.52505, 16.10241, -0.80553],
							"rotation": [20, 0, 0],
							"uv": {
								"north": {"uv": [59, 33], "uv_size": [2, 1]},
								"east": {"uv": [58, 33], "uv_size": [1, 1]},
								"south": {"uv": [62, 33], "uv_size": [2, 1]},
								"west": {"uv": [61, 33], "uv_size": [1, 1]},
								"up": {"uv": [59, 32], "uv_size": [2, 1]},
								"down": {"uv": [61, 33], "uv_size": [2, -1]}
							}
						},
						{
							"origin": [6.22565, 15.32212, -6.27984],
							"size": [2.5988, 1.2988, 1.6238],
							"inflate": -0.002,
							"pivot": [7.52505, 15.97152, -5.46794],
							"rotation": [-45, 0, 0],
							"uv": {
								"north": {"uv": [52, 18], "uv_size": [2, 1]},
								"east": {"uv": [51, 18], "uv_size": [1, 1]},
								"south": {"uv": [55, 18], "uv_size": [2, 1]},
								"west": {"uv": [54, 18], "uv_size": [1, 1]},
								"up": {"uv": [52, 17], "uv_size": [2, 1]},
								"down": {"uv": [54, 18], "uv_size": [2, -1]}
							}
						},
						{
							"origin": [5.57625, 18.44272, -6.18174],
							"size": [3.8976, 1.2976, 1.2976],
							"inflate": -0.004,
							"pivot": [7.52505, 19.09152, -5.69544],
							"rotation": [45, 0, 0],
							"uv": {
								"north": {"uv": [51, 31], "uv_size": [3, 1]},
								"east": {"uv": [50, 31], "uv_size": [1, 1]},
								"south": {"uv": [55, 31], "uv_size": [3, 1]},
								"west": {"uv": [54, 31], "uv_size": [1, 1]},
								"up": {"uv": [51, 30], "uv_size": [3, 1]},
								"down": {"uv": [54, 31], "uv_size": [3, -1]}
							}
						},
						{
							"origin": [6.22345, 15.21383, -14.35076],
							"size": [2.6006, 1.3006, 13.0006],
							"inflate": 0.001,
							"uv": {
								"north": {"uv": [33, 68], "uv_size": [2, 1]},
								"east": {"uv": [23, 68], "uv_size": [10, 1]},
								"south": {"uv": [45, 68], "uv_size": [2, 1]},
								"west": {"uv": [35, 68], "uv_size": [10, 1]},
								"up": {"uv": [33, 58], "uv_size": [2, 10]},
								"down": {"uv": [35, 68], "uv_size": [2, -10]}
							}
						},
						{
							"origin": [6.22345, 13.91383, -14.35076],
							"size": [2.6006, 1.3006, 10.4006],
							"inflate": 0.001,
							"uv": {
								"north": {"uv": [66, 38], "uv_size": [2, 1]},
								"east": {"uv": [58, 38], "uv_size": [8, 1]},
								"south": {"uv": [76, 38], "uv_size": [2, 1]},
								"west": {"uv": [68, 38], "uv_size": [8, 1]},
								"up": {"uv": [66, 30], "uv_size": [2, 8]},
								"down": {"uv": [68, 38], "uv_size": [3, -8]}
							}
						},
						{
							"origin": [6.22435, 14.18451, -4.59856],
							"size": [2.5988, 1.2988, 1.9488],
							"inflate": -0.002,
							"pivot": [7.52375, 14.83391, -3.94916],
							"rotation": [45, 0, 0],
							"uv": {
								"north": {"uv": [1, 6], "uv_size": [2, 1]},
								"east": {"uv": [0, 6], "uv_size": [1, 1]},
								"south": {"uv": [4, 6], "uv_size": [2, 1]},
								"west": {"uv": [3, 6], "uv_size": [1, 1]},
								"up": {"uv": [1, 5], "uv_size": [2, 1]},
								"down": {"uv": [3, 6], "uv_size": [2, -1]}
							}
						},
						{
							"origin": [6.22405, 15.91538, 3.59754],
							"size": [2.5994, 2.5994, 2.5994],
							"inflate": -0.001,
							"pivot": [7.52375, 17.21508, 4.24724],
							"rotation": [20, 0, 0],
							"uv": {
								"north": {"uv": [56, 2], "uv_size": [2, 2]},
								"east": {"uv": [54, 2], "uv_size": [2, 2]},
								"south": {"uv": [60, 2], "uv_size": [2, 2]},
								"west": {"uv": [58, 2], "uv_size": [2, 2]},
								"up": {"uv": [56, 0], "uv_size": [2, 2]},
								"down": {"uv": [58, 2], "uv_size": [2, -2]}
							}
						},
						{
							"origin": [5.57375, 9.88486, 2.47164],
							"size": [3.9, 6.5, 6.5],
							"pivot": [7.52375, 11.05486, 5.55914],
							"rotation": [16.25, 0, 0],
							"uv": {
								"north": {"uv": [53, 66], "uv_size": [3, 5]},
								"east": {"uv": [48, 66], "uv_size": [5, 5]},
								"south": {"uv": [61, 66], "uv_size": [3, 5]},
								"west": {"uv": [56, 66], "uv_size": [5, 5]},
								"up": {"uv": [53, 61], "uv_size": [3, 5]},
								"down": {"uv": [56, 66], "uv_size": [3, -5]}
							}
						},
						{
							"origin": [5.57405, 7.93516, 2.47194],
							"size": [3.8994, 2.5994, 5.1994],
							"inflate": -0.001,
							"pivot": [7.52375, 11.70486, 5.55914],
							"rotation": [8.75, 0, 0],
							"uv": {
								"north": {"uv": [69, 52], "uv_size": [3, 2]},
								"east": {"uv": [65, 52], "uv_size": [4, 2]},
								"south": {"uv": [76, 52], "uv_size": [3, 2]},
								"west": {"uv": [72, 52], "uv_size": [4, 2]},
								"up": {"uv": [69, 48], "uv_size": [3, 4]},
								"down": {"uv": [72, 52], "uv_size": [3, -4]}
							}
						},
						{
							"origin": [5.57565, 15.30725, 1.1028],
							"size": [3.8988, 1.8188, 6.2388],
							"inflate": -0.002,
							"uv": {
								"north": {"uv": [17, 64], "uv_size": [3, 1]},
								"east": {"uv": [13, 64], "uv_size": [4, 1]},
								"south": {"uv": [24, 64], "uv_size": [3, 1]},
								"west": {"uv": [20, 64], "uv_size": [4, 1]},
								"up": {"uv": [17, 60], "uv_size": [3, 4]},
								"down": {"uv": [20, 64], "uv_size": [3, -4]}
							}
						},
						{
							"origin": [5.57755, 8.43208, 7.45747],
							"size": [3.8976, 2.7601, 1.2976],
							"inflate": -0.004,
							"pivot": [7.52635, 9.89338, 8.10627],
							"rotation": [-20.25, 0, 0],
							"uv": {
								"north": {"uv": [17, 39], "uv_size": [3, 2]},
								"east": {"uv": [16, 39], "uv_size": [1, 2]},
								"south": {"uv": [21, 39], "uv_size": [3, 2]},
								"west": {"uv": [20, 39], "uv_size": [1, 2]},
								"up": {"uv": [17, 38], "uv_size": [3, 1]},
								"down": {"uv": [20, 39], "uv_size": [3, -1]}
							}
						}
					]
				},
				{
					"name": "glow",
					"parent": "gun",
					"pivot": [7.97875, 24.46649, -10.93791],
					"cubes": [
						{
							"origin": [8.62875, 23.49149, -3.13531],
							"size": [1.3, 1.95, 0],
							"uv": {
								"north": {"uv": [12, 44], "uv_size": [1, 1]},
								"east": {"uv": [10, 46], "uv_size": [0, 1]},
								"south": {"uv": [11, 46], "uv_size": [1, 1]},
								"west": {"uv": [11, 46], "uv_size": [0, 1]},
								"up": {"uv": [10, 46], "uv_size": [1, 0]},
								"down": {"uv": [11, 46], "uv_size": [1, 0]}
							}
						}
					]
				},
				{
					"name": "image",
					"parent": "gun",
					"pivot": [7.52375, 20.33899, -15.81291],
					"cubes": [
						{
							"origin": [5.57375, 18.38899, -15.81291],
							"size": [3.9, 3.9, 0],
							"uv": {
								"north": {"uv": [0, 69], "uv_size": [3, 3]},
								"east": {"uv": [0, 69], "uv_size": [0, 3]},
								"south": {"uv": [0, 112], "uv_size": [16, 16]},
								"west": {"uv": [3, 69], "uv_size": [0, 3]},
								"up": {"uv": [0, 69], "uv_size": [3, 0]},
								"down": {"uv": [3, 69], "uv_size": [3, 0]}
							}
						}
					]
				},
				{
					"name": "image2",
					"parent": "gun",
					"pivot": [7.52375, 20.33899, -15.81291],
					"cubes": [
						{
							"origin": [5.57375, 18.38899, -15.81291],
							"size": [3.9, 3.9, 0],
							"uv": {
								"north": {"uv": [0, 69], "uv_size": [3, 3]},
								"east": {"uv": [0, 69], "uv_size": [0, 3]},
								"south": {"uv": [17, 112], "uv_size": [16, 16]},
								"west": {"uv": [3, 69], "uv_size": [0, 3]},
								"up": {"uv": [0, 69], "uv_size": [3, 0]},
								"down": {"uv": [3, 69], "uv_size": [3, 0]}
							}
						}
					]
				},
				{
					"name": "image3",
					"parent": "gun",
					"pivot": [7.52375, 20.33899, -15.81291],
					"cubes": [
						{
							"origin": [5.57375, 18.38899, -15.81291],
							"size": [3.9, 3.9, 0],
							"uv": {
								"north": {"uv": [80, 43], "uv_size": [16, 16]},
								"east": {"uv": [0, 69], "uv_size": [0, 3]},
								"south": {"uv": [98, 43], "uv_size": [16, 16]},
								"west": {"uv": [3, 69], "uv_size": [0, 3]},
								"up": {"uv": [0, 69], "uv_size": [3, 0]},
								"down": {"uv": [3, 69], "uv_size": [3, 0]}
							}
						}
					]
				},
				{
					"name": "slide",
					"parent": "gun",
					"pivot": [7.52375, 20.69649, -11.91291],
					"cubes": [
						{
							"origin": [5.54155, 19.03929, -15.81261],
							"size": [3.9644, 3.3144, 7.7994],
							"inflate": -0.001,
							"uv": {
								"north": {"uv": [6, 66], "uv_size": [3, 2]},
								"east": {"uv": [0, 66], "uv_size": [6, 2]},
								"south": {"uv": [15, 66], "uv_size": [3, 2]},
								"west": {"uv": [9, 66], "uv_size": [6, 2]},
								"up": {"uv": [6, 60], "uv_size": [3, 6]},
								"down": {"uv": [9, 66], "uv_size": [3, -6]}
							}
						}
					]
				},
				{
					"name": "armL_mag",
					"parent": "main",
					"pivot": [12.55, 11, 9]
				},
				{
					"name": "leftarm",
					"parent": "armL_mag",
					"pivot": [17.5, 6, 19.15],
					"rotation": [-109.53537, 25.91082, 1.11644],
					"cubes": [
						{"origin": [13.5, -18, 15.15], "size": [8, 24, 8], "uv": [0, 0]}
					]
				},
				{
					"name": "magazine",
					"parent": "armL_mag",
					"pivot": [7.55, 11.95675, 6.13603],
					"cubes": [
						{
							"origin": [5.955, 20.42806, -8.05809],
							"size": [3.19, 2.54, 18.9525],
							"inflate": -0.1,
							"uv": {
								"north": {"uv": [47, 14], "uv_size": [3, 3]},
								"east": {"uv": [33, 14], "uv_size": [14, 3]},
								"south": {"uv": [64, 14], "uv_size": [3, 3]},
								"west": {"uv": [50, 14], "uv_size": [14, 3]},
								"up": {"uv": [47, 0], "uv_size": [3, 14]},
								"down": {"uv": [50, 14], "uv_size": [3, -14]}
							}
						},
						{
							"origin": [5.955, 22.77071, -2.37059],
							"size": [3.19, 0.2, 12.94],
							"inflate": -0.1,
							"uv": {
								"north": {"uv": [67, 19], "uv_size": [0, 0]},
								"east": {"uv": [67, 19], "uv_size": [0, 0]},
								"south": {"uv": [67, 19], "uv_size": [0, 0]},
								"west": {"uv": [67, 19], "uv_size": [0, 0]},
								"up": {"uv": [80, 10], "uv_size": [5, 27]},
								"down": {"uv": [67, 19], "uv_size": [0, 0]}
							}
						}
					]
				},
				{
					"name": "muzzleflash",
					"pivot": [7.55, 20.7, -19.875],
					"cubes": [
						{"origin": [7.05, 20.2, -20.375], "size": [1, 1, 1], "inflate": -0.4, "uv": [20, 51]}
					]
				},
				{
					"name": "scope",
					"pivot": [0, 28.47817, 17.95],
					"rotation": [0, 0, -45],
					"cubes": [
						{"origin": [-0.5, 27.97817, 17.45], "size": [1, 1, 1], "inflate": -0.4, "pivot": [0, 28.47817, 17.95], "rotation": [0, 0, -45], "uv": [20, 51]}
					]
				},
				{
					"name": "_camera_",
					"pivot": [20.5, 36.7, 40]
				}
			]
		}
	]
}