{
    "malorian_arms_fire": {
        "sounds": [
            {
                "name": "pointblank:malorian_arms_fire",
                "stream": false
            }
        ]
    },
    "malorian_arms_fire_alt": {
        "sounds": [
            {
                "name": "pointblank:malorian_arms_fire_alt",
                "stream": false
            }
        ]
    },
    "malorian_arms_draw": {
        "sounds": [
            {
                "name": "pointblank:malorian_arms_draw",
                "stream": false
            }
        ]
    },
    "malorian_arms_flip1": {
        "sounds": [
            {
                "name": "pointblank:malorian_arms_flip1",
                "stream": false
            }
        ]
    },
    "malorian_arms_flip2": {
        "sounds": [
            {
                "name": "pointblank:malorian_arms_flip2",
                "stream": false
            }
        ]
    },
    "malorian_arms_magin": {
        "sounds": [
            {
                "name": "pointblank:malorian_arms_magin",
                "stream": false
            }
        ]
    },
    "malorian_arms_magout": {
        "sounds": [
            {
                "name": "pointblank:malorian_arms_magout",
                "stream": false
            }
        ]
    },
    "malorian_arms_slidedown": {
        "sounds": [
            {
                "name": "pointblank:malorian_arms_slidedown",
                "stream": false
            }
        ]
    },
    "malorian_arms_slideup": {
        "sounds": [
            {
                "name": "pointblank:malorian_arms_slideup",
                "stream": false
            }
        ]
    },
    "liberty_fire": {
        "sounds": [
            {
                "name": "pointblank:liberty_fire",
                "stream": false
            }
        ]
    },
    "liberty_fire_dex": {
        "sounds": [
            {
                "name": "pointblank:liberty_fire_dex",
                "stream": false
            }
        ]
    },
    "liberty_fire_suppressed": {
        "sounds": [
            {
                "name": "pointblank:liberty_fire_suppressed",
                "stream": false
            }
        ]
    },
    "liberty_inspect": {
        "sounds": [
            {
                "name": "pointblank:liberty_inspect",
                "stream": false
            }
        ]
    },
    "liberty_magin": {
        "sounds": [
            {
                "name": "pointblank:liberty_magin",
                "stream": false
            }
        ]
    },
    "unity_fire": {
        "sounds": [
            {
                "name": "pointblank:unity_fire",
                "stream": false
            }
        ]
    },
    "unity_fire_silenced": {
        "sounds": [
            {
                "name": "pointblank:unity_fire_silenced",
                "stream": false
            }
        ]
    },
    "unity_draw": {
        "sounds": [
            {
                "name": "pointblank:unity_draw",
                "stream": false
            }
        ]
    },
    "unity_magin": {
        "sounds": [
            {
                "name": "pointblank:unity_magin",
                "stream": false
            }
        ]
    },
    "unity_magout": {
        "sounds": [
            {
                "name": "pointblank:unity_magout",
                "stream": false
            }
        ]
    },
    "unity_slidedown": {
        "sounds": [
            {
                "name": "pointblank:unity_slidedown",
                "stream": false
            }
        ]
    },
    "unity_slideup": {
        "sounds": [
            {
                "name": "pointblank:unity_slideup",
                "stream": false
            }
        ]
    },
    "unity_charge": {
        "sounds": [
            {
                "name": "pointblank:unity_charge",
                "stream": false
            }
        ]
    },
    "unity_foley": {
        "sounds": [
            {
                "name": "pointblank:unity_foley",
                "stream": false
            }
        ]
    },
    "ajax_draw": {
        "sounds": [
            {
                "name": "pointblank:ajax_draw",
                "stream": false
            }
        ]
    },
    "ajax_inspect1": {
        "sounds": [
            {
                "name": "pointblank:ajax_inspect1",
                "stream": false
            }
        ]
    },
    "ajax_inspect2": {
        "sounds": [
            {
                "name": "pointblank:ajax_inspect2",
                "stream": false
            }
        ]
    },
    "ajax_inspect3": {
        "sounds": [
            {
                "name": "pointblank:ajax_inspect3",
                "stream": false
            }
        ]
    },
    "ajax_fire": {
        "sounds": [
            {
                "name": "pointblank:ajax_fire",
                "stream": false
            }
        ]
    },
    "ajax_fire_suppressed": {
        "sounds": [
            {
                "name": "pointblank:ajax_fire_suppressed",
                "stream": false
            }
        ]
    },
    "ajax_magin": {
        "sounds": [
            {
                "name": "pointblank:ajax_magin",
                "stream": false
            }
        ]
    },
    "ajax_magout": {
        "sounds": [
            {
                "name": "pointblank:ajax_magout",
                "stream": false
            }
        ]
    },
    "ajax_magout2": {
        "sounds": [
            {
                "name": "pointblank:ajax_magout2",
                "stream": false
            }
        ]
    },
    "ajax_pull": {
        "sounds": [
            {
                "name": "pointblank:ajax_pull",
                "stream": false
            }
        ]
    },
    "achilles_mechanics1": {
        "sounds": [
            {
                "name": "pointblank:achilles_mechanics1",
                "stream": false
            }
        ]
    },
    "achilles_mechanics2": {
        "sounds": [
            {
                "name": "pointblank:achilles_mechanics2",
                "stream": false
            }
        ]
    },
    "achilles_mechanics3": {
        "sounds": [
            {
                "name": "pointblank:achilles_mechanics3",
                "stream": false
            }
        ]
    },
    "techgun_charge": {
        "sounds": [
            {
                "name": "pointblank:techgun_charge",
                "stream": false
            }
        ]
    },
    "techgun_charge2": {
        "sounds": [
            {
                "name": "pointblank:techgun_charge2",
                "stream": false
            }
        ]
    },
    "achilles_fire": {
        "sounds": [
            {
                "name": "pointblank:achilles_fire",
                "stream": false
            }
        ]
    },
    
    "achilles_prepare": {
        "sounds": [
            {
                "name": "pointblank:achilles_prepare",
                "stream": false
            }
        ]
    },
    "achilles_magin": {
        "sounds": [
            {
                "name": "pointblank:achilles_magin",
                "stream": false
            }
        ]
    },
    "achilles_magout": {
        "sounds": [
            {
                "name": "pointblank:achilles_magout",
                "stream": false
            }
        ]
    },
    "dian_draw": {
        "sounds": [
            {
                "name": "pointblank:dian_draw",
                "stream": false
            }
        ]
    },
    "dian_fire": {
        "sounds": [
            {
                "name": "pointblank:dian_fire",
                "stream": false
            }
        ]
    },
    "dian_magout": {
        "sounds": [
            {
                "name": "pointblank:dian_magout",
                "stream": false
            }
        ]
    },
    "dian_magin": {
        "sounds": [
            {
                "name": "pointblank:dian_magin",
                "stream": false
            }
        ]
    },
    "dian_load": {
        "sounds": [
            {
                "name": "pointblank:dian_load",
                "stream": false
            }
        ]
    },
    "yukimura_fire": {
        "sounds": [
            {
                "name": "pointblank:yukimura_fire",
                "stream": false
            }
        ]
    },
    "yukimura_magout": {
        "sounds": [
            {
                "name": "pointblank:yukimura_magout",
                "stream": false
            }
        ]
    },
    "yukimura_magin": {
        "sounds": [
            {
                "name": "pointblank:yukimura_magin",
                "stream": false
            }
        ]
    },
    "yukimura_load": {
        "sounds": [
            {
                "name": "pointblank:yukimura_load",
                "stream": false
            }
        ]
    },
    "skippy_dialogue_1": {
        "sounds": [
            {
                "name": "pointblank:skippy_dialogue_1",
                "stream": false
            }
        ]
    },
    "skippy_dialogue_2": {
        "sounds": [
            {
                "name": "pointblank:skippy_dialogue_2",
                "stream": false
            }
        ]
    },
    "skippy_dialogue_3": {
        "sounds": [
            {
                "name": "pointblank:skippy_dialogue_3",
                "stream": false
            }
        ]
    },
    "skippy_dialogue_4": {
        "sounds": [
            {
                "name": "pointblank:skippy_dialogue_4",
                "stream": false
            }
        ]
    },
    "skippy_dialogue_5": {
        "sounds": [
            {
                "name": "pointblank:skippy_dialogue_5",
                "stream": false
            }
        ]
    },
    "skippy_dialogue_6": {
        "sounds": [
            {
                "name": "pointblank:skippy_dialogue_6",
                "stream": false
            }
        ]
    },
    "skippy_dialogue_7": {
        "sounds": [
            {
                "name": "pointblank:skippy_dialogue_7",
                "stream": false
            }
        ]
    },
    "skippy_dialogue_8": {
        "sounds": [
            {
                "name": "pointblank:skippy_dialogue_8",
                "stream": false
            }
        ]
    },
    "skippy_dialogue_9": {
        "sounds": [
            {
                "name": "pointblank:skippy_dialogue_9",
                "stream": false
            }
        ]
    },
    "skippy_dialogue_10": {
        "sounds": [
            {
                "name": "pointblank:skippy_dialogue_10",
                "stream": false
            }
        ]
    },
    "skippy_dialogue_11": {
        "sounds": [
            {
                "name": "pointblank:skippy_dialogue_11",
                "stream": false
            }
        ]
    },
    "skippy_singing": {
        "sounds": [
            {
                "name": "pointblank:skippy_singing",
                "stream": false
            }
        ]
    },
    "erebus_draw": {
        "sounds": [
            {
                "name": "pointblank:erebus_draw",
                "stream": false
            }
        ]
    },
    "erebus_fire": {
        "sounds": [
            {
                "name": "pointblank:erebus_fire",
                "stream": false
            }
        ]
    },
    "erebus_fire_complete": {
        "sounds": [
            {
                "name": "pointblank:erebus_fire_complete",
                "stream": false
            }
        ]
    },
    "erebus_magout": {
        "sounds": [
            {
                "name": "pointblank:erebus_magout",
                "stream": false
            }
        ]
    },
    "erebus_magin": {
        "sounds": [
            {
                "name": "pointblank:erebus_magin",
                "stream": false
            }
        ]
    },
    "erebus_charge": {
        "sounds": [
            {
                "name": "pointblank:erebus_charge",
                "stream": false
            }
        ]
    },
    "blackwall_ai_1": {
        "sounds": [
            {
                "name": "pointblank:blackwall_ai_1",
                "stream": false
            }
        ]
    },
    "blackwall_ai_2": {
        "sounds": [
            {
                "name": "pointblank:blackwall_ai_2",
                "stream": false
            }
        ]
    },
    "blackwall_ai_3": {
        "sounds": [
            {
                "name": "pointblank:blackwall_ai_3",
                "stream": false
            }
        ]
    },
    "blackwall_ai_4": {
        "sounds": [
            {
                "name": "pointblank:blackwall_ai_4",
                "stream": false
            }
        ]
    },
    "blackwall_ai_5": {
        "sounds": [
            {
                "name": "pointblank:blackwall_ai_5",
                "stream": false
            }
        ]
    },
    "blackwall_ai_6": {
        "sounds": [
            {
                "name": "pointblank:blackwall_ai_6",
                "stream": false
            }
        ]
    },
    "blackwall_ai_7": {
        "sounds": [
            {
                "name": "pointblank:blackwall_ai_7",
                "stream": false
            }
        ]
    },
    "blackwall_ai_8": {
        "sounds": [
            {
                "name": "pointblank:blackwall_ai_8",
                "stream": false
            }
        ]
    },
    "blackwall_ai_9": {
        "sounds": [
            {
                "name": "pointblank:blackwall_ai_9",
                "stream": false
            }
        ]
    },
    "blackwall_ai_10": {
        "sounds": [
            {
                "name": "pointblank:blackwall_ai_10",
                "stream": false
            }
        ]
    },
    "nekomata_boltback": {
        "sounds": [
            {
                "name": "pointblank:nekomata_boltback",
                "stream": false
            }
        ]
    },
    "nekomata_boltforward": {
        "sounds": [
            {
                "name": "pointblank:nekomata_boltforward",
                "stream": false
            }
        ]
    },
    "nekomata_magin": {
        "sounds": [
            {
                "name": "pointblank:nekomata_magin",
                "stream": false
            }
        ]
    },
    "nekomata_magout": {
        "sounds": [
            {
                "name": "pointblank:nekomata_magout",
                "stream": false
            }
        ]
    },
    "nekomata_fire": {
        "sounds": [
            {
                "name": "pointblank:nekomata_fire",
                "stream": false
            }
        ]
    },
    "nekomata_draw": {
        "sounds": [
            {
                "name": "pointblank:nekomata_draw",
                "stream": false
            }
        ]
    },
    "nekomata_inspect1": {
        "sounds": [
            {
                "name": "pointblank:nekomata_inspect1",
                "stream": false
            }
        ]
    },
    "nekomata_inspect2": {
        "sounds": [
            {
                "name": "pointblank:nekomata_inspect2",
                "stream": false
            }
        ]
    },
    "carnage_draw": {
        "sounds": [
            {
                "name": "pointblank:carnage_draw",
                "stream": false
            }
        ]
    },
    "carnage_fire": {
        "sounds": [
            {
                "name": "pointblank:carnage_fire",
                "stream": false
            }
        ]
    },
    "carnage_finish": {
        "sounds": [
            {
                "name": "pointblank:carnage_finish",
                "stream": false
            }
        ]
    },
    "carnage_pumpdown": {
        "sounds": [
            {
                "name": "pointblank:carnage_pumpdown",
                "stream": false
            }
        ]
    },
    "carnage_pumpup": {
        "sounds": [
            {
                "name": "pointblank:carnage_pumpup",
                "stream": false
            }
        ]
    },
    "carnage_shellinsert": {
        "sounds": [
            {
                "name": "pointblank:carnage_shellinsert",
                "stream": false
            }
        ]
    },
    "masamune_charge": {
        "sounds": [
            {
                "name": "pointblank:masamune_charge",
                "stream": false
            }
        ]
    },
    "masamune_charge_back": {
        "sounds": [
            {
                "name": "pointblank:masamune_charge_back",
                "stream": false
            }
        ]
    },
    "masamune_charge_forward": {
        "sounds": [
            {
                "name": "pointblank:masamune_charge_forward",
                "stream": false
            }
        ]
    },
    "masamune_draw": {
        "sounds": [
            {
                "name": "pointblank:masamune_draw",
                "stream": false
            }
        ]
    },
    "masamune_fire": {
        "sounds": [
            {
                "name": "pointblank:masamune_fire",
                "stream": false
            }
        ]
    },
    "masamune_fire_complete": {
        "sounds": [
            {
                "name": "pointblank:masamune_fire_complete",
                "stream": false
            }
        ]
    },
    "masamune_fire_suppressed": {
        "sounds": [
            {
                "name": "pointblank:masamune_fire_suppressed",
                "stream": false
            }
        ]
    },
    "masamune_inspect": {
        "sounds": [
            {
                "name": "pointblank:masamune_inspect",
                "stream": false
            }
        ]
    },
    "masamune_magin": {
        "sounds": [
            {
                "name": "pointblank:masamune_magin",
                "stream": false
            }
        ]
    },
    "masamune_magout": {
        "sounds": [
            {
                "name": "pointblank:masamune_magout",
                "stream": false
            }
        ]
    },
    "grad_bolt_back": {
        "sounds": [
            {
                "name": "pointblank:grad_bolt_back",
                "stream": false
            }
        ]
    },
    "grad_bolt_back_empty": {
        "sounds": [
            {
                "name": "pointblank:grad_bolt_back_empty",
                "stream": false
            }
        ]
    },
    "grad_bolt_forward": {
        "sounds": [
            {
                "name": "pointblank:grad_bolt_forward",
                "stream": false
            }
        ]
    },
    "grad_bolt_forward_empty": {
        "sounds": [
            {
                "name": "pointblank:grad_bolt_forward_empty",
                "stream": false
            }
        ]
    },
    "grad_draw": {
        "sounds": [
            {
                "name": "pointblank:grad_draw",
                "stream": false
            }
        ]
    },
    "grad_fire": {
        "sounds": [
            {
                "name": "pointblank:grad_fire",
                "stream": false
            }
        ]
    },
    "grad_fire_suppressed": {
        "sounds": [
            {
                "name": "pointblank:grad_fire_suppressed",
                "stream": false
            }
        ]
    },
    "grad_handle_grab": {
        "sounds": [
            {
                "name": "pointblank:grad_handle_grab",
                "stream": false
            }
        ]
    },
    "grad_inspect": {
        "sounds": [
            {
                "name": "pointblank:grad_inspect",
                "stream": false
            }
        ]
    },
    "grad_mag_click": {
        "sounds": [
            {
                "name": "pointblank:grad_mag_click",
                "stream": false
            }
        ]
    },
    "grad_magin": {
        "sounds": [
            {
                "name": "pointblank:grad_magin",
                "stream": false
            }
        ]
    },
    "grad_magout": {
        "sounds": [
            {
                "name": "pointblank:grad_magout",
                "stream": false
            }
        ]
    },
    "overture_chamber_spin": {
        "sounds": [
            {
                "name": "pointblank:overture_chamber_spin",
                "stream": false
            }
        ]
    },
    "overture_fire": {
        "sounds": [
            {
                "name": "pointblank:overture_fire",
                "stream": false
            }
        ]
    },
    "overture_fire_suppressed": {
        "sounds": [
            {
                "name": "pointblank:overture_fire_suppressed",
                "stream": false
            }
        ]
    },
    "overture_eject": {
        "sounds": [
            {
                "name": "pointblank:overture_eject",
                "stream": false
            }
        ]
    },
    "overture_finish": {
        "sounds": [
            {
                "name": "pointblank:overture_finish",
                "stream": false
            }
        ]
    },
    "overture_inspect1": {
        "sounds": [
            {
                "name": "pointblank:overture_inspect1",
                "stream": false
            }
        ]
    },
    "overture_inspect2": {
        "sounds": [
            {
                "name": "pointblank:overture_inspect2",
                "stream": false
            }
        ]
    },
    "overture_inspect3": {
        "sounds": [
            {
                "name": "pointblank:overture_inspect3",
                "stream": false
            }
        ]
    },
    "overture_load": {
        "sounds": [
            {
                "name": "pointblank:overture_load",
                "stream": false
            }
        ]
    },
    "overture_open": {
        "sounds": [
            {
                "name": "pointblank:overture_open",
                "stream": false
            }
        ]
    },
    "rasetsu_charge": {
        "sounds": [
            {
                "name": "pointblank:rasetsu_charge",
                "stream": false
            }
        ]
    },
    "rasetsu_draw": {
        "sounds": [
            {
                "name": "pointblank:rasetsu_draw",
                "stream": false
            }
        ]
    },
    "rasetsu_finish": {
        "sounds": [
            {
                "name": "pointblank:rasetsu_finish",
                "stream": false
            }
        ]
    },
    "rasetsu_fire": {
        "sounds": [
            {
                "name": "pointblank:rasetsu_fire",
                "stream": false
            }
        ]
    },
    "rasetsu_fire_suppressed": {
        "sounds": [
            {
                "name": "pointblank:rasetsu_fire_suppressed",
                "stream": false
            }
        ]
    },
    "rasetsu_inspect": {
        "sounds": [
            {
                "name": "pointblank:rasetsu_inspect",
                "stream": false
            }
        ]
    },
    "rasetsu_magin": {
        "sounds": [
            {
                "name": "pointblank:rasetsu_magin",
                "stream": false
            }
        ]
    },
    "rasetsu_magin_slam": {
        "sounds": [
            {
                "name": "pointblank:rasetsu_magin_slam",
                "stream": false
            }
        ]
    },
    "rasetsu_magout": {
        "sounds": [
            {
                "name": "pointblank:rasetsu_magout",
                "stream": false
            }
        ]
    },
    "rasetsu_prepare": {
        "sounds": [
            {
                "name": "pointblank:rasetsu_prepare",
                "stream": false
            }
        ]
    },
    "lexington_draw": {
        "sounds": [
            {
                "name": "pointblank:lexington_draw",
                "stream": false
            }
        ]
    },
    "lexington_draw2": {
        "sounds": [
            {
                "name": "pointblank:lexington_draw2",
                "stream": false
            }
        ]
    },
    "lexington_draw3": {
        "sounds": [
            {
                "name": "pointblank:lexington_draw3",
                "stream": false
            }
        ]
    },
    "lexington_finish": {
        "sounds": [
            {
                "name": "pointblank:lexington_finish",
                "stream": false
            }
        ]
    },
    "lexington_inspect": {
        "sounds": [
            {
                "name": "pointblank:lexington_inspect",
                "stream": false
            }
        ]
    },
    "lexington_fire": {
        "sounds": [
            {
                "name": "pointblank:lexington_fire",
                "stream": false
            }
        ]
    },
    "lexington_fire_suppressed": {
        "sounds": [
            {
                "name": "pointblank:lexington_fire_suppressed",
                "stream": false
            }
        ]
    },
    "lexington_magin": {
        "sounds": [
            {
                "name": "pointblank:lexington_magin",
                "stream": false
            }
        ]
    },
    "lexington_magout": {
        "sounds": [
            {
                "name": "pointblank:lexington_magout",
                "stream": false
            }
        ]
    },
    "lexington_magtap": {
        "sounds": [
            {
                "name": "pointblank:lexington_magtap",
                "stream": false
            }
        ]
    },
    "ar_lexington_finish": {
        "sounds": [
            {
                "name": "pointblank:ar_lexington_finish",
                "stream": false
            }
        ]
    },
    "ar_lexington_inspect": {
        "sounds": [
            {
                "name": "pointblank:ar_lexington_inspect",
                "stream": false
            }
        ]
    },
    "ar_lexington_fire": {
        "sounds": [
            {
                "name": "pointblank:ar_lexington_fire",
                "stream": false
            }
        ]
    },
    "ar_lexington_magin": {
        "sounds": [
            {
                "name": "pointblank:ar_lexington_magin",
                "stream": false
            }
        ]
    },
    "ar_lexington_magout": {
        "sounds": [
            {
                "name": "pointblank:ar_lexington_magout",
                "stream": false
            }
        ]
    },
    "metel_draw": {
        "sounds":[
            {
                "name": "pointblank:metel_draw",
                "stream": false
            }
        ]
    },
    "metel_draw2": {
        "sounds":[
            {
                "name": "pointblank:metel_draw2",
                "stream": false
            }
        ]
    },
    "metel_finish": {
        "sounds":[
            {
                "name": "pointblank:metel_finish",
                "stream": false
            }
        ]
    },
    "metel_fire": {
        "sounds":[
            {
                "name": "pointblank:metel_fire",
                "stream": false
            }
        ]
    },
    "metel_inspect": {
        "sounds":[
            {
                "name": "pointblank:metel_inspect",
                "stream": false
            }
        ]
    },
    "metel_magclip": {
        "sounds":[
            {
                "name": "pointblank:metel_magclip",
                "stream": false
            }
        ]
    },
    "metel_magin": {
        "sounds":[
            {
                "name": "pointblank:metel_magin",
                "stream": false
            }
        ]
    },
    "metel_magin2": {
        "sounds":[
            {
                "name": "pointblank:metel_magin2",
                "stream": false
            }
        ]
    },
    "metel_magout": {
        "sounds":[
            {
                "name": "pointblank:metel_magout",
                "stream": false
            }
        ]
    },
    "tomahawk_draw": {
        "sounds":[
            {
                "name": "pointblank:tomahawk_draw",
                "stream": false
            }
        ]
    },
    "tomahawk_inspect1": {
        "sounds":[
            {
                "name": "pointblank:tomahawk_inspect1",
                "stream": false
            }
        ]
    },
    "tomahawk_inspect2": {
        "sounds":[
            {
                "name": "pointblank:tomahawk_inspect2",
                "stream": false
            }
        ]
    },
    "tomahawk_prepareswing": {
        "sounds":[
            {
                "name": "pointblank:tomahawk_prepareswing",
                "stream": false
            }
        ]
    },
    "tomahawk_preparethrow": {
        "sounds":[
            {
                "name": "pointblank:tomahawk_preparethrow",
                "stream": false
            }
        ]
    },
    "tomahawk_swing": {
        "sounds":[
            {
                "name": "pointblank:tomahawk_swing1",
                "stream": false
            },
            {
                "name": "pointblank:tomahawk_swing2",
                "stream": false
            },
            {
                "name": "pointblank:tomahawk_swing3",
                "stream": false
            }
        ]
    },
    "tomahawk_swing1": {
        "sounds":[
            {
                "name": "pointblank:tomahawk_swing1",
                "stream": false
            }
        ]
    },
    "tomahawk_swing2": {
        "sounds":[
            {
                "name": "pointblank:tomahawk_swing2",
                "stream": false
            }
        ]
    },
    "tomahawk_swing3": {
        "sounds":[
            {
                "name": "pointblank:tomahawk_swing3",
                "stream": false
            }
        ]
    },
    "tomahawk_throw": {
        "sounds":[
            {
                "name": "pointblank:tomahawk_throw",
                "stream": false
            }
        ]
    },
    "knife_draw": {
        "sounds":[
            {
                "name": "pointblank:knife_draw",
                "stream": false
            }
        ]
    },
    "knife_inspect": {
        "sounds":[
            {
                "name": "pointblank:knife_inspect",
                "stream": false
            }
        ]
    },
    "knife_prepareswing": {
        "sounds":[
            {
                "name": "pointblank:knife_prepareswing",
                "stream": false
            }
        ]
    },
    "knife_preparethrow": {
        "sounds":[
            {
                "name": "pointblank:knife_preparethrow",
                "stream": false
            }
        ]
    },
    "knife_swing": {
        "sounds":[
            {
                "name": "pointblank:knife_swing1",
                "stream": false
            },
            {
                "name": "pointblank:knife_swing2",
                "stream": false
            },
            {
                "name": "pointblank:knife_swing3",
                "stream": false
            }
        ]
    },
    "knife_swing1": {
        "sounds":[
            {
                "name": "pointblank:knife_swing1",
                "stream": false
            }
        ]
    },
    "knife_swing2": {
        "sounds":[
            {
                "name": "pointblank:knife_swing2",
                "stream": false
            }
        ]
    },
    "knife_swing3": {
        "sounds":[
            {
                "name": "pointblank:knife_swing3",
                "stream": false
            }
        ]
    },
    "knife_throw1": {
        "sounds":[
            {
                "name": "pointblank:knife_throw1",
                "stream": false
            }
        ]
    },
    "knife_throw2": {
        "sounds":[
            {
                "name": "pointblank:knife_throw2",
                "stream": false
            }
        ]
    },
    "defender_charge": {
        "sounds":[
            {
                "name": "pointblank:defender_charge",
                "stream": false
            }
        ]
    },
    "defender_draw": {
        "sounds":[
            {
                "name": "pointblank:defender_draw",
                "stream": false
            }
        ]
    },
    "defender_fire": {
        "sounds":[
            {
                "name": "pointblank:defender_fire",
                "stream": false
            }
        ]
    },
    "defender_fire_suppressed": {
        "sounds":[
            {
                "name": "pointblank:defender_fire_suppressed",
                "stream": false
            }
        ]
    },
    "defender_magin": {
        "sounds":[
            {
                "name": "pointblank:defender_magin",
                "stream": false
            }
        ]
    },
    "defender_magout": {
        "sounds":[
            {
                "name": "pointblank:defender_magout",
                "stream": false
            }
        ]
    },
    "defender_move1": {
        "sounds":[
            {
                "name": "pointblank:defender_move1",
                "stream": false
            }
        ]
    },
    "defender_move2": {
        "sounds":[
            {
                "name": "pointblank:defender_move2",
                "stream": false
            }
        ]
    },
    "kolac_charge": {
        "sounds":[
            {
                "name": "pointblank:kolac_charge",
                "stream": false
            }
        ]
    },
    "kolac_finish": {
        "sounds":[
            {
                "name": "pointblank:kolac_finish",
                "stream": false
            }
        ]
    },
    "kolac_fire": {
        "sounds":[
            {
                "name": "pointblank:kolac_fire",
                "stream": false
            }
        ]
    },
    "kolac_fire_suppressed": {
        "sounds":[
            {
                "name": "pointblank:kolac_fire_suppressed",
                "stream": false
            }
        ]
    },
    "kolac_inspect1": {
        "sounds":[
            {
                "name": "pointblank:kolac_inspect1",
                "stream": false
            }
        ]
    },
    "kolac_inspect2": {
        "sounds":[
            {
                "name": "pointblank:kolac_inspect2",
                "stream": false
            }
        ]
    },
    "kolac_magin1": {
        "sounds":[
            {
                "name": "pointblank:kolac_magin1",
                "stream": false
            }
        ]
    },
    "kolac_magin2": {
        "sounds":[
            {
                "name": "pointblank:kolac_magin2",
                "stream": false
            }
        ]
    },
    "kolac_magout1": {
        "sounds":[
            {
                "name": "pointblank:kolac_magout1",
                "stream": false
            }
        ]
    },
    "kolac_magout2": {
        "sounds":[
            {
                "name": "pointblank:kolac_magout2",
                "stream": false
            }
        ]
    },
    "kolac_move1": {
        "sounds":[
            {
                "name": "pointblank:kolac_move1",
                "stream": false
            }
        ]
    },
    "kolac_move2": {
        "sounds":[
            {
                "name": "pointblank:kolac_move2",
                "stream": false
            }
        ]
    },
    "senkoh_charge": {
        "sounds":[
            {
                "name": "pointblank:senkoh_charge",
                "stream": false
            }
        ]
    },
    "senkoh_draw1": {
        "sounds":[
            {
                "name": "pointblank:senkoh_draw1",
                "stream": false
            }
        ]
    },
    "senkoh_draw2": {
        "sounds":[
            {
                "name": "pointblank:senkoh_draw2",
                "stream": false
            }
        ]
    },
    "senkoh_finish": {
        "sounds":[
            {
                "name": "pointblank:senkoh_finish",
                "stream": false
            }
        ]
    },
    "senkoh_fire": {
        "sounds":[
            {
                "name": "pointblank:senkoh_fire",
                "stream": false
            }
        ]
    },
    "senkoh_isnpect1": {
        "sounds":[
            {
                "name": "pointblank:senkoh_inspect1",
                "stream": false
            }
        ]
    },
    "senkoh_inspect2": {
        "sounds":[
            {
                "name": "pointblank:senkoh_inspect2",
                "stream": false
            }
        ]
    },
    "senkoh_inspect3": {
        "sounds":[
            {
                "name": "pointblank:senkoh_inspect3",
                "stream": false
            }
        ]
    },
    "senkoh_magflip": {
        "sounds":[
            {
                "name": "pointblank:senkoh_magflip",
                "stream": false
            }
        ]
    },
    "senkoh_magin1": {
        "sounds":[
            {
                "name": "pointblank:senkoh_magin1",
                "stream": false
            }
        ]
    },
    "senkoh_magin2": {
        "sounds":[
            {
                "name": "pointblank:senkoh_magin2",
                "stream": false
            }
        ]
    },
    "senkoh_magout1": {
        "sounds":[
            {
                "name": "pointblank:senkoh_magout1",
                "stream": false
            }
        ]
    },
    "senkoh_magout2": {
        "sounds":[
            {
                "name": "pointblank:senkoh_magout2",
                "stream": false
            }
        ]
    },
    "katana_draw": {
        "sounds":[
            {
                "name": "pointblank:katana_draw",
                "stream": false
            }
        ]
    },
    "katana_inspect": {
        "sounds":[
            {
                "name": "pointblank:katana_inspect",
                "stream": false
            }
        ]
    },
    "katana_prepareswing": {
        "sounds":[
            {
                "name": "pointblank:katana_prepareswing",
                "stream": false
            }
        ]
    },
    "katana_swing": {
        "sounds":[
            {
                "name": "pointblank:katana_swing1",
                "stream": false
            },
            {
                "name": "pointblank:katana_swing2",
                "stream": false
            },
            {
                "name": "pointblank:katana_swing3",
                "stream": false
            }
        ]
    },
    "katana_swing1": {
        "sounds":[
            {
                "name": "pointblank:katana_swing1",
                "stream": false
            }
        ]
    },
    "katana_swing2": {
        "sounds":[
            {
                "name": "pointblank:katana_swing2",
                "stream": false
            }
        ]
    },
    "katana_swing3": {
        "sounds":[
            {
                "name": "pointblank:katana_swing3",
                "stream": false
            }
        ]
    },
    "slaughtomatic_draw": {
        "sounds":[
            {
                "name": "pointblank:slaughtomatic_draw",
                "stream": false
            }
        ]
    },
    "slaughtomatic_fire": {
        "sounds":[
            {
                "name": "pointblank:slaughtomatic_fire",
                "stream": false
            }
        ]
    },
    "slaughtomatic_reload": {
        "sounds":[
            {
                "name": "pointblank:slaughtomatic_reload",
                "stream": false
            }
        ]
    },
    "slaughtomatic_toss": {
        "sounds":[
            {
                "name": "pointblank:slaughtomatic_toss",
                "stream": false
            }
        ]
    },
    "grit_charge": {
        "sounds":[
            {
                "name": "pointblank:grit_charge",
                "stream": false
            }
        ]
    },
    "grit_charge2": {
        "sounds":[
            {
                "name": "pointblank:grit_charge2",
                "stream": false
            }
        ]
    },
    "grit_draw": {
        "sounds":[
            {
                "name": "pointblank:grit_draw",
                "stream": false
            }
        ]
    },
    "grit_fire": {
        "sounds":[
            {
                "name": "pointblank:grit_fire",
                "stream": false
            }
        ]
    },
    "grit_inspect": {
        "sounds":[
            {
                "name": "pointblank:grit_inspect",
                "stream": false
            }
        ]
    },
    "grit_inspect2": {
        "sounds":[
            {
                "name": "pointblank:grit_inspect2",
                "stream": false
            }
        ]
    },
    "grit_inspect3": {
        "sounds":[
            {
                "name": "pointblank:grit_inspect3",
                "stream": false
            }
        ]
    },
    "grit_magin": {
        "sounds":[
            {
                "name": "pointblank:grit_magin",
                "stream": false
            }
        ]
    },
    "grit_maginbeep": {
        "sounds":[
            {
                "name": "pointblank:grit_maginbeep",
                "stream": false
            }
        ]
    },
    "grit_magout": {
        "sounds":[
            {
                "name": "pointblank:grit_magout",
                "stream": false
            }
        ]
    }
}
