{
	"format_version": "1.12.0",
	"minecraft:geometry": [
		{
			"description": {
				"identifier": "geometry.unknown",
				"texture_width": 128,
				"texture_height": 128,
				"visible_bounds_width": 9,
				"visible_bounds_height": 5,
				"visible_bounds_offset": [0, 0.5, 0]
			},
			"bones": [
				{
					"name": "main",
					"pivot": [0, 20, 0]
				},
				{
					"name": "gun",
					"parent": "main",
					"pivot": [1, 11, -1]
				},
				{
					"name": "handguard",
					"parent": "gun",
					"pivot": [-0.9, 23.9, -52.65],
					"cubes": [
						{
							"origin": [1.55, 20.6, -46.25],
							"size": [0.5, 0.2, 19],
							"pivot": [2.3, 20.8, -40.35],
							"rotation": [-2, 0, 0],
							"uv": {
								"north": {"uv": [99, 20], "uv_size": [4, 2]},
								"east": {"uv": [99, 20], "uv_size": [4, 2]},
								"south": {"uv": [99, 20], "uv_size": [4, 2]},
								"west": {"uv": [99, 20], "uv_size": [4, 2]},
								"up": {"uv": [103, 22], "uv_size": [-4, -2]},
								"down": {"uv": [103, 22], "uv_size": [-4, -2]}
							}
						},
						{
							"origin": [1.55, 20.2, -46.25],
							"size": [0.5, 0.2, 19],
							"pivot": [2.3, 20.4, -40.35],
							"rotation": [-2, 0, 0],
							"uv": {
								"north": {"uv": [99, 20], "uv_size": [4, 2]},
								"east": {"uv": [99, 20], "uv_size": [4, 2]},
								"south": {"uv": [99, 20], "uv_size": [4, 2]},
								"west": {"uv": [99, 20], "uv_size": [4, 2]},
								"up": {"uv": [103, 22], "uv_size": [-4, -2]},
								"down": {"uv": [103, 22], "uv_size": [-4, -2]}
							}
						},
						{
							"origin": [1.55, 19.8, -32.05],
							"size": [0.5, 0.2, 4.8],
							"pivot": [2.3, 20, -40.35],
							"rotation": [-2, 0, 0],
							"uv": {
								"north": {"uv": [99, 20], "uv_size": [4, 2]},
								"east": {"uv": [99, 20], "uv_size": [4, 2]},
								"south": {"uv": [99, 20], "uv_size": [4, 2]},
								"west": {"uv": [99, 20], "uv_size": [4, 2]},
								"up": {"uv": [103, 22], "uv_size": [-4, -2]},
								"down": {"uv": [103, 22], "uv_size": [-4, -2]}
							}
						},
						{
							"origin": [-1.85, 19.8, -32.05],
							"size": [0.5, 0.2, 4.8],
							"pivot": [-1.1, 20, -40.35],
							"rotation": [-2, 0, 0],
							"uv": {
								"north": {"uv": [99, 20], "uv_size": [4, 2]},
								"east": {"uv": [99, 20], "uv_size": [4, 2]},
								"south": {"uv": [99, 20], "uv_size": [4, 2]},
								"west": {"uv": [99, 20], "uv_size": [4, 2]},
								"up": {"uv": [103, 22], "uv_size": [-4, -2]},
								"down": {"uv": [103, 22], "uv_size": [-4, -2]}
							}
						},
						{
							"origin": [1.55, 21, -46.25],
							"size": [0.5, 0.2, 19],
							"pivot": [2.3, 21.2, -40.35],
							"rotation": [-2, 0, 0],
							"uv": {
								"north": {"uv": [99, 20], "uv_size": [4, 2]},
								"east": {"uv": [99, 20], "uv_size": [4, 2]},
								"south": {"uv": [99, 20], "uv_size": [4, 2]},
								"west": {"uv": [99, 20], "uv_size": [4, 2]},
								"up": {"uv": [103, 22], "uv_size": [-4, -2]},
								"down": {"uv": [103, 22], "uv_size": [-4, -2]}
							}
						},
						{
							"origin": [1.55, 21.4, -46.25],
							"size": [0.5, 0.2, 19],
							"pivot": [2.3, 21.6, -40.35],
							"rotation": [-2, 0, 0],
							"uv": {
								"north": {"uv": [99, 20], "uv_size": [4, 2]},
								"east": {"uv": [99, 20], "uv_size": [4, 2]},
								"south": {"uv": [99, 20], "uv_size": [4, 2]},
								"west": {"uv": [99, 20], "uv_size": [4, 2]},
								"up": {"uv": [103, 22], "uv_size": [-4, -2]},
								"down": {"uv": [103, 22], "uv_size": [-4, -2]}
							}
						},
						{
							"origin": [1.55, 21.8, -46.25],
							"size": [0.5, 0.2, 19],
							"pivot": [2.3, 22, -40.35],
							"rotation": [-1, 0, 0],
							"uv": {
								"north": {"uv": [99, 20], "uv_size": [4, 2]},
								"east": {"uv": [99, 20], "uv_size": [4, 2]},
								"south": {"uv": [99, 20], "uv_size": [4, 2]},
								"west": {"uv": [99, 20], "uv_size": [4, 2]},
								"up": {"uv": [103, 22], "uv_size": [-4, -2]},
								"down": {"uv": [103, 22], "uv_size": [-4, -2]}
							}
						},
						{
							"origin": [1.55, 22.6, -46.25],
							"size": [0.5, 0.2, 19],
							"pivot": [2.3, 22.8, -40.35],
							"rotation": [-1, 0, 0],
							"uv": {
								"north": {"uv": [99, 20], "uv_size": [4, 2]},
								"east": {"uv": [99, 20], "uv_size": [4, 2]},
								"south": {"uv": [99, 20], "uv_size": [4, 2]},
								"west": {"uv": [99, 20], "uv_size": [4, 2]},
								"up": {"uv": [103, 22], "uv_size": [-4, -2]},
								"down": {"uv": [103, 22], "uv_size": [-4, -2]}
							}
						},
						{
							"origin": [1.55, 23.1, -46.25],
							"size": [0.5, 0.2, 19],
							"uv": {
								"north": {"uv": [99, 20], "uv_size": [4, 2]},
								"east": {"uv": [99, 20], "uv_size": [4, 2]},
								"south": {"uv": [99, 20], "uv_size": [4, 2]},
								"west": {"uv": [99, 20], "uv_size": [4, 2]},
								"up": {"uv": [103, 22], "uv_size": [-4, -2]},
								"down": {"uv": [103, 22], "uv_size": [-4, -2]}
							}
						},
						{
							"origin": [1.65, 21.3, -44.75],
							"size": [0.5, 1.8, 0.2],
							"uv": {
								"north": {"uv": [99, 20], "uv_size": [4, 2]},
								"east": {"uv": [99, 20], "uv_size": [4, 2]},
								"south": {"uv": [99, 20], "uv_size": [4, 2]},
								"west": {"uv": [99, 20], "uv_size": [4, 2]},
								"up": {"uv": [103, 22], "uv_size": [-4, -2]},
								"down": {"uv": [103, 22], "uv_size": [-4, -2]}
							}
						},
						{
							"origin": [1.65, 23.1, -44.75],
							"size": [0.5, 0.2, 2.2],
							"uv": {
								"north": {"uv": [99, 20], "uv_size": [4, 2]},
								"east": {"uv": [99, 20], "uv_size": [4, 2]},
								"south": {"uv": [99, 20], "uv_size": [4, 2]},
								"west": {"uv": [99, 20], "uv_size": [4, 2]},
								"up": {"uv": [103, 22], "uv_size": [-4, -2]},
								"down": {"uv": [103, 22], "uv_size": [-4, -2]}
							}
						},
						{
							"origin": [1.65, 21.3, -44.25],
							"size": [0.5, 1.8, 0.2],
							"uv": {
								"north": {"uv": [99, 20], "uv_size": [4, 2]},
								"east": {"uv": [99, 20], "uv_size": [4, 2]},
								"south": {"uv": [99, 20], "uv_size": [4, 2]},
								"west": {"uv": [99, 20], "uv_size": [4, 2]},
								"up": {"uv": [103, 22], "uv_size": [-4, -2]},
								"down": {"uv": [103, 22], "uv_size": [-4, -2]}
							}
						},
						{
							"origin": [1.65, 21.3, -43.25],
							"size": [0.5, 1.8, 0.2],
							"uv": {
								"north": {"uv": [99, 20], "uv_size": [4, 2]},
								"east": {"uv": [99, 20], "uv_size": [4, 2]},
								"south": {"uv": [99, 20], "uv_size": [4, 2]},
								"west": {"uv": [99, 20], "uv_size": [4, 2]},
								"up": {"uv": [103, 22], "uv_size": [-4, -2]},
								"down": {"uv": [103, 22], "uv_size": [-4, -2]}
							}
						},
						{
							"origin": [1.65, 21.3, -43.75],
							"size": [0.5, 1.8, 0.2],
							"uv": {
								"north": {"uv": [99, 20], "uv_size": [4, 2]},
								"east": {"uv": [99, 20], "uv_size": [4, 2]},
								"south": {"uv": [99, 20], "uv_size": [4, 2]},
								"west": {"uv": [99, 20], "uv_size": [4, 2]},
								"up": {"uv": [103, 22], "uv_size": [-4, -2]},
								"down": {"uv": [103, 22], "uv_size": [-4, -2]}
							}
						},
						{
							"origin": [1.65, 21.3, -42.75],
							"size": [0.5, 1.8, 0.2],
							"uv": {
								"north": {"uv": [99, 20], "uv_size": [4, 2]},
								"east": {"uv": [99, 20], "uv_size": [4, 2]},
								"south": {"uv": [99, 20], "uv_size": [4, 2]},
								"west": {"uv": [99, 20], "uv_size": [4, 2]},
								"up": {"uv": [103, 22], "uv_size": [-4, -2]},
								"down": {"uv": [103, 22], "uv_size": [-4, -2]}
							}
						},
						{
							"origin": [1.55, 22.2, -46.25],
							"size": [0.5, 0.2, 19],
							"pivot": [2.3, 22.4, -40.35],
							"rotation": [-1, 0, 0],
							"uv": {
								"north": {"uv": [99, 20], "uv_size": [4, 2]},
								"east": {"uv": [99, 20], "uv_size": [4, 2]},
								"south": {"uv": [99, 20], "uv_size": [4, 2]},
								"west": {"uv": [99, 20], "uv_size": [4, 2]},
								"up": {"uv": [103, 22], "uv_size": [-4, -2]},
								"down": {"uv": [103, 22], "uv_size": [-4, -2]}
							}
						},
						{
							"origin": [-1.65, 23.8, -46.35],
							"size": [0.5, 2.5, 15.8],
							"uv": {
								"north": {"uv": [82, 20], "uv_size": [5, 4]},
								"east": {"uv": [82, 20], "uv_size": [5, 4]},
								"south": {"uv": [82, 20], "uv_size": [5, 4]},
								"west": {"uv": [82, 20], "uv_size": [5, 4]},
								"up": {"uv": [87, 24], "uv_size": [-5, -4]},
								"down": {"uv": [87, 24], "uv_size": [-5, -4]}
							}
						},
						{
							"origin": [1.35, 23.8, -46.35],
							"size": [0.5, 2.5, 15.8],
							"uv": {
								"north": {"uv": [82, 20], "uv_size": [5, 4]},
								"east": {"uv": [82, 20], "uv_size": [5, 4]},
								"south": {"uv": [82, 20], "uv_size": [5, 4]},
								"west": {"uv": [82, 20], "uv_size": [5, 4]},
								"up": {"uv": [87, 24], "uv_size": [-5, -4]},
								"down": {"uv": [87, 24], "uv_size": [-5, -4]}
							}
						},
						{
							"origin": [1.8, 23.9, -42.35],
							"size": [0.1, 2.43, 0.2],
							"uv": {
								"north": {"uv": [99, 20], "uv_size": [4, 2]},
								"east": {"uv": [99, 20], "uv_size": [4, 2]},
								"south": {"uv": [99, 20], "uv_size": [4, 2]},
								"west": {"uv": [99, 20], "uv_size": [4, 2]},
								"up": {"uv": [103, 22], "uv_size": [-4, -2]},
								"down": {"uv": [103, 22], "uv_size": [-4, -2]}
							}
						},
						{
							"origin": [1.8, 23.9, -36.35],
							"size": [0.1, 2.43, 0.2],
							"uv": {
								"north": {"uv": [99, 20], "uv_size": [4, 2]},
								"east": {"uv": [99, 20], "uv_size": [4, 2]},
								"south": {"uv": [99, 20], "uv_size": [4, 2]},
								"west": {"uv": [99, 20], "uv_size": [4, 2]},
								"up": {"uv": [103, 22], "uv_size": [-4, -2]},
								"down": {"uv": [103, 22], "uv_size": [-4, -2]}
							}
						},
						{
							"origin": [-1.7, 23.9, -36.35],
							"size": [0.1, 2.4, 0.2],
							"uv": {
								"north": {"uv": [99, 20], "uv_size": [4, 2]},
								"east": {"uv": [99, 20], "uv_size": [4, 2]},
								"south": {"uv": [99, 20], "uv_size": [4, 2]},
								"west": {"uv": [99, 20], "uv_size": [4, 2]},
								"up": {"uv": [103, 22], "uv_size": [-4, -2]},
								"down": {"uv": [103, 22], "uv_size": [-4, -2]}
							}
						},
						{
							"origin": [-1.7, 23.9, -42.35],
							"size": [0.1, 2.4, 0.2],
							"uv": {
								"north": {"uv": [99, 20], "uv_size": [4, 2]},
								"east": {"uv": [99, 20], "uv_size": [4, 2]},
								"south": {"uv": [99, 20], "uv_size": [4, 2]},
								"west": {"uv": [99, 20], "uv_size": [4, 2]},
								"up": {"uv": [103, 22], "uv_size": [-4, -2]},
								"down": {"uv": [103, 22], "uv_size": [-4, -2]}
							}
						},
						{
							"origin": [1.35, 23.7, -46.75],
							"size": [0.5, 2.6, 0.4],
							"uv": {
								"north": {"uv": [99, 20], "uv_size": [4, 2]},
								"east": {"uv": [99, 20], "uv_size": [4, 2]},
								"south": {"uv": [99, 20], "uv_size": [4, 2]},
								"west": {"uv": [99, 20], "uv_size": [4, 2]},
								"up": {"uv": [103, 22], "uv_size": [-4, -2]},
								"down": {"uv": [103, 22], "uv_size": [-4, -2]}
							}
						},
						{
							"origin": [-1.65, 23.7, -46.75],
							"size": [0.5, 2.6, 0.4],
							"uv": {
								"north": {"uv": [99, 20], "uv_size": [4, 2]},
								"east": {"uv": [99, 20], "uv_size": [4, 2]},
								"south": {"uv": [99, 20], "uv_size": [4, 2]},
								"west": {"uv": [99, 20], "uv_size": [4, 2]},
								"up": {"uv": [103, 22], "uv_size": [-4, -2]},
								"down": {"uv": [103, 22], "uv_size": [-4, -2]}
							}
						},
						{
							"origin": [-1.64, 23.8, -30.55],
							"size": [0.5, 2.5, 0.3],
							"uv": {
								"north": {"uv": [99, 20], "uv_size": [4, 2]},
								"east": {"uv": [99, 20], "uv_size": [4, 2]},
								"south": {"uv": [99, 20], "uv_size": [4, 2]},
								"west": {"uv": [99, 20], "uv_size": [4, 2]},
								"up": {"uv": [103, 22], "uv_size": [-4, -2]},
								"down": {"uv": [103, 22], "uv_size": [-4, -2]}
							}
						},
						{
							"origin": [-1.88, 25.8, -42.35],
							"size": [0.03, 1.3, 0.2],
							"pivot": [-1.1, 25.8, -44.55],
							"rotation": [0, 0, 40],
							"uv": {
								"north": {"uv": [99, 20], "uv_size": [4, 2]},
								"east": {"uv": [99, 20], "uv_size": [4, 2]},
								"south": {"uv": [99, 20], "uv_size": [4, 2]},
								"west": {"uv": [99, 20], "uv_size": [4, 2]},
								"up": {"uv": [103, 22], "uv_size": [-4, -2]},
								"down": {"uv": [103, 22], "uv_size": [-4, -2]}
							}
						},
						{
							"origin": [-1.84, 25.8, -30.55],
							"size": [0.5, 1.25, 0.3],
							"pivot": [-1.1, 25.8, -38.55],
							"rotation": [0, 0, 40],
							"uv": {
								"north": {"uv": [99, 20], "uv_size": [4, 2]},
								"east": {"uv": [99, 20], "uv_size": [4, 2]},
								"south": {"uv": [99, 20], "uv_size": [4, 2]},
								"west": {"uv": [99, 20], "uv_size": [4, 2]},
								"up": {"uv": [103, 22], "uv_size": [-4, -2]},
								"down": {"uv": [103, 22], "uv_size": [-4, -2]}
							}
						},
						{
							"origin": [-1.85, 25.8, -46.75],
							"size": [0.5, 1.25, 0.4],
							"pivot": [-1.1, 25.8, -38.55],
							"rotation": [0, 0, 40],
							"uv": {
								"north": {"uv": [99, 20], "uv_size": [4, 2]},
								"east": {"uv": [99, 20], "uv_size": [4, 2]},
								"south": {"uv": [99, 20], "uv_size": [4, 2]},
								"west": {"uv": [99, 20], "uv_size": [4, 2]},
								"up": {"uv": [103, 22], "uv_size": [-4, -2]},
								"down": {"uv": [103, 22], "uv_size": [-4, -2]}
							}
						},
						{
							"origin": [1.8, 26.48, -42.35],
							"size": [0.1, 1.25, 0.2],
							"pivot": [2.1, 26.4, -38.55],
							"rotation": [0, 0, -40],
							"uv": {
								"north": {"uv": [99, 20], "uv_size": [4, 2]},
								"east": {"uv": [99, 20], "uv_size": [4, 2]},
								"south": {"uv": [99, 20], "uv_size": [4, 2]},
								"west": {"uv": [99, 20], "uv_size": [4, 2]},
								"up": {"uv": [103, 22], "uv_size": [-4, -2]},
								"down": {"uv": [103, 22], "uv_size": [-4, -2]}
							}
						},
						{
							"origin": [-1.88, 25.8, -36.35],
							"size": [0.03, 1.3, 0.2],
							"pivot": [-1.1, 25.8, -38.55],
							"rotation": [0, 0, 40],
							"uv": {
								"north": {"uv": [99, 20], "uv_size": [4, 2]},
								"east": {"uv": [99, 20], "uv_size": [4, 2]},
								"south": {"uv": [99, 20], "uv_size": [4, 2]},
								"west": {"uv": [99, 20], "uv_size": [4, 2]},
								"up": {"uv": [103, 22], "uv_size": [-4, -2]},
								"down": {"uv": [103, 22], "uv_size": [-4, -2]}
							}
						},
						{
							"origin": [1.8, 26.48, -36.35],
							"size": [0.1, 1.25, 0.2],
							"pivot": [2.1, 26.4, -32.55],
							"rotation": [0, 0, -40],
							"uv": {
								"north": {"uv": [99, 20], "uv_size": [4, 2]},
								"east": {"uv": [99, 20], "uv_size": [4, 2]},
								"south": {"uv": [99, 20], "uv_size": [4, 2]},
								"west": {"uv": [99, 20], "uv_size": [4, 2]},
								"up": {"uv": [103, 22], "uv_size": [-4, -2]},
								"down": {"uv": [103, 22], "uv_size": [-4, -2]}
							}
						},
						{
							"origin": [1.36, 26.5, -30.55],
							"size": [0.5, 1.2, 0.3],
							"pivot": [2.1, 26.4, -38.55],
							"rotation": [0, 0, -40],
							"uv": {
								"north": {"uv": [99, 20], "uv_size": [4, 2]},
								"east": {"uv": [99, 20], "uv_size": [4, 2]},
								"south": {"uv": [99, 20], "uv_size": [4, 2]},
								"west": {"uv": [99, 20], "uv_size": [4, 2]},
								"up": {"uv": [103, 22], "uv_size": [-4, -2]},
								"down": {"uv": [103, 22], "uv_size": [-4, -2]}
							}
						},
						{
							"origin": [1.35, 26.5, -46.75],
							"size": [0.5, 1.2, 0.4],
							"pivot": [2.1, 26.4, -38.55],
							"rotation": [0, 0, -40],
							"uv": {
								"north": {"uv": [99, 20], "uv_size": [4, 2]},
								"east": {"uv": [99, 20], "uv_size": [4, 2]},
								"south": {"uv": [99, 20], "uv_size": [4, 2]},
								"west": {"uv": [99, 20], "uv_size": [4, 2]},
								"up": {"uv": [103, 22], "uv_size": [-4, -2]},
								"down": {"uv": [103, 22], "uv_size": [-4, -2]}
							}
						},
						{
							"origin": [0.55, 27.21, -42.35],
							"size": [0.05, 1.95, 0.2],
							"pivot": [0.8, 27.5, -38.55],
							"rotation": [0, 0, -90],
							"uv": {
								"north": {"uv": [99, 20], "uv_size": [4, 2]},
								"east": {"uv": [99, 20], "uv_size": [4, 2]},
								"south": {"uv": [99, 20], "uv_size": [4, 2]},
								"west": {"uv": [99, 20], "uv_size": [4, 2]},
								"up": {"uv": [103, 22], "uv_size": [-4, -2]},
								"down": {"uv": [103, 22], "uv_size": [-4, -2]}
							}
						},
						{
							"origin": [0.55, 27.21, -36.35],
							"size": [0.05, 1.95, 0.2],
							"pivot": [0.8, 27.5, -32.55],
							"rotation": [0, 0, -90],
							"uv": {
								"north": {"uv": [99, 20], "uv_size": [4, 2]},
								"east": {"uv": [99, 20], "uv_size": [4, 2]},
								"south": {"uv": [99, 20], "uv_size": [4, 2]},
								"west": {"uv": [99, 20], "uv_size": [4, 2]},
								"up": {"uv": [103, 22], "uv_size": [-4, -2]},
								"down": {"uv": [103, 22], "uv_size": [-4, -2]}
							}
						},
						{
							"origin": [0.06, 27.23, -30.55],
							"size": [0.5, 1.96, 0.3],
							"pivot": [0.8, 27.5, -38.55],
							"rotation": [0, 0, -90],
							"uv": {
								"north": {"uv": [99, 20], "uv_size": [4, 2]},
								"east": {"uv": [99, 20], "uv_size": [4, 2]},
								"south": {"uv": [99, 20], "uv_size": [4, 2]},
								"west": {"uv": [99, 20], "uv_size": [4, 2]},
								"up": {"uv": [103, 22], "uv_size": [-4, -2]},
								"down": {"uv": [103, 22], "uv_size": [-4, -2]}
							}
						},
						{
							"origin": [0.05, 27.23, -46.75],
							"size": [0.5, 1.96, 0.4],
							"pivot": [0.8, 27.5, -38.55],
							"rotation": [0, 0, -90],
							"uv": {
								"north": {"uv": [99, 20], "uv_size": [4, 2]},
								"east": {"uv": [99, 20], "uv_size": [4, 2]},
								"south": {"uv": [99, 20], "uv_size": [4, 2]},
								"west": {"uv": [99, 20], "uv_size": [4, 2]},
								"up": {"uv": [103, 22], "uv_size": [-4, -2]},
								"down": {"uv": [103, 22], "uv_size": [-4, -2]}
							}
						},
						{
							"origin": [1.34, 23.8, -30.55],
							"size": [0.5, 2.5, 0.3],
							"uv": {
								"north": {"uv": [99, 20], "uv_size": [4, 2]},
								"east": {"uv": [99, 20], "uv_size": [4, 2]},
								"south": {"uv": [99, 20], "uv_size": [4, 2]},
								"west": {"uv": [99, 20], "uv_size": [4, 2]},
								"up": {"uv": [103, 22], "uv_size": [-4, -2]},
								"down": {"uv": [103, 22], "uv_size": [-4, -2]}
							}
						},
						{
							"origin": [3.147, 19.285, -33.7],
							"size": [0.3, 0.3, 0.6],
							"inflate": 0.001,
							"pivot": [1.52, 14.71, -45.7],
							"rotation": [0, 0, -45],
							"uv": {
								"north": {"uv": [15, 116], "uv_size": [1, 1]},
								"east": {"uv": [116, 15], "uv_size": [1, 1]},
								"south": {"uv": [16, 116], "uv_size": [1, 1]},
								"west": {"uv": [116, 16], "uv_size": [1, 1]},
								"up": {"uv": [17, 116], "uv_size": [1, 1]},
								"down": {"uv": [116, 18], "uv_size": [1, -1]}
							}
						},
						{
							"origin": [-0.57, 19.1, -33.7],
							"size": [1.3, 0.3, 0.6],
							"inflate": 0.001,
							"uv": {
								"north": {"uv": [12, 116], "uv_size": [1, 1]},
								"east": {"uv": [116, 12], "uv_size": [1, 1]},
								"south": {"uv": [13, 116], "uv_size": [1, 1]},
								"west": {"uv": [116, 13], "uv_size": [1, 1]},
								"up": {"uv": [14, 116], "uv_size": [1, 1]},
								"down": {"uv": [116, 15], "uv_size": [1, -1]}
							}
						},
						{
							"origin": [4.447, 19.29, -33.7],
							"size": [0.3, 0.3, 0.6],
							"inflate": 0.001,
							"pivot": [2.82, 14.71, -45.7],
							"rotation": [0, 0, -45],
							"uv": {
								"north": {"uv": [9, 116], "uv_size": [1, 1]},
								"east": {"uv": [116, 9], "uv_size": [1, 1]},
								"south": {"uv": [10, 116], "uv_size": [1, 1]},
								"west": {"uv": [116, 10], "uv_size": [1, 1]},
								"up": {"uv": [11, 116], "uv_size": [1, 1]},
								"down": {"uv": [116, 12], "uv_size": [1, -1]}
							}
						},
						{
							"origin": [1.85, 21.3011, -44.89718],
							"size": [1.2, 1.2, 12.8],
							"pivot": [2.8, 21.1, -42.95],
							"rotation": [-1.4145, -1.41407, -44.98254],
							"uv": {
								"north": {"uv": [70, 71], "uv_size": [8.3, 3]},
								"east": {"uv": [70, 71], "uv_size": [8.3, 3]},
								"south": {"uv": [70, 71], "uv_size": [8.3, 3]},
								"west": {"uv": [70, 71], "uv_size": [8.3, 3]},
								"up": {"uv": [78.3, 74], "uv_size": [-8.3, -3]},
								"down": {"uv": [78.3, 74], "uv_size": [-8.3, -3]}
							}
						},
						{
							"origin": [-1.85, 21.5011, -44.89718],
							"size": [1.2, 1.2, 12.8],
							"pivot": [-0.7, 21.1, -42.95],
							"rotation": [-1.4145, -1.41407, -44.98254],
							"uv": {
								"north": {"uv": [70, 71], "uv_size": [8.3, 3]},
								"east": {"uv": [70, 71], "uv_size": [8.3, 3]},
								"south": {"uv": [70, 71], "uv_size": [8.3, 3]},
								"west": {"uv": [70, 71], "uv_size": [8.3, 3]},
								"up": {"uv": [78.3, 74], "uv_size": [-8.3, -3]},
								"down": {"uv": [78.3, 74], "uv_size": [-8.3, -3]}
							}
						},
						{
							"origin": [-1.85, 20.2, -46.25],
							"size": [0.5, 0.2, 19],
							"pivot": [-1.1, 20.4, -40.35],
							"rotation": [-2, 0, 0],
							"uv": {
								"north": {"uv": [99, 20], "uv_size": [4, 2]},
								"east": {"uv": [99, 20], "uv_size": [4, 2]},
								"south": {"uv": [99, 20], "uv_size": [4, 2]},
								"west": {"uv": [99, 20], "uv_size": [4, 2]},
								"up": {"uv": [103, 22], "uv_size": [-4, -2]},
								"down": {"uv": [103, 22], "uv_size": [-4, -2]}
							}
						},
						{
							"origin": [-1.85, 20.6, -46.25],
							"size": [0.5, 0.2, 19],
							"pivot": [-1.1, 20.8, -40.35],
							"rotation": [-2, 0, 0],
							"uv": {
								"north": {"uv": [99, 20], "uv_size": [4, 2]},
								"east": {"uv": [99, 20], "uv_size": [4, 2]},
								"south": {"uv": [99, 20], "uv_size": [4, 2]},
								"west": {"uv": [99, 20], "uv_size": [4, 2]},
								"up": {"uv": [103, 22], "uv_size": [-4, -2]},
								"down": {"uv": [103, 22], "uv_size": [-4, -2]}
							}
						},
						{
							"origin": [-1.85, 21, -46.25],
							"size": [0.5, 0.2, 19],
							"pivot": [-1.1, 21.2, -40.35],
							"rotation": [-2, 0, 0],
							"uv": {
								"north": {"uv": [99, 20], "uv_size": [4, 2]},
								"east": {"uv": [99, 20], "uv_size": [4, 2]},
								"south": {"uv": [99, 20], "uv_size": [4, 2]},
								"west": {"uv": [99, 20], "uv_size": [4, 2]},
								"up": {"uv": [103, 22], "uv_size": [-4, -2]},
								"down": {"uv": [103, 22], "uv_size": [-4, -2]}
							}
						},
						{
							"origin": [-1.85, 21.4, -46.25],
							"size": [0.5, 0.2, 19],
							"pivot": [-1.1, 21.6, -40.35],
							"rotation": [-2, 0, 0],
							"uv": {
								"north": {"uv": [99, 20], "uv_size": [4, 2]},
								"east": {"uv": [99, 20], "uv_size": [4, 2]},
								"south": {"uv": [99, 20], "uv_size": [4, 2]},
								"west": {"uv": [99, 20], "uv_size": [4, 2]},
								"up": {"uv": [103, 22], "uv_size": [-4, -2]},
								"down": {"uv": [103, 22], "uv_size": [-4, -2]}
							}
						},
						{
							"origin": [-2.05, 21.3, -44.75],
							"size": [0.5, 1.8, 0.2],
							"uv": {
								"north": {"uv": [99, 20], "uv_size": [4, 2]},
								"east": {"uv": [99, 20], "uv_size": [4, 2]},
								"south": {"uv": [99, 20], "uv_size": [4, 2]},
								"west": {"uv": [99, 20], "uv_size": [4, 2]},
								"up": {"uv": [103, 22], "uv_size": [-4, -2]},
								"down": {"uv": [103, 22], "uv_size": [-4, -2]}
							}
						},
						{
							"origin": [-2.05, 21.3, -44.25],
							"size": [0.5, 1.8, 0.2],
							"uv": {
								"north": {"uv": [99, 20], "uv_size": [4, 2]},
								"east": {"uv": [99, 20], "uv_size": [4, 2]},
								"south": {"uv": [99, 20], "uv_size": [4, 2]},
								"west": {"uv": [99, 20], "uv_size": [4, 2]},
								"up": {"uv": [103, 22], "uv_size": [-4, -2]},
								"down": {"uv": [103, 22], "uv_size": [-4, -2]}
							}
						},
						{
							"origin": [-2.05, 21.3, -43.75],
							"size": [0.5, 1.8, 0.2],
							"uv": {
								"north": {"uv": [99, 20], "uv_size": [4, 2]},
								"east": {"uv": [99, 20], "uv_size": [4, 2]},
								"south": {"uv": [99, 20], "uv_size": [4, 2]},
								"west": {"uv": [99, 20], "uv_size": [4, 2]},
								"up": {"uv": [103, 22], "uv_size": [-4, -2]},
								"down": {"uv": [103, 22], "uv_size": [-4, -2]}
							}
						},
						{
							"origin": [-2.05, 21.3, -43.25],
							"size": [0.5, 1.8, 0.2],
							"uv": {
								"north": {"uv": [99, 20], "uv_size": [4, 2]},
								"east": {"uv": [99, 20], "uv_size": [4, 2]},
								"south": {"uv": [99, 20], "uv_size": [4, 2]},
								"west": {"uv": [99, 20], "uv_size": [4, 2]},
								"up": {"uv": [103, 22], "uv_size": [-4, -2]},
								"down": {"uv": [103, 22], "uv_size": [-4, -2]}
							}
						},
						{
							"origin": [-2.05, 21.3, -42.75],
							"size": [0.5, 1.8, 0.2],
							"uv": {
								"north": {"uv": [99, 20], "uv_size": [4, 2]},
								"east": {"uv": [99, 20], "uv_size": [4, 2]},
								"south": {"uv": [99, 20], "uv_size": [4, 2]},
								"west": {"uv": [99, 20], "uv_size": [4, 2]},
								"up": {"uv": [103, 22], "uv_size": [-4, -2]},
								"down": {"uv": [103, 22], "uv_size": [-4, -2]}
							}
						},
						{
							"origin": [-1.85, 21.8, -46.25],
							"size": [0.5, 0.2, 19],
							"pivot": [-1.1, 22, -40.35],
							"rotation": [-1, 0, 0],
							"uv": {
								"north": {"uv": [99, 20], "uv_size": [4, 2]},
								"east": {"uv": [99, 20], "uv_size": [4, 2]},
								"south": {"uv": [99, 20], "uv_size": [4, 2]},
								"west": {"uv": [99, 20], "uv_size": [4, 2]},
								"up": {"uv": [103, 22], "uv_size": [-4, -2]},
								"down": {"uv": [103, 22], "uv_size": [-4, -2]}
							}
						},
						{
							"origin": [-1.85, 22.2, -46.25],
							"size": [0.5, 0.2, 19],
							"pivot": [-1.1, 22.4, -40.35],
							"rotation": [-1, 0, 0],
							"uv": {
								"north": {"uv": [99, 20], "uv_size": [4, 2]},
								"east": {"uv": [99, 20], "uv_size": [4, 2]},
								"south": {"uv": [99, 20], "uv_size": [4, 2]},
								"west": {"uv": [99, 20], "uv_size": [4, 2]},
								"up": {"uv": [103, 22], "uv_size": [-4, -2]},
								"down": {"uv": [103, 22], "uv_size": [-4, -2]}
							}
						},
						{
							"origin": [-1.85, 22.6, -46.25],
							"size": [0.5, 0.2, 19],
							"pivot": [-1.1, 22.8, -40.35],
							"rotation": [-1, 0, 0],
							"uv": {
								"north": {"uv": [99, 20], "uv_size": [4, 2]},
								"east": {"uv": [99, 20], "uv_size": [4, 2]},
								"south": {"uv": [99, 20], "uv_size": [4, 2]},
								"west": {"uv": [99, 20], "uv_size": [4, 2]},
								"up": {"uv": [103, 22], "uv_size": [-4, -2]},
								"down": {"uv": [103, 22], "uv_size": [-4, -2]}
							}
						},
						{
							"origin": [-1.85, 23.1, -46.25],
							"size": [0.5, 0.2, 19],
							"uv": {
								"north": {"uv": [99, 20], "uv_size": [4, 2]},
								"east": {"uv": [99, 20], "uv_size": [4, 2]},
								"south": {"uv": [99, 20], "uv_size": [4, 2]},
								"west": {"uv": [99, 20], "uv_size": [4, 2]},
								"up": {"uv": [103, 22], "uv_size": [-4, -2]},
								"down": {"uv": [103, 22], "uv_size": [-4, -2]}
							}
						},
						{
							"origin": [-2.05, 23.1, -44.75],
							"size": [0.5, 0.2, 2.2],
							"uv": {
								"north": {"uv": [99, 20], "uv_size": [4, 2]},
								"east": {"uv": [99, 20], "uv_size": [4, 2]},
								"south": {"uv": [99, 20], "uv_size": [4, 2]},
								"west": {"uv": [99, 20], "uv_size": [4, 2]},
								"up": {"uv": [103, 22], "uv_size": [-4, -2]},
								"down": {"uv": [103, 22], "uv_size": [-4, -2]}
							}
						}
					]
				},
				{
					"name": "bone12",
					"parent": "handguard",
					"pivot": [0.02, 19.21, -46.6],
					"rotation": [-2, 0, 0],
					"cubes": [
						{
							"origin": [-0.77, 19.18637, -46.59921],
							"size": [1.7, 0.3, 14.06],
							"inflate": 0.001,
							"uv": {
								"north": {"uv": [115, 39], "uv_size": [1, 1]},
								"east": {"uv": [90, 13], "uv_size": [14, 1]},
								"south": {"uv": [40, 115], "uv_size": [1, 1]},
								"west": {"uv": [90, 14], "uv_size": [14, 1]},
								"up": {"uv": [30, 90], "uv_size": [1, 14]},
								"down": {"uv": [31, 104], "uv_size": [1, -14]}
							}
						},
						{
							"origin": [4.647, 19.07637, -35.49921],
							"size": [0.3, 0.3, 0.6],
							"inflate": 0.001,
							"pivot": [3.02, 14.49637, -47.49921],
							"rotation": [0, 0, -45],
							"uv": {
								"north": {"uv": [0, 116], "uv_size": [1, 1]},
								"east": {"uv": [116, 0], "uv_size": [1, 1]},
								"south": {"uv": [1, 116], "uv_size": [1, 1]},
								"west": {"uv": [116, 1], "uv_size": [1, 1]},
								"up": {"uv": [2, 116], "uv_size": [1, 1]},
								"down": {"uv": [116, 3], "uv_size": [1, -1]}
							}
						},
						{
							"origin": [2.947, 19.07137, -35.49921],
							"size": [0.3, 0.3, 0.6],
							"inflate": 0.001,
							"pivot": [1.32, 14.49637, -47.49921],
							"rotation": [0, 0, -45],
							"uv": {
								"north": {"uv": [6, 116], "uv_size": [1, 1]},
								"east": {"uv": [116, 6], "uv_size": [1, 1]},
								"south": {"uv": [7, 116], "uv_size": [1, 1]},
								"west": {"uv": [116, 7], "uv_size": [1, 1]},
								"up": {"uv": [8, 116], "uv_size": [1, 1]},
								"down": {"uv": [116, 9], "uv_size": [1, -1]}
							}
						},
						{
							"origin": [-0.77, 18.88637, -35.49921],
							"size": [1.7, 0.3, 0.6],
							"inflate": 0.001,
							"uv": {
								"north": {"uv": [3, 116], "uv_size": [1, 1]},
								"east": {"uv": [116, 3], "uv_size": [1, 1]},
								"south": {"uv": [4, 116], "uv_size": [1, 1]},
								"west": {"uv": [116, 4], "uv_size": [1, 1]},
								"up": {"uv": [5, 116], "uv_size": [1, 1]},
								"down": {"uv": [116, 6], "uv_size": [1, -1]}
							}
						},
						{
							"origin": [4.647, 19.07637, -36.79921],
							"size": [0.3, 0.3, 0.6],
							"inflate": 0.001,
							"pivot": [3.02, 14.49637, -48.79921],
							"rotation": [0, 0, -45],
							"uv": {
								"north": {"uv": [115, 106], "uv_size": [1, 1]},
								"east": {"uv": [107, 115], "uv_size": [1, 1]},
								"south": {"uv": [115, 107], "uv_size": [1, 1]},
								"west": {"uv": [108, 115], "uv_size": [1, 1]},
								"up": {"uv": [115, 108], "uv_size": [1, 1]},
								"down": {"uv": [109, 116], "uv_size": [1, -1]}
							}
						},
						{
							"origin": [-0.77, 18.88637, -36.79921],
							"size": [1.7, 0.3, 0.6],
							"inflate": 0.001,
							"uv": {
								"north": {"uv": [115, 109], "uv_size": [1, 1]},
								"east": {"uv": [110, 115], "uv_size": [1, 1]},
								"south": {"uv": [115, 110], "uv_size": [1, 1]},
								"west": {"uv": [111, 115], "uv_size": [1, 1]},
								"up": {"uv": [115, 111], "uv_size": [1, 1]},
								"down": {"uv": [112, 116], "uv_size": [1, -1]}
							}
						},
						{
							"origin": [2.947, 19.07137, -36.79921],
							"size": [0.3, 0.3, 0.6],
							"inflate": 0.001,
							"pivot": [1.32, 14.49637, -48.79921],
							"rotation": [0, 0, -45],
							"uv": {
								"north": {"uv": [115, 112], "uv_size": [1, 1]},
								"east": {"uv": [113, 115], "uv_size": [1, 1]},
								"south": {"uv": [115, 113], "uv_size": [1, 1]},
								"west": {"uv": [114, 115], "uv_size": [1, 1]},
								"up": {"uv": [115, 114], "uv_size": [1, 1]},
								"down": {"uv": [115, 116], "uv_size": [1, -1]}
							}
						},
						{
							"origin": [-0.77, 18.88637, -38.09921],
							"size": [1.7, 0.3, 0.6],
							"inflate": 0.001,
							"uv": {
								"north": {"uv": [115, 100], "uv_size": [1, 1]},
								"east": {"uv": [101, 115], "uv_size": [1, 1]},
								"south": {"uv": [115, 101], "uv_size": [1, 1]},
								"west": {"uv": [102, 115], "uv_size": [1, 1]},
								"up": {"uv": [115, 102], "uv_size": [1, 1]},
								"down": {"uv": [103, 116], "uv_size": [1, -1]}
							}
						},
						{
							"origin": [2.947, 19.07137, -38.09921],
							"size": [0.3, 0.3, 0.6],
							"inflate": 0.001,
							"pivot": [1.32, 14.49637, -50.09921],
							"rotation": [0, 0, -45],
							"uv": {
								"north": {"uv": [115, 103], "uv_size": [1, 1]},
								"east": {"uv": [104, 115], "uv_size": [1, 1]},
								"south": {"uv": [115, 104], "uv_size": [1, 1]},
								"west": {"uv": [105, 115], "uv_size": [1, 1]},
								"up": {"uv": [115, 105], "uv_size": [1, 1]},
								"down": {"uv": [106, 116], "uv_size": [1, -1]}
							}
						},
						{
							"origin": [4.647, 19.07637, -38.09921],
							"size": [0.3, 0.3, 0.6],
							"inflate": 0.001,
							"pivot": [3.02, 14.49637, -50.09921],
							"rotation": [0, 0, -45],
							"uv": {
								"north": {"uv": [115, 97], "uv_size": [1, 1]},
								"east": {"uv": [98, 115], "uv_size": [1, 1]},
								"south": {"uv": [115, 98], "uv_size": [1, 1]},
								"west": {"uv": [99, 115], "uv_size": [1, 1]},
								"up": {"uv": [115, 99], "uv_size": [1, 1]},
								"down": {"uv": [100, 116], "uv_size": [1, -1]}
							}
						},
						{
							"origin": [4.647, 19.07637, -39.39921],
							"size": [0.3, 0.3, 0.6],
							"inflate": 0.001,
							"pivot": [3.02, 14.49637, -51.39921],
							"rotation": [0, 0, -45],
							"uv": {
								"north": {"uv": [115, 88], "uv_size": [1, 1]},
								"east": {"uv": [89, 115], "uv_size": [1, 1]},
								"south": {"uv": [115, 89], "uv_size": [1, 1]},
								"west": {"uv": [90, 115], "uv_size": [1, 1]},
								"up": {"uv": [115, 90], "uv_size": [1, 1]},
								"down": {"uv": [91, 116], "uv_size": [1, -1]}
							}
						},
						{
							"origin": [-0.77, 18.88637, -39.39921],
							"size": [1.7, 0.3, 0.6],
							"inflate": 0.001,
							"uv": {
								"north": {"uv": [115, 91], "uv_size": [1, 1]},
								"east": {"uv": [92, 115], "uv_size": [1, 1]},
								"south": {"uv": [115, 92], "uv_size": [1, 1]},
								"west": {"uv": [93, 115], "uv_size": [1, 1]},
								"up": {"uv": [115, 93], "uv_size": [1, 1]},
								"down": {"uv": [94, 116], "uv_size": [1, -1]}
							}
						},
						{
							"origin": [2.947, 19.07137, -39.39921],
							"size": [0.3, 0.3, 0.6],
							"inflate": 0.001,
							"pivot": [1.32, 14.49637, -51.39921],
							"rotation": [0, 0, -45],
							"uv": {
								"north": {"uv": [115, 94], "uv_size": [1, 1]},
								"east": {"uv": [95, 115], "uv_size": [1, 1]},
								"south": {"uv": [115, 95], "uv_size": [1, 1]},
								"west": {"uv": [96, 115], "uv_size": [1, 1]},
								"up": {"uv": [115, 96], "uv_size": [1, 1]},
								"down": {"uv": [97, 116], "uv_size": [1, -1]}
							}
						},
						{
							"origin": [2.947, 19.07137, -40.69921],
							"size": [0.3, 0.3, 0.6],
							"inflate": 0.001,
							"pivot": [1.32, 14.49637, -52.69921],
							"rotation": [0, 0, -45],
							"uv": {
								"north": {"uv": [115, 85], "uv_size": [1, 1]},
								"east": {"uv": [86, 115], "uv_size": [1, 1]},
								"south": {"uv": [115, 86], "uv_size": [1, 1]},
								"west": {"uv": [87, 115], "uv_size": [1, 1]},
								"up": {"uv": [115, 87], "uv_size": [1, 1]},
								"down": {"uv": [88, 116], "uv_size": [1, -1]}
							}
						},
						{
							"origin": [-0.77, 18.88637, -40.69921],
							"size": [1.7, 0.3, 0.6],
							"inflate": 0.001,
							"uv": {
								"north": {"uv": [115, 82], "uv_size": [1, 1]},
								"east": {"uv": [83, 115], "uv_size": [1, 1]},
								"south": {"uv": [115, 83], "uv_size": [1, 1]},
								"west": {"uv": [84, 115], "uv_size": [1, 1]},
								"up": {"uv": [115, 84], "uv_size": [1, 1]},
								"down": {"uv": [85, 116], "uv_size": [1, -1]}
							}
						},
						{
							"origin": [4.647, 19.07637, -40.69921],
							"size": [0.3, 0.3, 0.6],
							"inflate": 0.001,
							"pivot": [3.02, 14.49637, -52.69921],
							"rotation": [0, 0, -45],
							"uv": {
								"north": {"uv": [115, 79], "uv_size": [1, 1]},
								"east": {"uv": [80, 115], "uv_size": [1, 1]},
								"south": {"uv": [115, 80], "uv_size": [1, 1]},
								"west": {"uv": [81, 115], "uv_size": [1, 1]},
								"up": {"uv": [115, 81], "uv_size": [1, 1]},
								"down": {"uv": [82, 116], "uv_size": [1, -1]}
							}
						},
						{
							"origin": [4.647, 19.07637, -41.99921],
							"size": [0.3, 0.3, 0.6],
							"inflate": 0.001,
							"pivot": [3.02, 14.49637, -53.99921],
							"rotation": [0, 0, -45],
							"uv": {
								"north": {"uv": [115, 70], "uv_size": [1, 1]},
								"east": {"uv": [71, 115], "uv_size": [1, 1]},
								"south": {"uv": [115, 71], "uv_size": [1, 1]},
								"west": {"uv": [72, 115], "uv_size": [1, 1]},
								"up": {"uv": [115, 72], "uv_size": [1, 1]},
								"down": {"uv": [73, 116], "uv_size": [1, -1]}
							}
						},
						{
							"origin": [-0.77, 18.88637, -41.99921],
							"size": [1.7, 0.3, 0.6],
							"inflate": 0.001,
							"uv": {
								"north": {"uv": [115, 73], "uv_size": [1, 1]},
								"east": {"uv": [74, 115], "uv_size": [1, 1]},
								"south": {"uv": [115, 74], "uv_size": [1, 1]},
								"west": {"uv": [75, 115], "uv_size": [1, 1]},
								"up": {"uv": [115, 75], "uv_size": [1, 1]},
								"down": {"uv": [76, 116], "uv_size": [1, -1]}
							}
						},
						{
							"origin": [2.947, 19.07137, -41.99921],
							"size": [0.3, 0.3, 0.6],
							"inflate": 0.001,
							"pivot": [1.32, 14.49637, -53.99921],
							"rotation": [0, 0, -45],
							"uv": {
								"north": {"uv": [115, 76], "uv_size": [1, 1]},
								"east": {"uv": [77, 115], "uv_size": [1, 1]},
								"south": {"uv": [115, 77], "uv_size": [1, 1]},
								"west": {"uv": [78, 115], "uv_size": [1, 1]},
								"up": {"uv": [115, 78], "uv_size": [1, 1]},
								"down": {"uv": [79, 116], "uv_size": [1, -1]}
							}
						},
						{
							"origin": [2.947, 19.07137, -43.29921],
							"size": [0.3, 0.3, 0.6],
							"inflate": 0.001,
							"pivot": [1.32, 14.49637, -55.29921],
							"rotation": [0, 0, -45],
							"uv": {
								"north": {"uv": [115, 67], "uv_size": [1, 1]},
								"east": {"uv": [68, 115], "uv_size": [1, 1]},
								"south": {"uv": [115, 68], "uv_size": [1, 1]},
								"west": {"uv": [69, 115], "uv_size": [1, 1]},
								"up": {"uv": [115, 69], "uv_size": [1, 1]},
								"down": {"uv": [70, 116], "uv_size": [1, -1]}
							}
						},
						{
							"origin": [-0.77, 18.88637, -43.29921],
							"size": [1.7, 0.3, 0.6],
							"inflate": 0.001,
							"uv": {
								"north": {"uv": [115, 64], "uv_size": [1, 1]},
								"east": {"uv": [65, 115], "uv_size": [1, 1]},
								"south": {"uv": [115, 65], "uv_size": [1, 1]},
								"west": {"uv": [66, 115], "uv_size": [1, 1]},
								"up": {"uv": [115, 66], "uv_size": [1, 1]},
								"down": {"uv": [67, 116], "uv_size": [1, -1]}
							}
						},
						{
							"origin": [4.647, 19.07637, -43.29921],
							"size": [0.3, 0.3, 0.6],
							"inflate": 0.001,
							"pivot": [3.02, 14.49637, -55.29921],
							"rotation": [0, 0, -45],
							"uv": {
								"north": {"uv": [115, 61], "uv_size": [1, 1]},
								"east": {"uv": [62, 115], "uv_size": [1, 1]},
								"south": {"uv": [115, 62], "uv_size": [1, 1]},
								"west": {"uv": [63, 115], "uv_size": [1, 1]},
								"up": {"uv": [115, 63], "uv_size": [1, 1]},
								"down": {"uv": [64, 116], "uv_size": [1, -1]}
							}
						},
						{
							"origin": [4.647, 19.07637, -44.59921],
							"size": [0.3, 0.3, 0.6],
							"inflate": 0.001,
							"pivot": [3.02, 14.49637, -56.59921],
							"rotation": [0, 0, -45],
							"uv": {
								"north": {"uv": [115, 52], "uv_size": [1, 1]},
								"east": {"uv": [53, 115], "uv_size": [1, 1]},
								"south": {"uv": [115, 53], "uv_size": [1, 1]},
								"west": {"uv": [54, 115], "uv_size": [1, 1]},
								"up": {"uv": [115, 54], "uv_size": [1, 1]},
								"down": {"uv": [55, 116], "uv_size": [1, -1]}
							}
						},
						{
							"origin": [-0.77, 18.88637, -44.59921],
							"size": [1.7, 0.3, 0.6],
							"inflate": 0.001,
							"uv": {
								"north": {"uv": [115, 55], "uv_size": [1, 1]},
								"east": {"uv": [56, 115], "uv_size": [1, 1]},
								"south": {"uv": [115, 56], "uv_size": [1, 1]},
								"west": {"uv": [57, 115], "uv_size": [1, 1]},
								"up": {"uv": [115, 57], "uv_size": [1, 1]},
								"down": {"uv": [58, 116], "uv_size": [1, -1]}
							}
						},
						{
							"origin": [2.947, 19.07137, -44.59921],
							"size": [0.3, 0.3, 0.6],
							"inflate": 0.001,
							"pivot": [1.32, 14.49637, -56.59921],
							"rotation": [0, 0, -45],
							"uv": {
								"north": {"uv": [115, 58], "uv_size": [1, 1]},
								"east": {"uv": [59, 115], "uv_size": [1, 1]},
								"south": {"uv": [115, 59], "uv_size": [1, 1]},
								"west": {"uv": [60, 115], "uv_size": [1, 1]},
								"up": {"uv": [115, 60], "uv_size": [1, 1]},
								"down": {"uv": [61, 116], "uv_size": [1, -1]}
							}
						},
						{
							"origin": [2.947, 19.07137, -46.09921],
							"size": [0.3, 0.3, 0.8],
							"inflate": 0.001,
							"pivot": [1.32, 14.49637, -58.09921],
							"rotation": [0, 0, -45],
							"uv": {
								"north": {"uv": [115, 46], "uv_size": [1, 1]},
								"east": {"uv": [47, 115], "uv_size": [1, 1]},
								"south": {"uv": [115, 47], "uv_size": [1, 1]},
								"west": {"uv": [48, 115], "uv_size": [1, 1]},
								"up": {"uv": [115, 48], "uv_size": [1, 1]},
								"down": {"uv": [49, 116], "uv_size": [1, -1]}
							}
						},
						{
							"origin": [-0.77, 18.88637, -46.09921],
							"size": [1.7, 0.3, 0.8],
							"inflate": 0.001,
							"uv": {
								"north": {"uv": [115, 43], "uv_size": [1, 1]},
								"east": {"uv": [44, 115], "uv_size": [1, 1]},
								"south": {"uv": [115, 44], "uv_size": [1, 1]},
								"west": {"uv": [45, 115], "uv_size": [1, 1]},
								"up": {"uv": [115, 45], "uv_size": [1, 1]},
								"down": {"uv": [46, 116], "uv_size": [1, -1]}
							}
						},
						{
							"origin": [4.647, 19.07637, -46.09921],
							"size": [0.3, 0.3, 0.8],
							"inflate": 0.001,
							"pivot": [3.02, 14.49637, -58.09921],
							"rotation": [0, 0, -45],
							"uv": {
								"north": {"uv": [115, 49], "uv_size": [1, 1]},
								"east": {"uv": [50, 115], "uv_size": [1, 1]},
								"south": {"uv": [115, 50], "uv_size": [1, 1]},
								"west": {"uv": [51, 115], "uv_size": [1, 1]},
								"up": {"uv": [115, 51], "uv_size": [1, 1]},
								"down": {"uv": [52, 116], "uv_size": [1, -1]}
							}
						},
						{
							"origin": [-0.77, 27.35637, -46.89921],
							"size": [1.7, 0.3, 0.56],
							"inflate": 0.001,
							"pivot": [-1.15, 22.78637, -58.49921],
							"rotation": [-38, 0, 0],
							"uv": {
								"north": {"uv": [115, 40], "uv_size": [1, 1]},
								"east": {"uv": [41, 115], "uv_size": [1, 1]},
								"south": {"uv": [115, 41], "uv_size": [1, 1]},
								"west": {"uv": [42, 115], "uv_size": [1, 1]},
								"up": {"uv": [115, 42], "uv_size": [1, 1]},
								"down": {"uv": [43, 116], "uv_size": [1, -1]}
							}
						}
					]
				},
				{
					"name": "handguard2",
					"parent": "handguard",
					"pivot": [-0.9, 23.9, -52.65],
					"cubes": [
						{
							"origin": [-1.75, 19.7, -31.85],
							"size": [3.7, 3.8, 5.2],
							"uv": {
								"north": {"uv": [82, 20], "uv_size": [5, 4]},
								"east": {"uv": [82, 20], "uv_size": [5, 4]},
								"south": {"uv": [82, 20], "uv_size": [5, 4]},
								"west": {"uv": [82, 20], "uv_size": [5, 4]},
								"up": {"uv": [87, 24], "uv_size": [-5, -4]},
								"down": {"uv": [87, 24], "uv_size": [-5, -4]}
							}
						},
						{
							"origin": [-1.75, 20.4, -46.35],
							"size": [0.6, 3.1, 14.5],
							"uv": {
								"north": {"uv": [82, 20], "uv_size": [5, 4]},
								"east": {"uv": [82, 20], "uv_size": [5, 4]},
								"south": {"uv": [82, 20], "uv_size": [5, 4]},
								"west": {"uv": [82, 20], "uv_size": [5, 4]},
								"up": {"uv": [87, 24], "uv_size": [-5, -4]},
								"down": {"uv": [87, 24], "uv_size": [-5, -4]}
							}
						},
						{
							"origin": [1.35, 20.4, -46.35],
							"size": [0.6, 3.1, 14.5],
							"uv": {
								"north": {"uv": [82, 20], "uv_size": [5, 4]},
								"east": {"uv": [82, 20], "uv_size": [5, 4]},
								"south": {"uv": [82, 20], "uv_size": [5, 4]},
								"west": {"uv": [82, 20], "uv_size": [5, 4]},
								"up": {"uv": [87, 24], "uv_size": [-5, -4]},
								"down": {"uv": [87, 24], "uv_size": [-5, -4]}
							}
						},
						{
							"origin": [0.53, 15.51678, -30.02137],
							"size": [0.5, 2.16, 0.74],
							"pivot": [1.1, 17.6168, -30.02137],
							"rotation": [0, 9, 90],
							"uv": {
								"north": {"uv": [57, 32], "uv_size": [14, -4]},
								"east": {"uv": [57, 32], "uv_size": [14, -4]},
								"south": {"uv": [57, 32], "uv_size": [14, -4]},
								"west": {"uv": [57, 32], "uv_size": [14, -4]},
								"up": {"uv": [71, 28], "uv_size": [-14, 4]},
								"down": {"uv": [71, 28], "uv_size": [-14, 4]}
							}
						},
						{
							"origin": [1.35, 23.7, -46.75],
							"size": [0.5, 2.6, 0.4],
							"uv": {
								"north": {"uv": [99, 20], "uv_size": [4, 2]},
								"east": {"uv": [99, 20], "uv_size": [4, 2]},
								"south": {"uv": [99, 20], "uv_size": [4, 2]},
								"west": {"uv": [99, 20], "uv_size": [4, 2]},
								"up": {"uv": [103, 22], "uv_size": [-4, -2]},
								"down": {"uv": [103, 22], "uv_size": [-4, -2]}
							}
						},
						{
							"origin": [-1.65, 23.7, -46.75],
							"size": [0.5, 2.6, 0.4],
							"uv": {
								"north": {"uv": [99, 20], "uv_size": [4, 2]},
								"east": {"uv": [99, 20], "uv_size": [4, 2]},
								"south": {"uv": [99, 20], "uv_size": [4, 2]},
								"west": {"uv": [99, 20], "uv_size": [4, 2]},
								"up": {"uv": [103, 22], "uv_size": [-4, -2]},
								"down": {"uv": [103, 22], "uv_size": [-4, -2]}
							}
						},
						{
							"origin": [-1.85, 25.8, -46.35],
							"size": [0.5, 1.25, 15.8],
							"pivot": [-1.1, 25.8, -38.55],
							"rotation": [0, 0, 40],
							"uv": {
								"north": {"uv": [82, 20], "uv_size": [5, 4]},
								"east": {"uv": [82, 20], "uv_size": [5, 4]},
								"south": {"uv": [82, 20], "uv_size": [5, 4]},
								"west": {"uv": [82, 20], "uv_size": [5, 4]},
								"up": {"uv": [87, 24], "uv_size": [-5, -4]},
								"down": {"uv": [87, 24], "uv_size": [-5, -4]}
							}
						},
						{
							"origin": [-1.84, 25.8, -30.55],
							"size": [0.5, 1.25, 0.3],
							"pivot": [-1.1, 25.8, -38.55],
							"rotation": [0, 0, 40],
							"uv": {
								"north": {"uv": [99, 20], "uv_size": [4, 2]},
								"east": {"uv": [99, 20], "uv_size": [4, 2]},
								"south": {"uv": [99, 20], "uv_size": [4, 2]},
								"west": {"uv": [99, 20], "uv_size": [4, 2]},
								"up": {"uv": [103, 22], "uv_size": [-4, -2]},
								"down": {"uv": [103, 22], "uv_size": [-4, -2]}
							}
						},
						{
							"origin": [-1.85, 25.8, -46.75],
							"size": [0.5, 1.25, 0.4],
							"pivot": [-1.1, 25.8, -38.55],
							"rotation": [0, 0, 40],
							"uv": {
								"north": {"uv": [99, 20], "uv_size": [4, 2]},
								"east": {"uv": [99, 20], "uv_size": [4, 2]},
								"south": {"uv": [99, 20], "uv_size": [4, 2]},
								"west": {"uv": [99, 20], "uv_size": [4, 2]},
								"up": {"uv": [103, 22], "uv_size": [-4, -2]},
								"down": {"uv": [103, 22], "uv_size": [-4, -2]}
							}
						},
						{
							"origin": [1.35, 26.5, -46.35],
							"size": [0.5, 1.2, 15.8],
							"pivot": [2.1, 26.4, -38.55],
							"rotation": [0, 0, -40],
							"uv": {
								"north": {"uv": [82, 20], "uv_size": [5, 4]},
								"east": {"uv": [82, 20], "uv_size": [5, 4]},
								"south": {"uv": [82, 20], "uv_size": [5, 4]},
								"west": {"uv": [82, 20], "uv_size": [5, 4]},
								"up": {"uv": [87, 24], "uv_size": [-5, -4]},
								"down": {"uv": [87, 24], "uv_size": [-5, -4]}
							}
						},
						{
							"origin": [1.36, 26.5, -30.55],
							"size": [0.5, 1.2, 0.3],
							"pivot": [2.1, 26.4, -38.55],
							"rotation": [0, 0, -40],
							"uv": {
								"north": {"uv": [99, 20], "uv_size": [4, 2]},
								"east": {"uv": [99, 20], "uv_size": [4, 2]},
								"south": {"uv": [99, 20], "uv_size": [4, 2]},
								"west": {"uv": [99, 20], "uv_size": [4, 2]},
								"up": {"uv": [103, 22], "uv_size": [-4, -2]},
								"down": {"uv": [103, 22], "uv_size": [-4, -2]}
							}
						},
						{
							"origin": [1.35, 26.5, -46.75],
							"size": [0.5, 1.2, 0.4],
							"pivot": [2.1, 26.4, -38.55],
							"rotation": [0, 0, -40],
							"uv": {
								"north": {"uv": [99, 20], "uv_size": [4, 2]},
								"east": {"uv": [99, 20], "uv_size": [4, 2]},
								"south": {"uv": [99, 20], "uv_size": [4, 2]},
								"west": {"uv": [99, 20], "uv_size": [4, 2]},
								"up": {"uv": [103, 22], "uv_size": [-4, -2]},
								"down": {"uv": [103, 22], "uv_size": [-4, -2]}
							}
						},
						{
							"origin": [0.05, 27.23, -46.35],
							"size": [0.5, 1.96, 15.8],
							"pivot": [0.8, 27.5, -38.55],
							"rotation": [0, 0, -90],
							"uv": {
								"north": {"uv": [82, 20], "uv_size": [5, 4]},
								"east": {"uv": [82, 20], "uv_size": [5, 4]},
								"south": {"uv": [82, 20], "uv_size": [5, 4]},
								"west": {"uv": [82, 20], "uv_size": [5, 4]},
								"up": {"uv": [87, 24], "uv_size": [-5, -4]},
								"down": {"uv": [87, 24], "uv_size": [-5, -4]}
							}
						},
						{
							"origin": [0.06, 27.23, -30.55],
							"size": [0.5, 1.96, 0.3],
							"pivot": [0.8, 27.5, -38.55],
							"rotation": [0, 0, -90],
							"uv": {
								"north": {"uv": [99, 20], "uv_size": [4, 2]},
								"east": {"uv": [99, 20], "uv_size": [4, 2]},
								"south": {"uv": [99, 20], "uv_size": [4, 2]},
								"west": {"uv": [99, 20], "uv_size": [4, 2]},
								"up": {"uv": [103, 22], "uv_size": [-4, -2]},
								"down": {"uv": [103, 22], "uv_size": [-4, -2]}
							}
						},
						{
							"origin": [0.05, 27.23, -46.75],
							"size": [0.5, 1.96, 0.4],
							"pivot": [0.8, 27.5, -38.55],
							"rotation": [0, 0, -90],
							"uv": {
								"north": {"uv": [99, 20], "uv_size": [4, 2]},
								"east": {"uv": [99, 20], "uv_size": [4, 2]},
								"south": {"uv": [99, 20], "uv_size": [4, 2]},
								"west": {"uv": [99, 20], "uv_size": [4, 2]},
								"up": {"uv": [103, 22], "uv_size": [-4, -2]},
								"down": {"uv": [103, 22], "uv_size": [-4, -2]}
							}
						},
						{
							"origin": [1.45, 19, -46.75],
							"size": [0.5, 1.2, 0.4],
							"pivot": [2.2, 20.3, -38.55],
							"rotation": [0, 0, 40],
							"uv": {
								"north": {"uv": [99, 22], "uv_size": [4, -2]},
								"east": {"uv": [99, 22], "uv_size": [4, -2]},
								"south": {"uv": [99, 22], "uv_size": [4, -2]},
								"west": {"uv": [99, 22], "uv_size": [4, -2]},
								"up": {"uv": [103, 20], "uv_size": [-4, 2]},
								"down": {"uv": [103, 20], "uv_size": [-4, 2]}
							}
						},
						{
							"origin": [0.05, 17.41, -46.75],
							"size": [0.5, 2.16, 0.4],
							"pivot": [0.8, 19.2, -38.55],
							"rotation": [0, 0, 90],
							"uv": {
								"north": {"uv": [99, 22], "uv_size": [4, -2]},
								"east": {"uv": [99, 22], "uv_size": [4, -2]},
								"south": {"uv": [99, 22], "uv_size": [4, -2]},
								"west": {"uv": [99, 22], "uv_size": [4, -2]},
								"up": {"uv": [103, 20], "uv_size": [-4, 2]},
								"down": {"uv": [103, 20], "uv_size": [-4, 2]}
							}
						},
						{
							"origin": [-1.95, 19.65, -46.75],
							"size": [0.5, 1.25, 0.4],
							"pivot": [-1.2, 20.9, -38.55],
							"rotation": [0, 0, -40],
							"uv": {
								"north": {"uv": [99, 22], "uv_size": [4, -2]},
								"east": {"uv": [99, 22], "uv_size": [4, -2]},
								"south": {"uv": [99, 22], "uv_size": [4, -2]},
								"west": {"uv": [99, 22], "uv_size": [4, -2]},
								"up": {"uv": [103, 20], "uv_size": [-4, 2]},
								"down": {"uv": [103, 20], "uv_size": [-4, 2]}
							}
						},
						{
							"origin": [1.45, 19, -46.35],
							"size": [0.5, 1.2, 0.9],
							"pivot": [2.2, 20.3, -38.55],
							"rotation": [0, 0, 40],
							"uv": {
								"north": {"uv": [82, 20], "uv_size": [5, 4]},
								"east": {"uv": [82, 20], "uv_size": [5, 4]},
								"south": {"uv": [82, 20], "uv_size": [5, 4]},
								"west": {"uv": [82, 20], "uv_size": [5, 4]},
								"up": {"uv": [87, 24], "uv_size": [-5, -4]},
								"down": {"uv": [87, 24], "uv_size": [-5, -4]}
							}
						},
						{
							"origin": [0.05, 17.41, -46.35],
							"size": [0.5, 2.16, 15.8],
							"pivot": [0.8, 19.2, -38.55],
							"rotation": [0, 0, 90],
							"uv": {
								"north": {"uv": [82, 20], "uv_size": [5, 4]},
								"east": {"uv": [82, 20], "uv_size": [5, 4]},
								"south": {"uv": [82, 20], "uv_size": [5, 4]},
								"west": {"uv": [82, 20], "uv_size": [5, 4]},
								"up": {"uv": [87, 24], "uv_size": [-5, -4]},
								"down": {"uv": [87, 24], "uv_size": [-5, -4]}
							}
						},
						{
							"origin": [-1.95, 19.65, -46.35],
							"size": [0.5, 1.25, 0.8],
							"pivot": [-1.2, 20.9, -38.55],
							"rotation": [0, 0, -40],
							"uv": {
								"north": {"uv": [57, 32], "uv_size": [14, -4]},
								"east": {"uv": [57, 32], "uv_size": [14, -4]},
								"south": {"uv": [57, 32], "uv_size": [14, -4]},
								"west": {"uv": [57, 32], "uv_size": [14, -4]},
								"up": {"uv": [71, 28], "uv_size": [-14, 4]},
								"down": {"uv": [71, 28], "uv_size": [-14, 4]}
							}
						},
						{
							"origin": [-1.75, 20.4, -46.75],
							"size": [0.6, 3.1, 0.4],
							"uv": {
								"north": {"uv": [99, 20], "uv_size": [4, 2]},
								"east": {"uv": [99, 20], "uv_size": [4, 2]},
								"south": {"uv": [99, 20], "uv_size": [4, 2]},
								"west": {"uv": [99, 20], "uv_size": [4, 2]},
								"up": {"uv": [103, 22], "uv_size": [-4, -2]},
								"down": {"uv": [103, 22], "uv_size": [-4, -2]}
							}
						},
						{
							"origin": [1.35, 20.4, -46.75],
							"size": [0.6, 3.1, 0.4],
							"uv": {
								"north": {"uv": [99, 20], "uv_size": [4, 2]},
								"east": {"uv": [99, 20], "uv_size": [4, 2]},
								"south": {"uv": [99, 20], "uv_size": [4, 2]},
								"west": {"uv": [99, 20], "uv_size": [4, 2]},
								"up": {"uv": [103, 22], "uv_size": [-4, -2]},
								"down": {"uv": [103, 22], "uv_size": [-4, -2]}
							}
						},
						{
							"origin": [-1.65, 23.6, -36.35],
							"size": [0.4, 0.3, 0.2],
							"pivot": [-1.4, 23.7, -35.95],
							"rotation": [-45, 0, 0],
							"uv": {
								"north": {"uv": [57, 28], "uv_size": [14, 4]},
								"east": {"uv": [57, 28], "uv_size": [14, 4]},
								"south": {"uv": [57, 28], "uv_size": [14, 4]},
								"west": {"uv": [57, 28], "uv_size": [14, 4]},
								"up": {"uv": [71, 32], "uv_size": [-14, -4]},
								"down": {"uv": [71, 32], "uv_size": [-14, -4]}
							}
						}
					]
				},
				{
					"name": "rotateddown",
					"parent": "handguard2",
					"pivot": [0.1, 19.4, -46.15],
					"rotation": [2, 0, 0]
				},
				{
					"name": "bone33",
					"parent": "rotateddown",
					"pivot": [-0.9, 16.6, -37.65],
					"rotation": [-4, 0, 0],
					"cubes": [
						{
							"origin": [1.35, 19.8, -46.15],
							"size": [0.6, 0.5, 14.1],
							"uv": {
								"north": {"uv": [104, 103], "uv_size": [1, 4]},
								"east": {"uv": [57, 28], "uv_size": [14, 4]},
								"south": {"uv": [60, 105], "uv_size": [1, 4]},
								"west": {"uv": [57, 32], "uv_size": [14, 4]},
								"up": {"uv": [84, 88], "uv_size": [1, 14]},
								"down": {"uv": [3, 103], "uv_size": [1, -14]}
							}
						},
						{
							"origin": [-1.75, 19.8, -46.15],
							"size": [0.6, 0.5, 14.1],
							"uv": {
								"north": {"uv": [0, 104], "uv_size": [1, 4]},
								"east": {"uv": [54, 15], "uv_size": [14, 4]},
								"south": {"uv": [4, 104], "uv_size": [1, 4]},
								"west": {"uv": [57, 24], "uv_size": [14, 4]},
								"up": {"uv": [55, 88], "uv_size": [1, 14]},
								"down": {"uv": [72, 102], "uv_size": [1, -14]}
							}
						}
					]
				},
				{
					"name": "bone32",
					"parent": "rotateddown",
					"pivot": [0.2, 19.5, -45.95],
					"rotation": [-4, 0, 0],
					"cubes": [
						{
							"origin": [-1.95, 19.65678, -46.12137],
							"size": [0.5, 1.25, 19.4],
							"pivot": [-1.2, 20.90678, -36.62137],
							"rotation": [0, 0, -40],
							"uv": {
								"north": {"uv": [82, 20], "uv_size": [5, 4]},
								"east": {"uv": [82, 20], "uv_size": [5, 4]},
								"south": {"uv": [82, 20], "uv_size": [5, 4]},
								"west": {"uv": [82, 20], "uv_size": [5, 4]},
								"up": {"uv": [87, 24], "uv_size": [-5, -4]},
								"down": {"uv": [87, 24], "uv_size": [-5, -4]}
							}
						},
						{
							"origin": [0.05, 17.41678, -46.12137],
							"size": [0.5, 2.16, 19.4],
							"pivot": [0.8, 19.20678, -36.62137],
							"rotation": [0, 0, 90],
							"uv": {
								"north": {"uv": [82, 20], "uv_size": [5, 4]},
								"east": {"uv": [82, 20], "uv_size": [5, 4]},
								"south": {"uv": [82, 20], "uv_size": [5, 4]},
								"west": {"uv": [82, 20], "uv_size": [5, 4]},
								"up": {"uv": [87, 24], "uv_size": [-5, -4]},
								"down": {"uv": [87, 24], "uv_size": [-5, -4]}
							}
						},
						{
							"origin": [1.45, 19.00678, -46.12137],
							"size": [0.5, 1.2, 19.4],
							"pivot": [2.2, 20.30678, -36.62137],
							"rotation": [0, 0, 40],
							"uv": {
								"north": {"uv": [82, 20], "uv_size": [5, 4]},
								"east": {"uv": [82, 20], "uv_size": [5, 4]},
								"south": {"uv": [82, 20], "uv_size": [5, 4]},
								"west": {"uv": [82, 20], "uv_size": [5, 4]},
								"up": {"uv": [87, 24], "uv_size": [-5, -4]},
								"down": {"uv": [87, 24], "uv_size": [-5, -4]}
							}
						}
					]
				},
				{
					"name": "rotateddown2",
					"parent": "handguard2",
					"pivot": [0.1, 19.2, -34.15],
					"rotation": [-17, 0, 0]
				},
				{
					"name": "bone36",
					"parent": "rotateddown2",
					"pivot": [-0.9, 16.4, -25.65],
					"rotation": [-4, 0, 0],
					"cubes": [
						{
							"origin": [1.35, 19.6, -34.15],
							"size": [0.6, 0.5, 4.4],
							"uv": {
								"north": {"uv": [104, 103], "uv_size": [1, 4]},
								"east": {"uv": [57, 28], "uv_size": [14, 4]},
								"south": {"uv": [73, 88], "uv_size": [-1, 14]},
								"west": {"uv": [57, 32], "uv_size": [14, 4]},
								"up": {"uv": [84, 88], "uv_size": [1, 14]},
								"down": {"uv": [3, 103], "uv_size": [1, -14]}
							}
						},
						{
							"origin": [-1.75, 20.1, -31.85],
							"size": [3.7, 0.7, 2.1],
							"uv": {
								"north": {"uv": [104, 103], "uv_size": [1, 4]},
								"east": {"uv": [57, 28], "uv_size": [14, 4]},
								"south": {"uv": [73, 88], "uv_size": [-1, 14]},
								"west": {"uv": [57, 32], "uv_size": [14, 4]},
								"up": {"uv": [84, 88], "uv_size": [1, 14]},
								"down": {"uv": [3, 103], "uv_size": [1, -14]}
							}
						},
						{
							"origin": [-1.75, 19.6, -34.15],
							"size": [0.6, 0.5, 4.4],
							"uv": {
								"north": {"uv": [0, 104], "uv_size": [1, 4]},
								"east": {"uv": [54, 15], "uv_size": [14, 4]},
								"south": {"uv": [73, 88], "uv_size": [-1, 14]},
								"west": {"uv": [57, 24], "uv_size": [14, 4]},
								"up": {"uv": [55, 88], "uv_size": [1, 14]},
								"down": {"uv": [72, 102], "uv_size": [1, -14]}
							}
						}
					]
				},
				{
					"name": "bone37",
					"parent": "rotateddown2",
					"pivot": [0.2, 19.3, -33.95],
					"rotation": [-4, 0, 0],
					"cubes": [
						{
							"origin": [-1.95, 19.45678, -34.12137],
							"size": [0.5, 1.25, 4.5],
							"pivot": [-1.2, 20.70678, -24.62137],
							"rotation": [0, 0, -40],
							"uv": {
								"north": {"uv": [57, 32], "uv_size": [14, -4]},
								"east": {"uv": [57, 32], "uv_size": [14, -4]},
								"south": {"uv": [57, 32], "uv_size": [14, -4]},
								"west": {"uv": [57, 32], "uv_size": [14, -4]},
								"up": {"uv": [71, 28], "uv_size": [-14, 4]},
								"down": {"uv": [71, 28], "uv_size": [-14, 4]}
							}
						},
						{
							"origin": [0.05, 17.21678, -34.12137],
							"size": [0.5, 2.16, 4.4],
							"pivot": [0.8, 19.00678, -24.62137],
							"rotation": [0, 0, 90],
							"uv": {
								"north": {"uv": [57, 32], "uv_size": [14, -4]},
								"east": {"uv": [57, 32], "uv_size": [14, -4]},
								"south": {"uv": [57, 32], "uv_size": [14, -4]},
								"west": {"uv": [57, 32], "uv_size": [14, -4]},
								"up": {"uv": [71, 28], "uv_size": [-14, 4]},
								"down": {"uv": [71, 28], "uv_size": [-14, 4]}
							}
						},
						{
							"origin": [1.45, 18.80678, -34.12137],
							"size": [0.5, 1.2, 4.5],
							"pivot": [2.2, 20.10678, -24.62137],
							"rotation": [0, 0, 40],
							"uv": {
								"north": {"uv": [57, 36], "uv_size": [14, -4]},
								"east": {"uv": [57, 36], "uv_size": [14, -4]},
								"south": {"uv": [57, 36], "uv_size": [14, -4]},
								"west": {"uv": [57, 36], "uv_size": [14, -4]},
								"up": {"uv": [71, 32], "uv_size": [-14, 4]},
								"down": {"uv": [71, 32], "uv_size": [-14, 4]}
							}
						}
					]
				},
				{
					"name": "rotateddown3",
					"parent": "handguard2",
					"pivot": [0.1, 18.8, -26.75],
					"rotation": [12, 0, 0]
				},
				{
					"name": "bone34",
					"parent": "rotateddown3",
					"pivot": [0.2, 18.4, -28.45],
					"rotation": [13, 0, 0],
					"cubes": [
						{
							"origin": [-1.95, 18.55678, -29.32137],
							"size": [0.5, 1.25, 2.6],
							"pivot": [-1.2, 19.80678, -19.12137],
							"rotation": [0, 0, -40],
							"uv": {
								"north": {"uv": [57, 32], "uv_size": [14, -4]},
								"east": {"uv": [57, 32], "uv_size": [14, -4]},
								"south": {"uv": [57, 32], "uv_size": [14, -4]},
								"west": {"uv": [57, 32], "uv_size": [14, -4]},
								"up": {"uv": [71, 28], "uv_size": [-14, 4]},
								"down": {"uv": [71, 28], "uv_size": [-14, 4]}
							}
						},
						{
							"origin": [0.05, 16.31678, -29.52137],
							"size": [0.5, 2.16, 2.8],
							"pivot": [0.8, 18.10678, -19.12137],
							"rotation": [0, 0, 90],
							"uv": {
								"north": {"uv": [57, 32], "uv_size": [14, -4]},
								"east": {"uv": [57, 32], "uv_size": [14, -4]},
								"south": {"uv": [57, 32], "uv_size": [14, -4]},
								"west": {"uv": [57, 32], "uv_size": [14, -4]},
								"up": {"uv": [71, 28], "uv_size": [-14, 4]},
								"down": {"uv": [71, 28], "uv_size": [-14, 4]}
							}
						},
						{
							"origin": [1.45, 17.90678, -29.32137],
							"size": [0.5, 1.2, 2.6],
							"pivot": [2.2, 19.20678, -19.12137],
							"rotation": [0, 0, 40],
							"uv": {
								"north": {"uv": [57, 36], "uv_size": [14, -4]},
								"east": {"uv": [57, 36], "uv_size": [14, -4]},
								"south": {"uv": [57, 36], "uv_size": [14, -4]},
								"west": {"uv": [57, 36], "uv_size": [14, -4]},
								"up": {"uv": [71, 32], "uv_size": [-14, 4]},
								"down": {"uv": [71, 32], "uv_size": [-14, 4]}
							}
						}
					]
				},
				{
					"name": "bone35",
					"parent": "rotateddown3",
					"pivot": [-0.9, 14.7, -34.25],
					"rotation": [13, 0, 0],
					"cubes": [
						{
							"origin": [1.35, 17.9, -28.65],
							"size": [0.6, 0.6, 2.9],
							"uv": {
								"north": {"uv": [104, 103], "uv_size": [1, 4]},
								"east": {"uv": [57, 28], "uv_size": [14, 4]},
								"south": {"uv": [60, 105], "uv_size": [1, 4]},
								"west": {"uv": [57, 32], "uv_size": [14, 4]},
								"up": {"uv": [84, 88], "uv_size": [1, 14]},
								"down": {"uv": [3, 103], "uv_size": [1, -14]}
							}
						},
						{
							"origin": [-1.75, 18.4, -28.25],
							"size": [3.7, 0.5, 1.2],
							"uv": {
								"north": {"uv": [104, 103], "uv_size": [1, 4]},
								"east": {"uv": [57, 28], "uv_size": [14, 4]},
								"south": {"uv": [60, 105], "uv_size": [1, 4]},
								"west": {"uv": [57, 32], "uv_size": [14, 4]},
								"up": {"uv": [84, 88], "uv_size": [1, 14]},
								"down": {"uv": [3, 103], "uv_size": [1, -14]}
							}
						},
						{
							"origin": [-1.75, 17.9, -28.65],
							"size": [0.6, 0.6, 2.9],
							"uv": {
								"north": {"uv": [0, 104], "uv_size": [1, 4]},
								"east": {"uv": [54, 15], "uv_size": [14, 4]},
								"south": {"uv": [4, 104], "uv_size": [1, 4]},
								"west": {"uv": [57, 24], "uv_size": [14, 4]},
								"up": {"uv": [55, 88], "uv_size": [1, 14]},
								"down": {"uv": [72, 102], "uv_size": [1, -14]}
							}
						}
					]
				},
				{
					"name": "bone13",
					"parent": "handguard2",
					"pivot": [0.3, 17.70678, -29.12137]
				},
				{
					"name": "bone38",
					"parent": "bone13",
					"pivot": [0.3, 17.70678, -29.12137],
					"rotation": [26, 0, 0],
					"cubes": [
						{
							"origin": [1.45, 17.20678, -29.22137],
							"size": [0.5, 1.1, 0.1],
							"pivot": [2.2, 18.50678, -24.12137],
							"rotation": [0, 0, 40],
							"uv": {
								"north": {"uv": [57, 36], "uv_size": [14, -4]},
								"east": {"uv": [57, 36], "uv_size": [14, -4]},
								"south": {"uv": [57, 36], "uv_size": [14, -4]},
								"west": {"uv": [57, 36], "uv_size": [14, -4]},
								"up": {"uv": [71, 32], "uv_size": [-14, 4]},
								"down": {"uv": [71, 32], "uv_size": [-14, 4]}
							}
						},
						{
							"origin": [-1.95, 17.85678, -29.22137],
							"size": [0.5, 1.15, 0.1],
							"pivot": [-1.2, 19.10678, -24.12137],
							"rotation": [0, 0, -40],
							"uv": {
								"north": {"uv": [57, 32], "uv_size": [14, -4]},
								"east": {"uv": [57, 32], "uv_size": [14, -4]},
								"south": {"uv": [57, 32], "uv_size": [14, -4]},
								"west": {"uv": [57, 32], "uv_size": [14, -4]},
								"up": {"uv": [71, 28], "uv_size": [-14, 4]},
								"down": {"uv": [71, 28], "uv_size": [-14, 4]}
							}
						}
					]
				},
				{
					"name": "bone39",
					"parent": "bone13",
					"pivot": [0.3, 17.70678, -29.62137],
					"rotation": [-15, 0, 0],
					"cubes": [
						{
							"origin": [1.45, 17.20678, -29.82137],
							"size": [0.5, 1.1, 0.2],
							"pivot": [2.2, 18.50678, -24.62137],
							"rotation": [0, 0, 40],
							"uv": {
								"north": {"uv": [57, 36], "uv_size": [14, -4]},
								"east": {"uv": [57, 36], "uv_size": [14, -4]},
								"south": {"uv": [57, 36], "uv_size": [14, -4]},
								"west": {"uv": [57, 36], "uv_size": [14, -4]},
								"up": {"uv": [71, 32], "uv_size": [-14, 4]},
								"down": {"uv": [71, 32], "uv_size": [-14, 4]}
							}
						},
						{
							"origin": [-1.95, 17.85678, -29.82137],
							"size": [0.5, 1.15, 0.2],
							"pivot": [-1.2, 19.10678, -24.62137],
							"rotation": [0, 0, -40],
							"uv": {
								"north": {"uv": [57, 32], "uv_size": [14, -4]},
								"east": {"uv": [57, 32], "uv_size": [14, -4]},
								"south": {"uv": [57, 32], "uv_size": [14, -4]},
								"west": {"uv": [57, 32], "uv_size": [14, -4]},
								"up": {"uv": [71, 28], "uv_size": [-14, 4]},
								"down": {"uv": [71, 28], "uv_size": [-14, 4]}
							}
						}
					]
				},
				{
					"name": "bone40",
					"parent": "bone13",
					"pivot": [0.3, 17.70678, -29.22137],
					"rotation": [5, 0, 0],
					"cubes": [
						{
							"origin": [1.45, 17.20678, -29.52137],
							"size": [0.5, 1.1, 0.3],
							"pivot": [2.2, 18.50678, -24.22137],
							"rotation": [0, 0, 40],
							"uv": {
								"north": {"uv": [57, 36], "uv_size": [14, -4]},
								"east": {"uv": [57, 36], "uv_size": [14, -4]},
								"south": {"uv": [57, 36], "uv_size": [14, -4]},
								"west": {"uv": [57, 36], "uv_size": [14, -4]},
								"up": {"uv": [71, 32], "uv_size": [-14, 4]},
								"down": {"uv": [71, 32], "uv_size": [-14, 4]}
							}
						},
						{
							"origin": [-1.95, 17.85678, -29.52137],
							"size": [0.5, 1.15, 0.3],
							"pivot": [-1.2, 19.10678, -24.22137],
							"rotation": [0, 0, -40],
							"uv": {
								"north": {"uv": [57, 32], "uv_size": [14, -4]},
								"east": {"uv": [57, 32], "uv_size": [14, -4]},
								"south": {"uv": [57, 32], "uv_size": [14, -4]},
								"west": {"uv": [57, 32], "uv_size": [14, -4]},
								"up": {"uv": [71, 28], "uv_size": [-14, 4]},
								"down": {"uv": [71, 28], "uv_size": [-14, 4]}
							}
						}
					]
				},
				{
					"name": "bone41",
					"parent": "bone13",
					"pivot": [0.3, 17.70678, -29.42137],
					"rotation": [-2, 0, 0],
					"cubes": [
						{
							"origin": [1.45, 17.20678, -29.72137],
							"size": [0.5, 1.1, 0.3],
							"pivot": [2.2, 18.50678, -24.42137],
							"rotation": [0, 0, 40],
							"uv": {
								"north": {"uv": [57, 36], "uv_size": [14, -4]},
								"east": {"uv": [57, 36], "uv_size": [14, -4]},
								"south": {"uv": [57, 36], "uv_size": [14, -4]},
								"west": {"uv": [57, 36], "uv_size": [14, -4]},
								"up": {"uv": [71, 32], "uv_size": [-14, 4]},
								"down": {"uv": [71, 32], "uv_size": [-14, 4]}
							}
						},
						{
							"origin": [-1.95, 17.85678, -29.72137],
							"size": [0.5, 1.15, 0.3],
							"pivot": [-1.2, 19.10678, -24.42137],
							"rotation": [0, 0, -40],
							"uv": {
								"north": {"uv": [57, 32], "uv_size": [14, -4]},
								"east": {"uv": [57, 32], "uv_size": [14, -4]},
								"south": {"uv": [57, 32], "uv_size": [14, -4]},
								"west": {"uv": [57, 32], "uv_size": [14, -4]},
								"up": {"uv": [71, 28], "uv_size": [-14, 4]},
								"down": {"uv": [71, 28], "uv_size": [-14, 4]}
							}
						}
					]
				},
				{
					"name": "bone42",
					"parent": "bone13",
					"pivot": [0.3, 17.70678, -29.62137],
					"rotation": [-11, 0, 0],
					"cubes": [
						{
							"origin": [1.45, 17.20678, -29.92137],
							"size": [0.5, 1.1, 0.3],
							"pivot": [2.2, 18.50678, -24.62137],
							"rotation": [0, 0, 40],
							"uv": {
								"north": {"uv": [57, 36], "uv_size": [14, -4]},
								"east": {"uv": [57, 36], "uv_size": [14, -4]},
								"south": {"uv": [57, 36], "uv_size": [14, -4]},
								"west": {"uv": [57, 36], "uv_size": [14, -4]},
								"up": {"uv": [71, 32], "uv_size": [-14, 4]},
								"down": {"uv": [71, 32], "uv_size": [-14, 4]}
							}
						},
						{
							"origin": [-1.95, 17.85678, -29.92137],
							"size": [0.5, 1.15, 0.3],
							"pivot": [-1.2, 19.10678, -24.62137],
							"rotation": [0, 0, -40],
							"uv": {
								"north": {"uv": [57, 32], "uv_size": [14, -4]},
								"east": {"uv": [57, 32], "uv_size": [14, -4]},
								"south": {"uv": [57, 32], "uv_size": [14, -4]},
								"west": {"uv": [57, 32], "uv_size": [14, -4]},
								"up": {"uv": [71, 28], "uv_size": [-14, 4]},
								"down": {"uv": [71, 28], "uv_size": [-14, 4]}
							}
						}
					]
				},
				{
					"name": "bone14",
					"parent": "handguard2",
					"pivot": [2.5, 21.1, -40.35],
					"rotation": [0, -1, 0]
				},
				{
					"name": "bone15",
					"parent": "handguard2",
					"pivot": [-2.4, 21.1, -31.45],
					"rotation": [0, 179, 0]
				},
				{
					"name": "bone28",
					"parent": "handguard2",
					"pivot": [2.5, 21.1, -40.35],
					"rotation": [0, -1, 0]
				},
				{
					"name": "bone29",
					"parent": "handguard2",
					"pivot": [-2.4, 21.1, -31.45],
					"rotation": [0, 179, 0]
				},
				{
					"name": "_ca_handguardak",
					"parent": "main",
					"pivot": [-0.2, 16.35, -31.025],
					"cubes": [
						{"origin": [-0.5, 19.15, -26.625], "size": [1, 1, 1], "uv": [27, 121]}
					]
				}
			]
		}
	]
}