{
	"format_version": "1.12.0",
	"minecraft:geometry": [
		{
			"description": {
				"identifier": "geometry.unknown",
				"texture_width": 128,
				"texture_height": 128,
				"visible_bounds_width": 11,
				"visible_bounds_height": 5,
				"visible_bounds_offset": [0, 0.5, 0]
			},
			"bones": [
				{
					"name": "main",
					"pivot": [0, 20, 0]
				},
				{
					"name": "gun",
					"parent": "main",
					"pivot": [1, 11, -1]
				},
				{
					"name": "barrel",
					"parent": "gun",
					"pivot": [0.2, 22.6, -82.85],
					"cubes": [
						{
							"origin": [-0.9, 21.6, -80.05],
							"size": [2.1, 2, 60.1],
							"inflate": -0.3,
							"pivot": [0.2, 22.6, -82.85],
							"rotation": [0, 0, -20],
							"uv": {
								"north": {"uv": [103, 34], "uv_size": [2, 2]},
								"east": {"uv": [39, 20], "uv_size": [37, 2]},
								"south": {"uv": [61, 27], "uv_size": [2, 2]},
								"west": {"uv": [39, 22], "uv_size": [37, 2]},
								"up": {"uv": [39, 24], "uv_size": [2, 37]},
								"down": {"uv": [41, 61], "uv_size": [2, -37]}
							}
						},
						{
							"origin": [-0.55, 19.975, -78.75],
							"size": [1.5, 2.3, 1.75],
							"inflate": -0.2,
							"uv": {
								"north": {"uv": [106, 61], "uv_size": [2, 2]},
								"east": {"uv": [106, 63], "uv_size": [2, 2]},
								"south": {"uv": [106, 66], "uv_size": [2, 2]},
								"west": {"uv": [106, 68], "uv_size": [2, 2]},
								"up": {"uv": [75, 106], "uv_size": [2, 2]},
								"down": {"uv": [106, 77], "uv_size": [2, -2]}
							}
						},
						{
							"origin": [-0.4, 20.1, -77.55],
							"size": [1.3, 1.3, 57.7],
							"inflate": -0.3,
							"pivot": [0.2, 20.7, -89.95],
							"rotation": [0, 0, -20],
							"uv": {
								"north": {"uv": [19, 116], "uv_size": [1, 1]},
								"east": {"uv": [54, 19], "uv_size": [37, 1]},
								"south": {"uv": [116, 19], "uv_size": [1, 1]},
								"west": {"uv": [66, 44], "uv_size": [37, 1]},
								"up": {"uv": [26, 64], "uv_size": [1, 37]},
								"down": {"uv": [27, 101], "uv_size": [1, -37]}
							}
						}
					]
				},
				{
					"name": "muzbrake",
					"parent": "barrel",
					"pivot": [0.2, 22.525, -78.15],
					"cubes": [
						{
							"origin": [-0.8, 21.525, -87.75],
							"size": [2, 2, 8],
							"pivot": [0.2, 22.525, -87.75],
							"rotation": [0, 0, -20],
							"uv": {
								"north": {"uv": [18, 106], "uv_size": [2, 2]},
								"east": {"uv": [85, 61], "uv_size": [8, 2]},
								"south": {"uv": [22, 106], "uv_size": [2, 2]},
								"west": {"uv": [86, 42], "uv_size": [8, 2]},
								"up": {"uv": [75, 86], "uv_size": [2, 8]},
								"down": {"uv": [77, 94], "uv_size": [2, -8]}
							}
						}
					]
				},
				{
					"name": "muzzleflash",
					"parent": "main",
					"pivot": [0, 22.5, -86.95],
					"cubes": [
						{
							"origin": [-0.5, 22.25, -88.55],
							"size": [1, 1, 1],
							"inflate": -0.4,
							"uv": {
								"north": {"uv": [69, 73], "uv_size": [1, 1]},
								"east": {"uv": [80, 78], "uv_size": [1, 1]},
								"south": {"uv": [55, 82], "uv_size": [1, 1]},
								"west": {"uv": [84, 61], "uv_size": [1, 1]},
								"up": {"uv": [90, 27], "uv_size": [1, 1]},
								"down": {"uv": [90, 76], "uv_size": [1, -1]}
							}
						}
					]
				},
				{
					"name": "_cb_suppressor",
					"parent": "main",
					"pivot": [0.2, 22.75, -88.825],
					"cubes": [
						{"origin": [-0.3, 22.125, -80.75], "size": [1, 1, 1], "uv": [8, 121]}
					]
				},
				{
					"name": "_ca_barrelsig",
					"parent": "main",
					"pivot": [-0.2, 21.35, -40.325],
					"cubes": [
						{"origin": [-0.4, 22.25, -34.125], "size": [1, 1, 1], "uv": [24, 121]}
					]
				}
			]
		}
	]
}