{
	"format_version": "1.12.0",
	"minecraft:geometry": [
		{
			"description": {
				"identifier": "geometry.unknown",
				"texture_width": 128,
				"texture_height": 128,
				"visible_bounds_width": 9,
				"visible_bounds_height": 5,
				"visible_bounds_offset": [0, 0.5, 0]
			},
			"bones": [
				{
					"name": "main",
					"pivot": [0, 20, 0]
				},
				{
					"name": "_ca_lowerak",
					"parent": "main",
					"pivot": [-0.2, 19.45, -1.025],
					"cubes": [
						{"origin": [-1.25, 18.45, -9.625], "size": [1, 1, 1], "uv": [27, 69]}
					]
				},
				{
					"name": "lowerbody2",
					"parent": "main",
					"pivot": [0.65, 18.1, -9],
					"rotation": [-2, 0, 0]
				},
				{
					"name": "pgriptrigger2",
					"parent": "lowerbody2",
					"pivot": [-1.1, 17.5, -15.55],
					"cubes": [
						{
							"origin": [-1.25, 15.1, -1.45],
							"size": [2.7, 3.4, 5.95],
							"uv": {
								"north": {"uv": [82, 20], "uv_size": [5, 4]},
								"east": {"uv": [82, 20], "uv_size": [5, 4]},
								"south": {"uv": [82, 20], "uv_size": [5, 4]},
								"west": {"uv": [82, 20], "uv_size": [5, 4]},
								"up": {"uv": [87, 24], "uv_size": [-5, -4]},
								"down": {"uv": [87, 24], "uv_size": [-5, -4]}
							}
						},
						{
							"origin": [-1.35, 14.84, -2],
							"size": [2.9, 4.2, 0.7],
							"inflate": -0.1,
							"uv": {
								"north": {"uv": [82, 45], "uv_size": [6, 3]},
								"east": {"uv": [82, 45], "uv_size": [6, 3]},
								"south": {"uv": [82, 45], "uv_size": [6, 3]},
								"west": {"uv": [82, 45], "uv_size": [6, 3]},
								"up": {"uv": [88, 48], "uv_size": [-6, -3]},
								"down": {"uv": [88, 48], "uv_size": [-6, -3]}
							}
						},
						{
							"origin": [-1.25, 16.5, 4.4],
							"size": [2.7, 2, 2.2],
							"inflate": -0.002,
							"pivot": [-0.35, 16.5, 4.4],
							"rotation": [66, 0, 0],
							"uv": {
								"north": {"uv": [102, 82], "uv_size": [-3, 2]},
								"east": {"uv": [102, 82], "uv_size": [-3, 2]},
								"south": {"uv": [102, 82], "uv_size": [-3, 2]},
								"west": {"uv": [102, 82], "uv_size": [-3, 2]},
								"up": {"uv": [99, 84], "uv_size": [3, -2]},
								"down": {"uv": [99, 84], "uv_size": [3, -2]}
							}
						},
						{
							"origin": [-0.85, 15.25, -5.15],
							"size": [1.9, 4, 1],
							"inflate": -0.1,
							"pivot": [1.15, 15.25, -4.15],
							"rotation": [-21, 0, 0],
							"uv": {
								"north": {"uv": [83, 103], "uv_size": [1, 4]},
								"east": {"uv": [83, 103], "uv_size": [1, 4]},
								"south": {"uv": [83, 103], "uv_size": [1, 4]},
								"west": {"uv": [83, 103], "uv_size": [1, 4]},
								"up": {"uv": [84, 107], "uv_size": [-1, -4]},
								"down": {"uv": [84, 107], "uv_size": [-1, -4]}
							}
						},
						{
							"origin": [-1.25, 6.9, 3.1],
							"size": [2.7, 7.9, 4.8],
							"pivot": [0.75, 7, 2.8],
							"rotation": [26, 0, 0],
							"uv": {
								"north": {"uv": [82, 20], "uv_size": [5, 4]},
								"east": {"uv": [82, 20], "uv_size": [5, 4]},
								"south": {"uv": [82, 20], "uv_size": [5, 4]},
								"west": {"uv": [82, 20], "uv_size": [5, 4]},
								"up": {"uv": [87, 24], "uv_size": [-5, -4]},
								"down": {"uv": [87, 24], "uv_size": [-5, -4]}
							}
						},
						{
							"origin": [-1.05, 9.8, 3],
							"size": [0.4, 5, 0.1],
							"pivot": [0.75, 7, 2.8],
							"rotation": [26, 0, 0],
							"uv": {
								"north": {"uv": [71, 59], "uv_size": [0, 1]},
								"east": {"uv": [71, 59], "uv_size": [0, 1]},
								"south": {"uv": [71, 59], "uv_size": [0, 1]},
								"west": {"uv": [71, 59], "uv_size": [0, 1]},
								"up": {"uv": [71, 60], "uv_size": [0, -1]},
								"down": {"uv": [71, 60], "uv_size": [0, -1]}
							}
						},
						{
							"origin": [0.85, 9.8, 3],
							"size": [0.4, 5, 0.1],
							"pivot": [2.65, 7, 2.8],
							"rotation": [26, 0, 0],
							"uv": {
								"north": {"uv": [71, 59], "uv_size": [0, 1]},
								"east": {"uv": [71, 59], "uv_size": [0, 1]},
								"south": {"uv": [71, 59], "uv_size": [0, 1]},
								"west": {"uv": [71, 59], "uv_size": [0, 1]},
								"up": {"uv": [71, 60], "uv_size": [0, -1]},
								"down": {"uv": [71, 60], "uv_size": [0, -1]}
							}
						},
						{
							"origin": [-0.1, 9.8, 3],
							"size": [0.4, 5, 0.1],
							"pivot": [1.75, 7, 2.8],
							"rotation": [26, 0, 0],
							"uv": {
								"north": {"uv": [71, 59], "uv_size": [0, 1]},
								"east": {"uv": [71, 59], "uv_size": [0, 1]},
								"south": {"uv": [71, 59], "uv_size": [0, 1]},
								"west": {"uv": [71, 59], "uv_size": [0, 1]},
								"up": {"uv": [71, 60], "uv_size": [0, -1]},
								"down": {"uv": [71, 60], "uv_size": [0, -1]}
							}
						},
						{
							"origin": [-1.25, 5.8, 7.5],
							"size": [2.7, 1.1, 0.4],
							"pivot": [0.75, 7, 2.8],
							"rotation": [26, 0, 0],
							"uv": {
								"north": {"uv": [82, 45], "uv_size": [6, 3]},
								"east": {"uv": [82, 45], "uv_size": [6, 3]},
								"south": {"uv": [82, 45], "uv_size": [6, 3]},
								"west": {"uv": [82, 45], "uv_size": [6, 3]},
								"up": {"uv": [88, 48], "uv_size": [-6, -3]},
								"down": {"uv": [88, 48], "uv_size": [-6, -3]}
							}
						},
						{
							"origin": [-1.25, 10.46, 8.3],
							"size": [2.7, 0.49, 0.4],
							"pivot": [0.75, 10.9, 3.6],
							"rotation": [-33, 0, 0],
							"uv": {
								"north": {"uv": [82, 45], "uv_size": [6, 3]},
								"east": {"uv": [82, 45], "uv_size": [6, 3]},
								"south": {"uv": [82, 45], "uv_size": [6, 3]},
								"west": {"uv": [82, 45], "uv_size": [6, 3]},
								"up": {"uv": [88, 48], "uv_size": [-6, -3]},
								"down": {"uv": [88, 48], "uv_size": [-6, -3]}
							}
						},
						{
							"origin": [-1.25, 15.4, 4.7],
							"size": [2.7, 2.4, 2.6],
							"pivot": [0.75, 9.4, 4.7],
							"rotation": [47, 0, 0],
							"uv": {
								"north": {"uv": [99, 95], "uv_size": [3, 2]},
								"east": {"uv": [100, 27], "uv_size": [3, 2]},
								"south": {"uv": [100, 29], "uv_size": [3, 2]},
								"west": {"uv": [100, 34], "uv_size": [3, 2]},
								"up": {"uv": [94, 76], "uv_size": [3, 3]},
								"down": {"uv": [95, 3], "uv_size": [3, -3]}
							}
						},
						{
							"origin": [-1.25, 7.3, 2.1],
							"size": [2.7, 2.2, 1],
							"pivot": [0.75, 1.1, 2.1],
							"rotation": [1, 0, 0],
							"uv": {
								"north": {"uv": [82, 45], "uv_size": [6, 3]},
								"east": {"uv": [82, 45], "uv_size": [6, 3]},
								"south": {"uv": [82, 45], "uv_size": [6, 3]},
								"west": {"uv": [82, 45], "uv_size": [6, 3]},
								"up": {"uv": [88, 48], "uv_size": [-6, -3]},
								"down": {"uv": [88, 48], "uv_size": [-6, -3]}
							}
						},
						{
							"origin": [-1.25, 7, 2.8],
							"size": [2.7, 1.4, 4.8],
							"pivot": [0.75, 7.6, 2.8],
							"rotation": [9, 0, 0],
							"uv": {
								"north": {"uv": [82, 45], "uv_size": [6, 3]},
								"east": {"uv": [82, 45], "uv_size": [6, 3]},
								"south": {"uv": [82, 45], "uv_size": [6, 3]},
								"west": {"uv": [82, 45], "uv_size": [6, 3]},
								"up": {"uv": [88, 48], "uv_size": [-6, -3]},
								"down": {"uv": [88, 48], "uv_size": [-6, -3]}
							}
						},
						{
							"origin": [-1.25, 7, 1.95],
							"size": [2.7, 0.42, 0.9],
							"pivot": [0.75, 7.6, 2.8],
							"rotation": [9, 0, 0],
							"uv": {
								"north": {"uv": [82, 45], "uv_size": [6, 3]},
								"east": {"uv": [82, 45], "uv_size": [6, 3]},
								"south": {"uv": [82, 45], "uv_size": [6, 3]},
								"west": {"uv": [82, 45], "uv_size": [6, 3]},
								"up": {"uv": [88, 48], "uv_size": [-6, -3]},
								"down": {"uv": [88, 48], "uv_size": [-6, -3]}
							}
						},
						{
							"origin": [-1.35, 12.73, -4.92],
							"size": [2.9, 4, 0.7],
							"inflate": -0.1,
							"pivot": [1.65, 13.7, -3.9],
							"rotation": [-74, 0, 0],
							"uv": {
								"north": {"uv": [82, 45], "uv_size": [6, 3]},
								"east": {"uv": [82, 45], "uv_size": [6, 3]},
								"south": {"uv": [82, 45], "uv_size": [6, 3]},
								"west": {"uv": [82, 45], "uv_size": [6, 3]},
								"up": {"uv": [88, 48], "uv_size": [-6, -3]},
								"down": {"uv": [88, 48], "uv_size": [-6, -3]}
							}
						},
						{
							"origin": [-1.35, 14.84, -8.4],
							"size": [2.9, 4.2, 0.6],
							"inflate": -0.1,
							"uv": {
								"north": {"uv": [82, 45], "uv_size": [6, 3]},
								"east": {"uv": [82, 45], "uv_size": [6, 3]},
								"south": {"uv": [82, 45], "uv_size": [6, 3]},
								"west": {"uv": [82, 45], "uv_size": [6, 3]},
								"up": {"uv": [88, 48], "uv_size": [-6, -3]},
								"down": {"uv": [88, 48], "uv_size": [-6, -3]}
							}
						},
						{
							"origin": [-1.35, 13.94, -6.69],
							"size": [2.9, 5.24, 0.7],
							"inflate": -0.1,
							"pivot": [1.65, 15.1, -5.6],
							"rotation": [74, 0, 0],
							"uv": {
								"north": {"uv": [82, 45], "uv_size": [6, 3]},
								"east": {"uv": [82, 45], "uv_size": [6, 3]},
								"south": {"uv": [82, 45], "uv_size": [6, 3]},
								"west": {"uv": [82, 45], "uv_size": [6, 3]},
								"up": {"uv": [88, 48], "uv_size": [-6, -3]},
								"down": {"uv": [88, 48], "uv_size": [-6, -3]}
							}
						},
						{
							"origin": [-1.35, 15.15, -9.8],
							"size": [2.9, 3.9, 1.6],
							"inflate": -0.1,
							"uv": {
								"north": {"uv": [82, 45], "uv_size": [6, 3]},
								"east": {"uv": [82, 45], "uv_size": [6, 3]},
								"south": {"uv": [82, 45], "uv_size": [6, 3]},
								"west": {"uv": [82, 45], "uv_size": [6, 3]},
								"up": {"uv": [88, 48], "uv_size": [-6, -3]},
								"down": {"uv": [88, 48], "uv_size": [-6, -3]}
							}
						},
						{
							"origin": [-0.85, 13.14, -9.1],
							"size": [1.9, 2.4, 0.6],
							"inflate": -0.1,
							"pivot": [1.65, 10.6, -7.7],
							"rotation": [6, 0, 0],
							"uv": {
								"north": {"uv": [103, 69], "uv_size": [2, 2]},
								"east": {"uv": [95, 88], "uv_size": [1, 2]},
								"south": {"uv": [103, 92], "uv_size": [2, 2]},
								"west": {"uv": [96, 74], "uv_size": [1, 2]},
								"up": {"uv": [93, 85], "uv_size": [2, 1]},
								"down": {"uv": [108, 1], "uv_size": [2, -1]}
							}
						},
						{
							"origin": [-0.85, 15.74, -13.3],
							"size": [1.9, 0.9, 0.6],
							"inflate": -0.1,
							"pivot": [1.65, 11.7, -11.9],
							"rotation": [-54, 0, 0],
							"uv": {
								"north": {"uv": [108, 1], "uv_size": [2, 1]},
								"east": {"uv": [77, 109], "uv_size": [1, 1]},
								"south": {"uv": [108, 9], "uv_size": [2, 1]},
								"west": {"uv": [109, 80], "uv_size": [1, 1]},
								"up": {"uv": [108, 10], "uv_size": [2, 1]},
								"down": {"uv": [108, 19], "uv_size": [2, -1]}
							}
						},
						{
							"origin": [-1.65, 17.7, 0.25],
							"size": [3.5, 0.8, 6.35],
							"uv": {
								"north": {"uv": [82, 45], "uv_size": [6, 3]},
								"east": {"uv": [82, 45], "uv_size": [6, 3]},
								"south": {"uv": [82, 45], "uv_size": [6, 3]},
								"west": {"uv": [82, 45], "uv_size": [6, 3]},
								"up": {"uv": [88, 48], "uv_size": [-6, -3]},
								"down": {"uv": [88, 48], "uv_size": [-6, -3]}
							}
						},
						{
							"origin": [-1.35, 20.1, -1.95],
							"size": [2.9, 0.8, 0.8],
							"pivot": [-1.1, 16.5, -6.75],
							"rotation": [-45, 0, 0],
							"uv": {
								"north": {"uv": [87, 97], "uv_size": [2, 4]},
								"east": {"uv": [87, 97], "uv_size": [2, 4]},
								"south": {"uv": [87, 97], "uv_size": [2, 4]},
								"west": {"uv": [87, 97], "uv_size": [2, 4]},
								"up": {"uv": [89, 101], "uv_size": [-2, -4]},
								"down": {"uv": [89, 101], "uv_size": [-2, -4]}
							}
						},
						{
							"origin": [-1.45, 20.7, -10.75],
							"size": [3.1, 0.4, 0.4],
							"pivot": [-1.1, 16.9, -15.75],
							"rotation": [-45, 0, 0],
							"uv": {
								"north": {"uv": [87, 97], "uv_size": [2, 4]},
								"east": {"uv": [87, 97], "uv_size": [2, 4]},
								"south": {"uv": [87, 97], "uv_size": [2, 4]},
								"west": {"uv": [87, 97], "uv_size": [2, 4]},
								"up": {"uv": [89, 101], "uv_size": [-2, -4]},
								"down": {"uv": [89, 101], "uv_size": [-2, -4]}
							}
						}
					]
				}
			]
		}
	]
}