{
	"format_version": "1.12.0",
	"minecraft:geometry": [
		{
			"description": {
				"identifier": "geometry.unknown",
				"texture_width": 128,
				"texture_height": 128,
				"visible_bounds_width": 9,
				"visible_bounds_height": 5,
				"visible_bounds_offset": [0, 0.5, 0]
			},
			"bones": [
				{
					"name": "main",
					"pivot": [0, 20, 0]
				},
				{
					"name": "gun",
					"parent": "main",
					"pivot": [1, 11, -1]
				},
				{
					"name": "stock",
					"parent": "gun",
					"pivot": [0.65, 8.1, 23.4],
					"cubes": [
						{
							"origin": [-1.3, 10.8, 29.1],
							"size": [2.8, 12.2, 2],
							"uv": {
								"north": {"uv": [65, 65], "uv_size": [5, 8]},
								"east": {"uv": [65, 65], "uv_size": [5, 8]},
								"south": {"uv": [65, 65], "uv_size": [5, 8]},
								"west": {"uv": [65, 65], "uv_size": [5, 8]},
								"up": {"uv": [70, 73], "uv_size": [-5, -8]},
								"down": {"uv": [70, 73], "uv_size": [-5, -8]}
							}
						},
						{
							"origin": [-1.31, 10.9, 30.4],
							"size": [2.82, 5.8, 1.4],
							"pivot": [0.65, 18.7, 31.5],
							"rotation": [5, 0, 0],
							"uv": {
								"north": {"uv": [43, 29], "uv_size": [14, 5]},
								"east": {"uv": [43, 29], "uv_size": [14, 5]},
								"south": {"uv": [43, 29], "uv_size": [14, 5]},
								"west": {"uv": [43, 29], "uv_size": [14, 5]},
								"up": {"uv": [57, 34], "uv_size": [-14, -5]},
								"down": {"uv": [57, 34], "uv_size": [-14, -5]}
							}
						},
						{
							"origin": [-0.59, 14.18135, 31.32706],
							"size": [1.4, 1.4, 1.2],
							"pivot": [0.15, 14.9, 32],
							"rotation": [3.54002, -3.53329, 44.89078],
							"uv": {
								"north": {"uv": [91, 111], "uv_size": [1, 1]},
								"east": {"uv": [91, 111], "uv_size": [1, 1]},
								"south": {"uv": [91, 111], "uv_size": [1, 1]},
								"west": {"uv": [91, 111], "uv_size": [1, 1]},
								"up": {"uv": [92, 112], "uv_size": [-1, -1]},
								"down": {"uv": [92, 112], "uv_size": [-1, -1]}
							}
						},
						{
							"origin": [-1.31, 16.25, 30.9],
							"size": [2.82, 6.7, 1.4],
							"pivot": [0.65, 20.9, 32],
							"rotation": [-5, 0, 0],
							"uv": {
								"north": {"uv": [43, 29], "uv_size": [14, 5]},
								"east": {"uv": [43, 29], "uv_size": [14, 5]},
								"south": {"uv": [43, 29], "uv_size": [14, 5]},
								"west": {"uv": [43, 29], "uv_size": [14, 5]},
								"up": {"uv": [57, 34], "uv_size": [-14, -5]},
								"down": {"uv": [57, 34], "uv_size": [-14, -5]}
							}
						},
						{
							"origin": [-1.3, 13.7, 14.5],
							"size": [2.8, 11.3, 8.3],
							"pivot": [0.65, 21.5, 21.3],
							"rotation": [90, 0, 0],
							"uv": {
								"north": {"uv": [65, 65], "uv_size": [5, 8]},
								"east": {"uv": [65, 65], "uv_size": [5, 8]},
								"south": {"uv": [65, 65], "uv_size": [5, 8]},
								"west": {"uv": [65, 65], "uv_size": [5, 8]},
								"up": {"uv": [70, 73], "uv_size": [-5, -8]},
								"down": {"uv": [70, 73], "uv_size": [-5, -8]}
							}
						},
						{
							"origin": [-1.3, 21.5, 15.2],
							"size": [2.8, 5.7, 4.4],
							"pivot": [0.65, 21.5, 18.1],
							"rotation": [100, 0, 0],
							"uv": {
								"north": {"uv": [65, 65], "uv_size": [5, 8]},
								"east": {"uv": [65, 65], "uv_size": [5, 8]},
								"south": {"uv": [65, 65], "uv_size": [5, 8]},
								"west": {"uv": [65, 65], "uv_size": [5, 8]},
								"up": {"uv": [70, 73], "uv_size": [-5, -8]},
								"down": {"uv": [70, 73], "uv_size": [-5, -8]}
							}
						},
						{
							"origin": [-1.3, 21.9, 10.5],
							"size": [2.8, 3.1, 3.2],
							"pivot": [0.65, 21.9, 11.6],
							"rotation": [-100, 0, 0],
							"uv": {
								"north": {"uv": [65, 65], "uv_size": [5, 8]},
								"east": {"uv": [65, 65], "uv_size": [5, 8]},
								"south": {"uv": [65, 65], "uv_size": [5, 8]},
								"west": {"uv": [65, 65], "uv_size": [5, 8]},
								"up": {"uv": [70, 73], "uv_size": [-5, -8]},
								"down": {"uv": [70, 73], "uv_size": [-5, -8]}
							}
						},
						{
							"origin": [-1.3, 20, 9.2],
							"size": [2.8, 5, 2.6],
							"pivot": [0.65, 21.5, 10.3],
							"rotation": [90, 0, 0],
							"uv": {
								"north": {"uv": [65, 65], "uv_size": [5, 8]},
								"east": {"uv": [65, 65], "uv_size": [5, 8]},
								"south": {"uv": [65, 65], "uv_size": [5, 8]},
								"west": {"uv": [65, 65], "uv_size": [5, 8]},
								"up": {"uv": [70, 73], "uv_size": [-5, -8]},
								"down": {"uv": [70, 73], "uv_size": [-5, -8]}
							}
						},
						{
							"origin": [-1.3, 3.9, 17.5],
							"size": [2.8, 24.5, 3.9],
							"pivot": [0.65, 15.3, 18.6],
							"rotation": [72, 0, 0],
							"uv": {
								"north": {"uv": [65, 65], "uv_size": [5, 8]},
								"east": {"uv": [65, 65], "uv_size": [5, 8]},
								"south": {"uv": [65, 65], "uv_size": [5, 8]},
								"west": {"uv": [65, 65], "uv_size": [5, 8]},
								"up": {"uv": [70, 73], "uv_size": [-5, -8]},
								"down": {"uv": [70, 73], "uv_size": [-5, -8]}
							}
						}
					]
				},
				{
					"name": "_ca_stock",
					"parent": "main",
					"pivot": [-0.2, 19.45, -1.025],
					"cubes": [
						{"origin": [-0.45, 20.75, 6.775], "size": [1, 1, 1], "uv": [24, 121]}
					]
				}
			]
		}
	]
}