{
	"format_version": "1.12.0",
	"minecraft:geometry": [
		{
			"description": {
				"identifier": "geometry.unknown",
				"texture_width": 256,
				"texture_height": 256,
				"visible_bounds_width": 8,
				"visible_bounds_height": 4,
				"visible_bounds_offset": [0, 1, 0]
			},
			"bones": [
				{
					"name": "main",
					"pivot": [0, 20, 0]
				},
				{
					"name": "_ca_stock",
					"parent": "main",
					"pivot": [-0.2, 21.35, 1.175],
					"cubes": [
						{"origin": [-0.45, 23.45, 9.575], "size": [1, 1, 1], "uv": [27, 69]}
					]
				},
				{
					"name": "stock2",
					"parent": "main",
					"pivot": [1.35, 27.8, -5.5],
					"cubes": [
						{
							"origin": [-1.1, 27.00884, 9.99792],
							"size": [2.3, 1, 11.6],
							"inflate": 0.001,
							"pivot": [-0.05, 27.9, 9.6],
							"rotation": [-10.00388, 0.14773, 0.10115],
							"uv": {
								"north": {"uv": [151, 29], "uv_size": [2, 1]},
								"east": {"uv": [118, 11], "uv_size": [12, 1]},
								"south": {"uv": [39, 151], "uv_size": [2, 1]},
								"west": {"uv": [118, 12], "uv_size": [12, 1]},
								"up": {"uv": [94, 88], "uv_size": [2, 12]},
								"down": {"uv": [10, 107], "uv_size": [2, -12]}
							}
						},
						{
							"origin": [-1.1, 24.9231, 11.37087],
							"size": [2.3, 1, 15.1],
							"inflate": 0.001,
							"uv": {
								"north": {"uv": [151, 39], "uv_size": [2, 1]},
								"east": {"uv": [109, 6], "uv_size": [15, 1]},
								"south": {"uv": [151, 40], "uv_size": [2, 1]},
								"west": {"uv": [109, 57], "uv_size": [15, 1]},
								"up": {"uv": [64, 68], "uv_size": [2, 15]},
								"down": {"uv": [84, 94], "uv_size": [2, -15]}
							}
						},
						{
							"origin": [-1.1, 25.5231, 26.47087],
							"size": [2.3, 0.4, 0.2],
							"inflate": 0.001,
							"uv": {
								"north": {"uv": [151, 137], "uv_size": [2, 1]},
								"east": {"uv": [153, 164], "uv_size": [1, 1]},
								"south": {"uv": [151, 138], "uv_size": [2, 1]},
								"west": {"uv": [164, 153], "uv_size": [1, 1]},
								"up": {"uv": [139, 151], "uv_size": [2, 1]},
								"down": {"uv": [151, 140], "uv_size": [2, -1]}
							}
						},
						{
							"origin": [-1.1, 18.3, 4.1],
							"size": [2.3, 2.4, 1.4],
							"inflate": 0.001,
							"pivot": [-0.65, 23.1, 7.2],
							"rotation": [90, 0, 0],
							"uv": {
								"north": {"uv": [11, 141], "uv_size": [2, 2]},
								"east": {"uv": [44, 151], "uv_size": [1, 2]},
								"south": {"uv": [141, 11], "uv_size": [2, 2]},
								"west": {"uv": [151, 44], "uv_size": [1, 2]},
								"up": {"uv": [45, 151], "uv_size": [2, 1]},
								"down": {"uv": [151, 47], "uv_size": [2, -1]}
							}
						},
						{
							"origin": [-1.1, 18.3, 12],
							"size": [2.3, 1.7, 1.4],
							"inflate": 0.001,
							"pivot": [1.15, 20, 12],
							"rotation": [146, 0, 0],
							"uv": {
								"north": {"uv": [141, 80], "uv_size": [2, 2]},
								"east": {"uv": [151, 130], "uv_size": [1, 2]},
								"south": {"uv": [82, 141], "uv_size": [2, 2]},
								"west": {"uv": [131, 151], "uv_size": [1, 2]},
								"up": {"uv": [132, 151], "uv_size": [2, 1]},
								"down": {"uv": [151, 133], "uv_size": [2, -1]}
							}
						},
						{
							"origin": [-1.1, 19.7, 17.9],
							"size": [2.3, 1.7, 1.4],
							"inflate": 0.001,
							"pivot": [1.15, 21.4, 17.9],
							"rotation": [52, 0, 0],
							"uv": {
								"north": {"uv": [141, 89], "uv_size": [2, 2]},
								"east": {"uv": [151, 133], "uv_size": [1, 2]},
								"south": {"uv": [141, 91], "uv_size": [2, 2]},
								"west": {"uv": [134, 151], "uv_size": [1, 2]},
								"up": {"uv": [135, 151], "uv_size": [2, 1]},
								"down": {"uv": [151, 136], "uv_size": [2, -1]}
							}
						},
						{
							"origin": [-1.1, 21.4, 9.5],
							"size": [2.3, 5.6, 2],
							"inflate": 0.001,
							"uv": {
								"north": {"uv": [77, 122], "uv_size": [2, 6]},
								"east": {"uv": [122, 86], "uv_size": [2, 6]},
								"south": {"uv": [122, 92], "uv_size": [2, 6]},
								"west": {"uv": [122, 104], "uv_size": [2, 6]},
								"up": {"uv": [13, 141], "uv_size": [2, 2]},
								"down": {"uv": [15, 143], "uv_size": [2, -2]}
							}
						},
						{
							"origin": [-1.1, 20.5, 11.5],
							"size": [2.3, 4.5, 7.7],
							"inflate": 0.001,
							"uv": {
								"north": {"uv": [98, 53], "uv_size": [2, 5]},
								"east": {"uv": [69, 36], "uv_size": [8, 5]},
								"south": {"uv": [92, 124], "uv_size": [2, 5]},
								"west": {"uv": [69, 67], "uv_size": [8, 5]},
								"up": {"uv": [89, 41], "uv_size": [2, 8]},
								"down": {"uv": [99, 83], "uv_size": [2, -8]}
							}
						},
						{
							"origin": [-1.1, 25.9, 11.5],
							"size": [2.3, 0.8, 4.1],
							"inflate": 0.001,
							"uv": {
								"north": {"uv": [148, 151], "uv_size": [2, 1]},
								"east": {"uv": [141, 74], "uv_size": [4, 1]},
								"south": {"uv": [151, 148], "uv_size": [2, 1]},
								"west": {"uv": [141, 77], "uv_size": [4, 1]},
								"up": {"uv": [126, 114], "uv_size": [2, 4]},
								"down": {"uv": [126, 122], "uv_size": [2, -4]}
							}
						},
						{
							"origin": [-1.1, 20.4, 19.2],
							"size": [2.3, 4.6, 5.9],
							"inflate": 0.001,
							"uv": {
								"north": {"uv": [94, 124], "uv_size": [2, 5]},
								"east": {"uv": [85, 5], "uv_size": [6, 5]},
								"south": {"uv": [96, 124], "uv_size": [2, 5]},
								"west": {"uv": [85, 22], "uv_size": [6, 5]},
								"up": {"uv": [116, 122], "uv_size": [2, 6]},
								"down": {"uv": [122, 122], "uv_size": [2, -6]}
							}
						},
						{
							"origin": [-1.1, 24.1, 25.1],
							"size": [2.3, 0.9, 0.3],
							"inflate": 0.001,
							"uv": {
								"north": {"uv": [152, 0], "uv_size": [2, 1]},
								"east": {"uv": [154, 164], "uv_size": [1, 1]},
								"south": {"uv": [152, 1], "uv_size": [2, 1]},
								"west": {"uv": [164, 154], "uv_size": [1, 1]},
								"up": {"uv": [2, 152], "uv_size": [2, 1]},
								"down": {"uv": [152, 3], "uv_size": [2, -1]}
							}
						},
						{
							"origin": [-0.3, 19.8, 19.2],
							"size": [0.7, 1.7, 5.9],
							"inflate": 0.001,
							"uv": {
								"north": {"uv": [143, 151], "uv_size": [1, 2]},
								"east": {"uv": [123, 0], "uv_size": [6, 2]},
								"south": {"uv": [151, 143], "uv_size": [1, 2]},
								"west": {"uv": [123, 2], "uv_size": [6, 2]},
								"up": {"uv": [1, 130], "uv_size": [1, 6]},
								"down": {"uv": [40, 136], "uv_size": [1, -6]}
							}
						},
						{
							"origin": [-1, 19.4, 19.2],
							"size": [2.3, 1, 5.9],
							"inflate": 0.001,
							"pivot": [1.25, 20.5, 22.2],
							"rotation": [0, 0, 54],
							"uv": {
								"north": {"uv": [151, 140], "uv_size": [2, 1]},
								"east": {"uv": [75, 13], "uv_size": [6, 1]},
								"south": {"uv": [141, 151], "uv_size": [2, 1]},
								"west": {"uv": [97, 7], "uv_size": [6, 1]},
								"up": {"uv": [118, 122], "uv_size": [2, 6]},
								"down": {"uv": [122, 128], "uv_size": [2, -6]}
							}
						},
						{
							"origin": [-1.2, 19.4, 19.2],
							"size": [2.3, 1, 5.9],
							"inflate": 0.001,
							"pivot": [-1.15, 20.5, 22.2],
							"rotation": [0, 0, -54],
							"uv": {
								"north": {"uv": [18, 152], "uv_size": [2, 1]},
								"east": {"uv": [130, 56], "uv_size": [6, 1]},
								"south": {"uv": [152, 18], "uv_size": [2, 1]},
								"west": {"uv": [130, 57], "uv_size": [6, 1]},
								"up": {"uv": [123, 58], "uv_size": [2, 6]},
								"down": {"uv": [123, 82], "uv_size": [2, -6]}
							}
						},
						{
							"origin": [-0.28, 20, 8],
							"size": [1, 6.9, 1.6],
							"inflate": 0.001,
							"pivot": [1.35, 21.8, 11.3],
							"rotation": [0, 35, 0],
							"uv": {
								"north": {"uv": [129, 71], "uv_size": [1, 7]},
								"east": {"uv": [75, 115], "uv_size": [2, 7]},
								"south": {"uv": [129, 83], "uv_size": [1, 7]},
								"west": {"uv": [77, 115], "uv_size": [2, 7]},
								"up": {"uv": [80, 152], "uv_size": [1, 2]},
								"down": {"uv": [152, 89], "uv_size": [1, -2]}
							}
						},
						{
							"origin": [-0.6, 20, 9.7],
							"size": [0.5, 6.9, 1.7],
							"inflate": 0.001,
							"pivot": [1.15, 21.8, 13],
							"rotation": [0, -34, 0],
							"uv": {
								"north": {"uv": [120, 34], "uv_size": [1, 7]},
								"east": {"uv": [115, 27], "uv_size": [2, 7]},
								"south": {"uv": [129, 52], "uv_size": [1, 7]},
								"west": {"uv": [45, 115], "uv_size": [2, 7]},
								"up": {"uv": [43, 152], "uv_size": [1, 2]},
								"down": {"uv": [67, 154], "uv_size": [1, -2]}
							}
						},
						{
							"origin": [-1.15, 26.85, 9.5],
							"size": [2.5, 1.34, 0.6],
							"inflate": 0.001,
							"uv": {
								"north": {"uv": [146, 3], "uv_size": [3, 1]},
								"east": {"uv": [165, 10], "uv_size": [1, 1]},
								"south": {"uv": [5, 146], "uv_size": [3, 1]},
								"west": {"uv": [11, 165], "uv_size": [1, 1]},
								"up": {"uv": [146, 8], "uv_size": [3, 1]},
								"down": {"uv": [146, 10], "uv_size": [3, -1]}
							}
						},
						{
							"origin": [-1.2, 19.4, 20.495],
							"size": [2.5, 0.9, 4.505],
							"inflate": 0.001,
							"pivot": [1.15, 20.4, 25.1],
							"rotation": [-107, 0, 0],
							"uv": {
								"north": {"uv": [5, 82], "uv_size": [2, 6]},
								"east": {"uv": [133, 83], "uv_size": [5, 1]},
								"south": {"uv": [5, 82], "uv_size": [2, 6]},
								"west": {"uv": [133, 83], "uv_size": [5, 1]},
								"up": {"uv": [7, 88], "uv_size": [-2, -6]},
								"down": {"uv": [7, 88], "uv_size": [-2, -6]}
							}
						},
						{
							"origin": [-1.2, 20.5231, 19.37087],
							"size": [2.5, 0.9, 5.6],
							"inflate": 0.001,
							"uv": {
								"north": {"uv": [5, 82], "uv_size": [2, 6]},
								"east": {"uv": [136, 55], "uv_size": [-6, 1]},
								"south": {"uv": [5, 82], "uv_size": [2, 6]},
								"west": {"uv": [130, 55], "uv_size": [6, 1]},
								"up": {"uv": [7, 88], "uv_size": [-2, -6]},
								"down": {"uv": [7, 88], "uv_size": [-2, -6]}
							}
						},
						{
							"origin": [-1.2, 20.8231, 21.27087],
							"size": [2.5, 3.5, 0.9],
							"inflate": 0.001,
							"pivot": [1.35, 24.9, 21.3],
							"rotation": [18, 0, 0],
							"uv": {
								"north": {"uv": [5, 82], "uv_size": [2, 6]},
								"east": {"uv": [96, 141], "uv_size": [1, 4]},
								"south": {"uv": [5, 82], "uv_size": [2, 6]},
								"west": {"uv": [96, 141], "uv_size": [1, 4]},
								"up": {"uv": [7, 88], "uv_size": [-2, -6]},
								"down": {"uv": [7, 88], "uv_size": [-2, -6]}
							}
						},
						{
							"origin": [-1.2, 23.5231, 16.97087],
							"size": [2.5, 0.9, 8.9],
							"inflate": 0.001,
							"pivot": [1.25, 23.5, 25.2],
							"rotation": [20, 0, 0],
							"uv": {
								"north": {"uv": [5, 82], "uv_size": [2, 6]},
								"east": {"uv": [124, 10], "uv_size": [11, 1]},
								"south": {"uv": [5, 82], "uv_size": [2, 6]},
								"west": {"uv": [124, 10], "uv_size": [11, 1]},
								"up": {"uv": [7, 88], "uv_size": [-2, -6]},
								"down": {"uv": [7, 88], "uv_size": [-2, -6]}
							}
						},
						{
							"origin": [-1.2, 24.3231, 10.37087],
							"size": [2.5, 0.7, 15.5],
							"inflate": 0.001,
							"uv": {
								"north": {"uv": [5, 82], "uv_size": [2, 6]},
								"east": {"uv": [122, 39], "uv_size": [12, 1]},
								"south": {"uv": [5, 82], "uv_size": [2, 6]},
								"west": {"uv": [122, 39], "uv_size": [12, 1]},
								"up": {"uv": [7, 88], "uv_size": [-2, -6]},
								"down": {"uv": [7, 88], "uv_size": [-2, -6]}
							}
						},
						{
							"origin": [-1.2, 21.5231, 14.07087],
							"size": [2.5, 2.8, 0.9],
							"inflate": 0.001,
							"uv": {
								"north": {"uv": [5, 82], "uv_size": [2, 6]},
								"east": {"uv": [96, 141], "uv_size": [1, 4]},
								"south": {"uv": [5, 82], "uv_size": [2, 6]},
								"west": {"uv": [96, 141], "uv_size": [1, 4]},
								"up": {"uv": [7, 88], "uv_size": [-2, -6]},
								"down": {"uv": [7, 88], "uv_size": [-2, -6]}
							}
						},
						{
							"origin": [-1.2, 20.69, 11.75],
							"size": [2.5, 0.9, 7.7],
							"inflate": 0.001,
							"uv": {
								"north": {"uv": [5, 82], "uv_size": [2, 6]},
								"east": {"uv": [135, 14], "uv_size": [-8, 1]},
								"south": {"uv": [5, 82], "uv_size": [2, 6]},
								"west": {"uv": [127, 14], "uv_size": [8, 1]},
								"up": {"uv": [7, 88], "uv_size": [-2, -6]},
								"down": {"uv": [7, 88], "uv_size": [-2, -6]}
							}
						},
						{
							"origin": [-1.2, 20.11, 10.33],
							"size": [2.5, 0.9, 1.5],
							"inflate": 0.001,
							"uv": {
								"north": {"uv": [5, 82], "uv_size": [2, 6]},
								"east": {"uv": [5, 82], "uv_size": [2, 6]},
								"south": {"uv": [5, 82], "uv_size": [2, 6]},
								"west": {"uv": [164, 156], "uv_size": [1, 1]},
								"up": {"uv": [7, 88], "uv_size": [-2, -6]},
								"down": {"uv": [7, 88], "uv_size": [-2, -6]}
							}
						},
						{
							"origin": [-1.2, 18.8, 12.2],
							"size": [2.5, 1.2, 0.9],
							"inflate": 0.001,
							"pivot": [1.15, 20, 12],
							"rotation": [146, 0, 0],
							"uv": {
								"north": {"uv": [5, 82], "uv_size": [2, 6]},
								"east": {"uv": [5, 82], "uv_size": [2, 6]},
								"south": {"uv": [5, 82], "uv_size": [2, 6]},
								"west": {"uv": [164, 156], "uv_size": [1, 1]},
								"up": {"uv": [7, 88], "uv_size": [-2, -6]},
								"down": {"uv": [7, 88], "uv_size": [-2, -6]}
							}
						},
						{
							"origin": [-1.3, 26.1, 12],
							"size": [2.7, 0.5, 0.5],
							"inflate": 0.001,
							"pivot": [1.45, 26.3, 12.2],
							"rotation": [45, 0, 0],
							"uv": {
								"north": {"uv": [164, 160], "uv_size": [1, 1]},
								"east": {"uv": [164, 160], "uv_size": [1, 1]},
								"south": {"uv": [164, 160], "uv_size": [1, 1]},
								"west": {"uv": [164, 160], "uv_size": [1, 1]},
								"up": {"uv": [165, 161], "uv_size": [-1, -1]},
								"down": {"uv": [165, 161], "uv_size": [-1, -1]}
							}
						},
						{
							"origin": [-1.3, 22.2, 26.6],
							"size": [2.7, 0.5, 0.5],
							"inflate": 0.001,
							"pivot": [1.45, 22.4, 26.8],
							"rotation": [45, 0, 0],
							"uv": {
								"north": {"uv": [164, 160], "uv_size": [1, 1]},
								"east": {"uv": [164, 160], "uv_size": [1, 1]},
								"south": {"uv": [164, 160], "uv_size": [1, 1]},
								"west": {"uv": [164, 160], "uv_size": [1, 1]},
								"up": {"uv": [165, 161], "uv_size": [-1, -1]},
								"down": {"uv": [165, 161], "uv_size": [-1, -1]}
							}
						},
						{
							"origin": [-1.2, 23.1, 27.71],
							"size": [2.5, 0.9, 1.39],
							"inflate": 0.001,
							"uv": {
								"north": {"uv": [5, 82], "uv_size": [2, 6]},
								"east": {"uv": [164, 156], "uv_size": [1, 1]},
								"south": {"uv": [5, 82], "uv_size": [2, 6]},
								"west": {"uv": [164, 156], "uv_size": [1, 1]},
								"up": {"uv": [7, 88], "uv_size": [-2, -6]},
								"down": {"uv": [7, 88], "uv_size": [-2, -6]}
							}
						},
						{
							"origin": [-1.2, 13.4, 29.1],
							"size": [2.5, 12.4, 0.9],
							"inflate": 0.001,
							"uv": {
								"north": {"uv": [5, 82], "uv_size": [2, 6]},
								"east": {"uv": [103, 123], "uv_size": [1, 12]},
								"south": {"uv": [5, 82], "uv_size": [2, 6]},
								"west": {"uv": [103, 123], "uv_size": [1, 12]},
								"up": {"uv": [7, 88], "uv_size": [-2, -6]},
								"down": {"uv": [7, 88], "uv_size": [-2, -6]}
							}
						},
						{
							"origin": [-1.2, 20, 27.7],
							"size": [2.5, 0.9, 1.4],
							"inflate": 0.001,
							"uv": {
								"north": {"uv": [5, 82], "uv_size": [2, 6]},
								"east": {"uv": [164, 156], "uv_size": [1, 1]},
								"south": {"uv": [5, 82], "uv_size": [2, 6]},
								"west": {"uv": [164, 156], "uv_size": [1, 1]},
								"up": {"uv": [7, 88], "uv_size": [-2, -6]},
								"down": {"uv": [7, 88], "uv_size": [-2, -6]}
							}
						},
						{
							"origin": [-1.2, 16.9, 27.71],
							"size": [2.5, 0.9, 1.39],
							"inflate": 0.001,
							"uv": {
								"north": {"uv": [5, 82], "uv_size": [2, 6]},
								"east": {"uv": [164, 156], "uv_size": [1, 1]},
								"south": {"uv": [5, 82], "uv_size": [2, 6]},
								"west": {"uv": [164, 156], "uv_size": [1, 1]},
								"up": {"uv": [7, 88], "uv_size": [-2, -6]},
								"down": {"uv": [7, 88], "uv_size": [-2, -6]}
							}
						},
						{
							"origin": [-1.1, 19.3, 19.7],
							"size": [2.3, 1.1, 5.4],
							"inflate": 0.001,
							"pivot": [1.15, 20.4, 25.1],
							"rotation": [-107, 0, 0],
							"uv": {
								"north": {"uv": [86, 44], "uv_size": [2, 5]},
								"east": {"uv": [86, 44], "uv_size": [2, 5]},
								"south": {"uv": [86, 44], "uv_size": [2, 5]},
								"west": {"uv": [86, 44], "uv_size": [2, 5]},
								"up": {"uv": [88, 49], "uv_size": [-2, -5]},
								"down": {"uv": [88, 49], "uv_size": [-2, -5]}
							}
						},
						{
							"origin": [-1.2, 25.0231, 10.47087],
							"size": [2.5, 0.2, 15.9],
							"inflate": 0.001,
							"uv": {
								"north": {"uv": [5, 82], "uv_size": [2, 6]},
								"east": {"uv": [133, 74], "uv_size": [5, 1]},
								"south": {"uv": [5, 82], "uv_size": [2, 6]},
								"west": {"uv": [133, 74], "uv_size": [5, 1]},
								"up": {"uv": [7, 88], "uv_size": [-2, -6]},
								"down": {"uv": [7, 88], "uv_size": [-2, -6]}
							}
						},
						{
							"origin": [-1.2, 24.8231, 25.87087],
							"size": [2.5, 0.2, 0.5],
							"inflate": 0.001,
							"uv": {
								"north": {"uv": [5, 82], "uv_size": [2, 6]},
								"east": {"uv": [133, 74], "uv_size": [1, 1]},
								"south": {"uv": [5, 82], "uv_size": [2, 6]},
								"west": {"uv": [133, 74], "uv_size": [1, 1]},
								"up": {"uv": [7, 88], "uv_size": [-2, -6]},
								"down": {"uv": [7, 88], "uv_size": [-2, -6]}
							}
						}
					]
				},
				{
					"name": "rectractable2",
					"parent": "stock2",
					"pivot": [-0.65, 25.9, 34],
					"cubes": [
						{
							"origin": [-1.1, 13.3, 27.9],
							"size": [2.3, 12.6, 2.3],
							"inflate": 0.001,
							"uv": {
								"north": {"uv": [86, 92], "uv_size": [2, 13]},
								"east": {"uv": [88, 92], "uv_size": [2, 13]},
								"south": {"uv": [90, 92], "uv_size": [2, 13]},
								"west": {"uv": [92, 92], "uv_size": [2, 13]},
								"up": {"uv": [140, 78], "uv_size": [2, 2]},
								"down": {"uv": [140, 104], "uv_size": [2, -2]}
							}
						},
						{
							"origin": [-1.2, 13.2, 30.2],
							"size": [2.5, 12.8, 0.8],
							"inflate": 0.001,
							"uv": {
								"north": {"uv": [19, 93], "uv_size": [2, 13]},
								"east": {"uv": [50, 119], "uv_size": [1, 13]},
								"south": {"uv": [21, 93], "uv_size": [2, 13]},
								"west": {"uv": [65, 119], "uv_size": [1, 13]},
								"up": {"uv": [152, 21], "uv_size": [2, 1]},
								"down": {"uv": [152, 23], "uv_size": [2, -1]}
							}
						},
						{
							"origin": [-1.1, 13.3, 31],
							"size": [2.3, 12.6, 1.2],
							"inflate": 0.001,
							"uv": {
								"north": {"uv": [23, 93], "uv_size": [2, 13]},
								"east": {"uv": [100, 119], "uv_size": [1, 13]},
								"south": {"uv": [25, 93], "uv_size": [2, 13]},
								"west": {"uv": [101, 119], "uv_size": [1, 13]},
								"up": {"uv": [152, 23], "uv_size": [2, 1]},
								"down": {"uv": [152, 25], "uv_size": [2, -1]}
							}
						},
						{
							"origin": [-1.1, 25.4, 32.2],
							"size": [2.3, 0.5, 0.3],
							"inflate": 0.001,
							"uv": {
								"north": {"uv": [152, 25], "uv_size": [2, 1]},
								"east": {"uv": [161, 164], "uv_size": [1, 1]},
								"south": {"uv": [152, 26], "uv_size": [2, 1]},
								"west": {"uv": [164, 161], "uv_size": [1, 1]},
								"up": {"uv": [27, 152], "uv_size": [2, 1]},
								"down": {"uv": [152, 28], "uv_size": [2, -1]}
							}
						},
						{
							"origin": [-1.1, 24.4, 32.2],
							"size": [2.3, 0.5, 0.3],
							"inflate": 0.001,
							"uv": {
								"north": {"uv": [152, 30], "uv_size": [2, 1]},
								"east": {"uv": [162, 164], "uv_size": [1, 1]},
								"south": {"uv": [152, 31], "uv_size": [2, 1]},
								"west": {"uv": [164, 162], "uv_size": [1, 1]},
								"up": {"uv": [152, 32], "uv_size": [2, 1]},
								"down": {"uv": [152, 34], "uv_size": [2, -1]}
							}
						},
						{
							"origin": [-1.1, 22.4, 32.2],
							"size": [2.3, 0.5, 0.3],
							"inflate": 0.001,
							"uv": {
								"north": {"uv": [152, 38], "uv_size": [2, 1]},
								"east": {"uv": [164, 164], "uv_size": [1, 1]},
								"south": {"uv": [39, 152], "uv_size": [2, 1]},
								"west": {"uv": [0, 165], "uv_size": [1, 1]},
								"up": {"uv": [41, 152], "uv_size": [2, 1]},
								"down": {"uv": [152, 45], "uv_size": [2, -1]}
							}
						},
						{
							"origin": [-1.1, 23.4, 32.2],
							"size": [2.3, 0.5, 0.3],
							"inflate": 0.001,
							"uv": {
								"north": {"uv": [152, 34], "uv_size": [2, 1]},
								"east": {"uv": [163, 164], "uv_size": [1, 1]},
								"south": {"uv": [152, 35], "uv_size": [2, 1]},
								"west": {"uv": [164, 163], "uv_size": [1, 1]},
								"up": {"uv": [152, 36], "uv_size": [2, 1]},
								"down": {"uv": [152, 38], "uv_size": [2, -1]}
							}
						},
						{
							"origin": [-1.1, 20.4, 32.2],
							"size": [2.3, 0.5, 0.3],
							"inflate": 0.001,
							"uv": {
								"north": {"uv": [152, 50], "uv_size": [2, 1]},
								"east": {"uv": [165, 1], "uv_size": [1, 1]},
								"south": {"uv": [51, 152], "uv_size": [2, 1]},
								"west": {"uv": [2, 165], "uv_size": [1, 1]},
								"up": {"uv": [152, 51], "uv_size": [2, 1]},
								"down": {"uv": [152, 53], "uv_size": [2, -1]}
							}
						},
						{
							"origin": [-1.1, 21.4, 32.2],
							"size": [2.3, 0.5, 0.3],
							"inflate": 0.001,
							"uv": {
								"north": {"uv": [45, 152], "uv_size": [2, 1]},
								"east": {"uv": [165, 0], "uv_size": [1, 1]},
								"south": {"uv": [152, 45], "uv_size": [2, 1]},
								"west": {"uv": [1, 165], "uv_size": [1, 1]},
								"up": {"uv": [47, 152], "uv_size": [2, 1]},
								"down": {"uv": [49, 153], "uv_size": [2, -1]}
							}
						},
						{
							"origin": [-1.1, 16.4, 32.2],
							"size": [2.3, 0.5, 0.3],
							"inflate": 0.001,
							"uv": {
								"north": {"uv": [63, 152], "uv_size": [2, 1]},
								"east": {"uv": [165, 5], "uv_size": [1, 1]},
								"south": {"uv": [65, 152], "uv_size": [2, 1]},
								"west": {"uv": [6, 165], "uv_size": [1, 1]},
								"up": {"uv": [152, 67], "uv_size": [2, 1]},
								"down": {"uv": [152, 69], "uv_size": [2, -1]}
							}
						},
						{
							"origin": [-1.1, 17.4, 32.2],
							"size": [2.3, 0.5, 0.3],
							"inflate": 0.001,
							"uv": {
								"north": {"uv": [152, 58], "uv_size": [2, 1]},
								"east": {"uv": [165, 4], "uv_size": [1, 1]},
								"south": {"uv": [59, 152], "uv_size": [2, 1]},
								"west": {"uv": [5, 165], "uv_size": [1, 1]},
								"up": {"uv": [152, 59], "uv_size": [2, 1]},
								"down": {"uv": [61, 153], "uv_size": [2, -1]}
							}
						},
						{
							"origin": [-1.1, 18.4, 32.2],
							"size": [2.3, 0.5, 0.3],
							"inflate": 0.001,
							"uv": {
								"north": {"uv": [152, 55], "uv_size": [2, 1]},
								"east": {"uv": [165, 3], "uv_size": [1, 1]},
								"south": {"uv": [152, 56], "uv_size": [2, 1]},
								"west": {"uv": [4, 165], "uv_size": [1, 1]},
								"up": {"uv": [57, 152], "uv_size": [2, 1]},
								"down": {"uv": [152, 58], "uv_size": [2, -1]}
							}
						},
						{
							"origin": [-1.1, 19.4, 32.2],
							"size": [2.3, 0.5, 0.3],
							"inflate": 0.001,
							"uv": {
								"north": {"uv": [53, 152], "uv_size": [2, 1]},
								"east": {"uv": [165, 2], "uv_size": [1, 1]},
								"south": {"uv": [152, 53], "uv_size": [2, 1]},
								"west": {"uv": [3, 165], "uv_size": [1, 1]},
								"up": {"uv": [152, 54], "uv_size": [2, 1]},
								"down": {"uv": [55, 153], "uv_size": [2, -1]}
							}
						},
						{
							"origin": [-1.1, 13.3, 32.2],
							"size": [2.3, 0.6, 0.3],
							"inflate": 0.001,
							"uv": {
								"north": {"uv": [152, 77], "uv_size": [2, 1]},
								"east": {"uv": [165, 8], "uv_size": [1, 1]},
								"south": {"uv": [152, 78], "uv_size": [2, 1]},
								"west": {"uv": [9, 165], "uv_size": [1, 1]},
								"up": {"uv": [152, 81], "uv_size": [2, 1]},
								"down": {"uv": [152, 83], "uv_size": [2, -1]}
							}
						},
						{
							"origin": [-1.1, 14.4, 32.2],
							"size": [2.3, 0.5, 0.3],
							"inflate": 0.001,
							"uv": {
								"north": {"uv": [73, 152], "uv_size": [2, 1]},
								"east": {"uv": [165, 7], "uv_size": [1, 1]},
								"south": {"uv": [152, 73], "uv_size": [2, 1]},
								"west": {"uv": [8, 165], "uv_size": [1, 1]},
								"up": {"uv": [152, 75], "uv_size": [2, 1]},
								"down": {"uv": [152, 77], "uv_size": [2, -1]}
							}
						},
						{
							"origin": [-1.1, 15.4, 32.2],
							"size": [2.3, 0.5, 0.3],
							"inflate": 0.001,
							"uv": {
								"north": {"uv": [152, 69], "uv_size": [2, 1]},
								"east": {"uv": [165, 6], "uv_size": [1, 1]},
								"south": {"uv": [70, 152], "uv_size": [2, 1]},
								"west": {"uv": [7, 165], "uv_size": [1, 1]},
								"up": {"uv": [152, 70], "uv_size": [2, 1]},
								"down": {"uv": [152, 73], "uv_size": [2, -1]}
							}
						},
						{
							"origin": [-0.3, 19.8, 19.2],
							"size": [0.7, 1.6, 5.7],
							"inflate": 0.001,
							"pivot": [0.05, 19.8, 19.2],
							"rotation": [-12, 0, 0],
							"uv": {
								"north": {"uv": [144, 151], "uv_size": [1, 2]},
								"east": {"uv": [3, 123], "uv_size": [6, 2]},
								"south": {"uv": [145, 151], "uv_size": [1, 2]},
								"west": {"uv": [123, 7], "uv_size": [6, 2]},
								"up": {"uv": [41, 130], "uv_size": [1, 6]},
								"down": {"uv": [44, 136], "uv_size": [1, -6]}
							}
						},
						{
							"origin": [-0.3, 18.3, 22.4],
							"size": [0.7, 1.6, 7.6],
							"inflate": 0.001,
							"pivot": [0.05, 18.3, 24.4],
							"rotation": [-63, 0, 0],
							"uv": {
								"north": {"uv": [151, 149], "uv_size": [1, 2]},
								"east": {"uv": [109, 4], "uv_size": [8, 2]},
								"south": {"uv": [150, 151], "uv_size": [1, 2]},
								"west": {"uv": [109, 55], "uv_size": [8, 2]},
								"up": {"uv": [126, 122], "uv_size": [1, 8]},
								"down": {"uv": [124, 134], "uv_size": [1, -8]}
							}
						},
						{
							"origin": [-1.1, 13.49978, 28.31243],
							"size": [2.3, 7.4, 2.5],
							"inflate": 0.001,
							"pivot": [0.05, 10.9, 28.3],
							"rotation": [18.5, 0, 0],
							"uv": {
								"north": {"uv": [100, 112], "uv_size": [2, 7]},
								"east": {"uv": [96, 20], "uv_size": [3, 7]},
								"south": {"uv": [51, 113], "uv_size": [2, 7]},
								"west": {"uv": [97, 0], "uv_size": [3, 7]},
								"up": {"uv": [22, 130], "uv_size": [2, 3]},
								"down": {"uv": [24, 133], "uv_size": [2, -3]}
							}
						},
						{
							"origin": [-1.1, 13.3, 27.51],
							"size": [2.3, 1.3, 2.49],
							"inflate": 0.001,
							"uv": {
								"north": {"uv": [41, 151], "uv_size": [2, 1]},
								"east": {"uv": [151, 41], "uv_size": [2, 1]},
								"south": {"uv": [151, 42], "uv_size": [2, 1]},
								"west": {"uv": [151, 43], "uv_size": [2, 1]},
								"up": {"uv": [140, 122], "uv_size": [2, 2]},
								"down": {"uv": [9, 143], "uv_size": [2, -2]}
							}
						},
						{
							"origin": [-1.1, 20.4, 19.7],
							"size": [2.3, 3.1, 5.4],
							"inflate": 0.001,
							"pivot": [1.15, 20.4, 25.1],
							"rotation": [-107, 0, 0],
							"uv": {
								"north": {"uv": [48, 130], "uv_size": [2, 3]},
								"east": {"uv": [110, 108], "uv_size": [5, 3]},
								"south": {"uv": [130, 52], "uv_size": [2, 3]},
								"west": {"uv": [111, 39], "uv_size": [5, 3]},
								"up": {"uv": [106, 124], "uv_size": [2, 5]},
								"down": {"uv": [124, 121], "uv_size": [2, -5]}
							}
						},
						{
							"origin": [-1.1, 24.2231, 26.67087],
							"size": [2.3, 1.7, 1.3],
							"inflate": 0.001,
							"uv": {
								"north": {"uv": [92, 141], "uv_size": [2, 2]},
								"east": {"uv": [146, 151], "uv_size": [1, 2]},
								"south": {"uv": [94, 141], "uv_size": [2, 2]},
								"west": {"uv": [147, 151], "uv_size": [1, 2]},
								"up": {"uv": [151, 145], "uv_size": [2, 1]},
								"down": {"uv": [151, 148], "uv_size": [2, -1]}
							}
						}
					]
				},
				{
					"name": "bone24",
					"parent": "rectractable2",
					"pivot": [1.25, 17.4, 27.7],
					"rotation": [-66, 0, 0],
					"cubes": [
						{
							"origin": [-2.27092, 15.52193, 23.6442],
							"size": [2.3, 1, 7.8],
							"inflate": 0.001,
							"pivot": [-1.15, 17.4, 27.5],
							"rotation": [-2.94382, -4.04331, -53.89606],
							"uv": {
								"north": {"uv": [151, 141], "uv_size": [2, 1]},
								"east": {"uv": [126, 38], "uv_size": [8, 1]},
								"south": {"uv": [151, 142], "uv_size": [2, 1]},
								"west": {"uv": [126, 106], "uv_size": [8, 1]},
								"up": {"uv": [109, 39], "uv_size": [2, 8]},
								"down": {"uv": [109, 55], "uv_size": [2, -8]}
							}
						},
						{
							"origin": [0.07092, 15.52193, 24.0442],
							"size": [2.3, 1, 7.4],
							"inflate": 0.001,
							"pivot": [1.25, 17.4, 27.5],
							"rotation": [-2.94382, 4.04331, 53.89606],
							"uv": {
								"north": {"uv": [151, 151], "uv_size": [2, 1]},
								"east": {"uv": [95, 83], "uv_size": [7, 1]},
								"south": {"uv": [0, 152], "uv_size": [2, 1]},
								"west": {"uv": [128, 23], "uv_size": [7, 1]},
								"up": {"uv": [72, 113], "uv_size": [2, 7]},
								"down": {"uv": [114, 70], "uv_size": [2, -7]}
							}
						}
					]
				}
			]
		}
	]
}