{
	"format_version": "1.12.0",
	"minecraft:geometry": [
		{
			"description": {
				"identifier": "geometry.unknown",
				"texture_width": 32,
				"texture_height": 32,
				"visible_bounds_width": 8,
				"visible_bounds_height": 4,
				"visible_bounds_offset": [0, 1, 0]
			},
			"bones": [
				{
					"name": "main",
					"pivot": [0, 20, 62.9]
				},
				{
					"name": "gun",
					"parent": "main",
					"pivot": [2, 11.6, 61.9],
					"rotation": [0, 0, -20],
					"cubes": [
						{
							"origin": [3.4725, 22.9975, 2.38],
							"size": [2.79, 2.79, 3.71],
							"inflate": -0.15,
							"uv": {
								"north": {"uv": [6, 6], "uv_size": [3, 3]},
								"east": {"uv": [0, 0], "uv_size": [7, 3]},
								"south": {"uv": [7, 0], "uv_size": [3, 3]},
								"west": {"uv": [0, 3], "uv_size": [7, 3]},
								"up": {"uv": [0, 6], "uv_size": [3, 7]},
								"down": {"uv": [3, 13], "uv_size": [3, -7]}
							}
						},
						{
							"origin": [5.3425, 22.7775, 2.38],
							"size": [1.14, 3.23, 1.07],
							"inflate": -0.15,
							"uv": {
								"north": {"uv": [14, 12], "uv_size": [1, 3]},
								"east": {"uv": [13, 14], "uv_size": [1, 3]},
								"south": {"uv": [15, 0], "uv_size": [1, 3]},
								"west": {"uv": [1, 15], "uv_size": [1, 3]},
								"up": {"uv": [0, 18], "uv_size": [1, 1]},
								"down": {"uv": [18, 1], "uv_size": [1, -1]}
							}
						},
						{
							"origin": [3.4725, 24.8675, 2.38],
							"size": [2.79, 1.14, 1.07],
							"inflate": -0.15,
							"uv": {
								"north": {"uv": [7, 5], "uv_size": [2, 1]},
								"east": {"uv": [2, 18], "uv_size": [1, 1]},
								"south": {"uv": [15, 5], "uv_size": [2, 1]},
								"west": {"uv": [18, 2], "uv_size": [1, 1]},
								"up": {"uv": [15, 12], "uv_size": [2, 1]},
								"down": {"uv": [15, 14], "uv_size": [2, -1]}
							}
						},
						{
							"origin": [3.2525, 22.7775, 2.38],
							"size": [1.14, 3.23, 1.07],
							"inflate": -0.15,
							"uv": {
								"north": {"uv": [2, 15], "uv_size": [1, 3]},
								"east": {"uv": [3, 15], "uv_size": [1, 3]},
								"south": {"uv": [4, 15], "uv_size": [1, 3]},
								"west": {"uv": [5, 15], "uv_size": [1, 3]},
								"up": {"uv": [1, 18], "uv_size": [1, 1]},
								"down": {"uv": [18, 2], "uv_size": [1, -1]}
							}
						},
						{
							"origin": [3.4725, 22.7775, 2.38],
							"size": [2.79, 1.14, 1.07],
							"inflate": -0.15,
							"uv": {
								"north": {"uv": [14, 15], "uv_size": [2, 1]},
								"east": {"uv": [3, 18], "uv_size": [1, 1]},
								"south": {"uv": [15, 14], "uv_size": [2, 1]},
								"west": {"uv": [18, 3], "uv_size": [1, 1]},
								"up": {"uv": [16, 0], "uv_size": [2, 1]},
								"down": {"uv": [16, 2], "uv_size": [2, -1]}
							}
						},
						{
							"origin": [5.4525, 22.8875, -12.03],
							"size": [0.92, 3.01, 17.02],
							"inflate": -0.15,
							"uv": {
								"north": {"uv": [14, 12], "uv_size": [1, 3]},
								"east": {"uv": [13, 14], "uv_size": [1, 3]},
								"south": {"uv": [15, 0], "uv_size": [1, 3]},
								"west": {"uv": [1, 15], "uv_size": [1, 3]},
								"up": {"uv": [0, 18], "uv_size": [1, 1]},
								"down": {"uv": [18, 1], "uv_size": [1, -1]}
							}
						},
						{
							"origin": [3.5825, 24.9775, -12.03],
							"size": [2.57, 0.92, 17.02],
							"inflate": -0.15,
							"uv": {
								"north": {"uv": [7, 5], "uv_size": [2, 1]},
								"east": {"uv": [2, 18], "uv_size": [1, 1]},
								"south": {"uv": [15, 5], "uv_size": [2, 1]},
								"west": {"uv": [18, 2], "uv_size": [1, 1]},
								"up": {"uv": [15, 12], "uv_size": [2, 1]},
								"down": {"uv": [15, 14], "uv_size": [2, -1]}
							}
						},
						{
							"origin": [3.3625, 22.8875, -12.03],
							"size": [0.92, 3.01, 17.02],
							"inflate": -0.15,
							"uv": {
								"north": {"uv": [2, 15], "uv_size": [1, 3]},
								"east": {"uv": [3, 15], "uv_size": [1, 3]},
								"south": {"uv": [4, 15], "uv_size": [1, 3]},
								"west": {"uv": [5, 15], "uv_size": [1, 3]},
								"up": {"uv": [1, 18], "uv_size": [1, 1]},
								"down": {"uv": [18, 2], "uv_size": [1, -1]}
							}
						},
						{
							"origin": [3.5825, 22.8875, -12.03],
							"size": [2.57, 0.92, 17.02],
							"inflate": -0.15,
							"uv": {
								"north": {"uv": [14, 15], "uv_size": [2, 1]},
								"east": {"uv": [3, 18], "uv_size": [1, 1]},
								"south": {"uv": [15, 14], "uv_size": [2, 1]},
								"west": {"uv": [18, 3], "uv_size": [1, 1]},
								"up": {"uv": [16, 0], "uv_size": [2, 1]},
								"down": {"uv": [16, 2], "uv_size": [2, -1]}
							}
						},
						{
							"origin": [5.3425, 22.7775, -11.7],
							"size": [1.14, 3.23, 14.38],
							"inflate": -0.15,
							"uv": {
								"north": {"uv": [14, 12], "uv_size": [1, 3]},
								"east": {"uv": [13, 14], "uv_size": [1, 3]},
								"south": {"uv": [15, 0], "uv_size": [1, 3]},
								"west": {"uv": [0, 0], "uv_size": [2, 5]},
								"up": {"uv": [0, 18], "uv_size": [1, 1]},
								"down": {"uv": [18, 1], "uv_size": [1, -1]}
							}
						},
						{
							"origin": [3.2525, 22.7775, -11.7],
							"size": [1.14, 3.23, 14.38],
							"inflate": -0.15,
							"uv": {
								"north": {"uv": [2, 15], "uv_size": [1, 3]},
								"east": {"uv": [0, 0], "uv_size": [2, 5]},
								"south": {"uv": [4, 15], "uv_size": [1, 3]},
								"west": {"uv": [5, 15], "uv_size": [1, 3]},
								"up": {"uv": [1, 18], "uv_size": [1, 1]},
								"down": {"uv": [18, 2], "uv_size": [1, -1]}
							}
						},
						{
							"origin": [3.4725, 24.8675, -11.7],
							"size": [2.79, 1.14, 14.38],
							"inflate": -0.15,
							"uv": {
								"north": {"uv": [7, 5], "uv_size": [2, 1]},
								"east": {"uv": [2, 18], "uv_size": [1, 1]},
								"south": {"uv": [15, 5], "uv_size": [2, 1]},
								"west": {"uv": [18, 2], "uv_size": [1, 1]},
								"up": {"uv": [2, 5], "uv_size": [-2, -5]},
								"down": {"uv": [15, 14], "uv_size": [2, -1]}
							}
						},
						{
							"origin": [3.4725, 22.7775, -11.7],
							"size": [2.79, 1.14, 14.38],
							"inflate": -0.15,
							"uv": {
								"north": {"uv": [14, 15], "uv_size": [2, 1]},
								"east": {"uv": [3, 18], "uv_size": [1, 1]},
								"south": {"uv": [15, 14], "uv_size": [2, 1]},
								"west": {"uv": [18, 3], "uv_size": [1, 1]},
								"up": {"uv": [16, 0], "uv_size": [2, 1]},
								"down": {"uv": [2, 5], "uv_size": [-2, -5]}
							}
						}
					]
				},
				{
					"name": "_ca_suppressor",
					"parent": "main",
					"pivot": [0.3, 24.675, 5.425],
					"cubes": [
						{
							"origin": [-0.2, 24.175, 4.925],
							"size": [1, 1, 1],
							"uv": {
								"north": {"uv": [25, 18], "uv_size": [1, 1]},
								"east": {"uv": [22, 3], "uv_size": [1, 1]},
								"south": {"uv": [22, 6], "uv_size": [1, 1]},
								"west": {"uv": [21, 7], "uv_size": [1, 1]},
								"up": {"uv": [26, 16], "uv_size": [6, -4]},
								"down": {"uv": [27, 14], "uv_size": [1, -1]}
							}
						}
					]
				},
				{
					"name": "muzzleflash",
					"parent": "main",
					"pivot": [-0.05, 24.3, -5.15],
					"cubes": [
						{
							"origin": [-0.25, 24, -12.65],
							"size": [1, 1, 1],
							"inflate": -0.4,
							"uv": {
								"north": {"uv": [22, 19], "uv_size": [1, 1]},
								"east": {"uv": [20, 18], "uv_size": [1, 1]},
								"south": {"uv": [25, 19], "uv_size": [1, 1]},
								"west": {"uv": [23, 17], "uv_size": [1, 1]},
								"up": {"uv": [21, 4], "uv_size": [6, 3]},
								"down": {"uv": [25, 6], "uv_size": [1, -1]}
							}
						}
					]
				}
			]
		}
	]
}