{
	"format_version": "1.12.0",
	"minecraft:geometry": [
		{
			"description": {
				"identifier": "geometry.unknown",
				"texture_width": 128,
				"texture_height": 128,
				"visible_bounds_width": 9,
				"visible_bounds_height": 5,
				"visible_bounds_offset": [0, 0.5, 0]
			},
			"bones": [
				{
					"name": "main",
					"pivot": [0, 20, 0]
				},
				{
					"name": "1p87",
					"parent": "main",
					"pivot": [0.2, 29.5, -13.35],
					"cubes": [
						{
							"origin": [-1.6038, 26.92495, -1.51068],
							"size": [3.06635, 1.0651, 4.2901],
							"inflate": -0.201,
							"uv": {
								"north": {"uv": [79, 7], "uv_size": [10, 2]},
								"east": {"uv": [79, 7], "uv_size": [10, 2]},
								"south": {"uv": [79, 7], "uv_size": [10, 2]},
								"west": {"uv": [79, 7], "uv_size": [10, 2]},
								"up": {"uv": [89, 9], "uv_size": [-10, -2]},
								"down": {"uv": [89, 9], "uv_size": [-10, -2]}
							}
						},
						{
							"origin": [-0.91, 26.745, -1.26563],
							"size": [2.185, 0.42, 3.8],
							"uv": {
								"north": {"uv": [79, 7], "uv_size": [10, 2]},
								"east": {"uv": [79, 7], "uv_size": [10, 2]},
								"south": {"uv": [79, 7], "uv_size": [10, 2]},
								"west": {"uv": [79, 7], "uv_size": [10, 2]},
								"up": {"uv": [89, 9], "uv_size": [-10, -2]},
								"down": {"uv": [89, 9], "uv_size": [-10, -2]}
							}
						},
						{
							"origin": [-1.16, 28.87, -1.26563],
							"size": [2.685, 1.795, 3.8],
							"uv": {
								"north": {"uv": [79, 7], "uv_size": [10, 2]},
								"east": {"uv": [79, 7], "uv_size": [10, 2]},
								"south": {"uv": [79, 7], "uv_size": [10, 2]},
								"west": {"uv": [79, 7], "uv_size": [10, 2]},
								"up": {"uv": [89, 9], "uv_size": [-10, -2]},
								"down": {"uv": [89, 9], "uv_size": [-10, -2]}
							}
						},
						{
							"origin": [-1.8625, 27.115, -1.45313],
							"size": [1.225, 2.5325, 4.245],
							"inflate": -0.2,
							"pivot": [-1.3, 27.75, -1.20813],
							"rotation": [0, 0, -41],
							"uv": {
								"north": {"uv": [79, 7], "uv_size": [10, 2]},
								"east": {"uv": [79, 7], "uv_size": [10, 2]},
								"south": {"uv": [79, 7], "uv_size": [10, 2]},
								"west": {"uv": [79, 7], "uv_size": [10, 2]},
								"up": {"uv": [89, 9], "uv_size": [-10, -2]},
								"down": {"uv": [89, 9], "uv_size": [-10, -2]}
							}
						},
						{
							"origin": [-24.7365, 20.78713, -1.68563],
							"size": [1.1225, 1.09688, 4.67188],
							"inflate": -0.3,
							"pivot": [-21.995, 51.79875, 6.91687],
							"rotation": [0, 0, -45],
							"uv": {
								"north": {"uv": [68, 59], "uv_size": [5, 3]},
								"east": {"uv": [68, 59], "uv_size": [5, 3]},
								"south": {"uv": [68, 59], "uv_size": [5, 3]},
								"west": {"uv": [68, 59], "uv_size": [5, 3]},
								"up": {"uv": [73, 62], "uv_size": [-5, -3]},
								"down": {"uv": [73, 62], "uv_size": [-5, -3]}
							}
						},
						{
							"origin": [-1.2375, 29.24, -1.45313],
							"size": [0.6, 0.45, 4.245],
							"inflate": -0.2,
							"pivot": [-1.3, 27.75, -1.20813],
							"rotation": [0, 0, -34],
							"uv": {
								"north": {"uv": [79, 7], "uv_size": [10, 2]},
								"east": {"uv": [79, 7], "uv_size": [10, 2]},
								"south": {"uv": [79, 7], "uv_size": [10, 2]},
								"west": {"uv": [79, 7], "uv_size": [10, 2]},
								"up": {"uv": [89, 9], "uv_size": [-10, -2]},
								"down": {"uv": [89, 9], "uv_size": [-10, -2]}
							}
						},
						{
							"origin": [-1.2375, 27.115, -1.45313],
							"size": [0.6, 2.5325, 4.245],
							"inflate": -0.2,
							"pivot": [-1.3, 27.75, -1.20813],
							"rotation": [0, 0, -34],
							"uv": {
								"north": {"uv": [79, 7], "uv_size": [10, 2]},
								"east": {"uv": [79, 7], "uv_size": [10, 2]},
								"south": {"uv": [79, 7], "uv_size": [10, 2]},
								"west": {"uv": [79, 7], "uv_size": [10, 2]},
								"up": {"uv": [89, 9], "uv_size": [-10, -2]},
								"down": {"uv": [89, 9], "uv_size": [-10, -2]}
							}
						},
						{
							"origin": [-2.055, 28.1075, -1.32688],
							"size": [3.915, 1.075, 3.98625],
							"inflate": -0.3,
							"uv": {
								"north": {"uv": [79, 7], "uv_size": [10, 2]},
								"east": {"uv": [79, 7], "uv_size": [10, 2]},
								"south": {"uv": [79, 7], "uv_size": [10, 2]},
								"west": {"uv": [79, 7], "uv_size": [10, 2]},
								"up": {"uv": [89, 9], "uv_size": [-10, -2]},
								"down": {"uv": [89, 9], "uv_size": [-10, -2]}
							}
						},
						{
							"origin": [-1.15875, 30.7025, -1.11063],
							"size": [2.65875, 2.76, 0.83125],
							"uv": {
								"north": {"uv": [42, 11], "uv_size": [3, 4]},
								"east": {"uv": [11, 48], "uv_size": [1, 4]},
								"south": {"uv": [42, 11], "uv_size": [3, 4]},
								"west": {"uv": [20, 48], "uv_size": [1, 4]},
								"up": {"uv": [50, 29], "uv_size": [3, 1]},
								"down": {"uv": [50, 37], "uv_size": [3, -1]}
							}
						},
						{
							"origin": [-1.15, 30.9625, 7.51437],
							"size": [2.5875, 2.385, 0.83125],
							"uv": {
								"north": {"uv": [42, 11], "uv_size": [3, 4]},
								"east": {"uv": [11, 48], "uv_size": [1, 4]},
								"south": {"uv": [42, 11], "uv_size": [3, 4]},
								"west": {"uv": [20, 48], "uv_size": [1, 4]},
								"up": {"uv": [50, 29], "uv_size": [3, 1]},
								"down": {"uv": [50, 37], "uv_size": [3, -1]}
							}
						}
					]
				},
				{
					"name": "1p89",
					"parent": "1p87",
					"pivot": [-1.1525, 33.4115, -3.86353]
				},
				{
					"name": "1p2",
					"parent": "1p87",
					"pivot": [-1.4025, 33.6615, -3.86353]
				},
				{
					"name": "pso4",
					"parent": "1p87",
					"pivot": [-1.11512, 29.19156, -16.87997],
					"rotation": [-17.5, 90, 0]
				},
				{
					"name": "pso3",
					"parent": "1p87",
					"pivot": [-3.87137, 30.89781, -10.97372],
					"rotation": [0, 0, -180]
				},
				{
					"name": "specter",
					"parent": "1p87",
					"pivot": [20.025, 47.17, 5.16687],
					"cubes": [
						{
							"origin": [1.181, 30.763, -1.56313],
							"size": [1.056, 2.611, 4.434],
							"inflate": -0.3,
							"uv": {
								"north": {"uv": [79, 7], "uv_size": [10, 2]},
								"east": {"uv": [79, 7], "uv_size": [10, 2]},
								"south": {"uv": [79, 7], "uv_size": [10, 2]},
								"west": {"uv": [79, 7], "uv_size": [10, 2]},
								"up": {"uv": [89, 9], "uv_size": [-10, -2]},
								"down": {"uv": [89, 9], "uv_size": [-10, -2]}
							}
						},
						{
							"origin": [-2.319, 30.763, 1.18687],
							"size": [5.056, 2.611, 3.684],
							"inflate": -0.3,
							"uv": {
								"north": {"uv": [79, 7], "uv_size": [10, 2]},
								"east": {"uv": [79, 7], "uv_size": [10, 2]},
								"south": {"uv": [79, 7], "uv_size": [10, 2]},
								"west": {"uv": [79, 7], "uv_size": [10, 2]},
								"up": {"uv": [89, 9], "uv_size": [-10, -2]},
								"down": {"uv": [89, 9], "uv_size": [-10, -2]}
							}
						},
						{
							"origin": [1.306, 32.763, 1.18687],
							"size": [1.431, 2.2, 3.684],
							"inflate": -0.3,
							"pivot": [2.4375, 33.059, 5.16687],
							"rotation": [0, 0, -44.6],
							"uv": {
								"north": {"uv": [79, 7], "uv_size": [10, 2]},
								"east": {"uv": [79, 7], "uv_size": [10, 2]},
								"south": {"uv": [79, 7], "uv_size": [10, 2]},
								"west": {"uv": [79, 7], "uv_size": [10, 2]},
								"up": {"uv": [89, 9], "uv_size": [-10, -2]},
								"down": {"uv": [89, 9], "uv_size": [-10, -2]}
							}
						},
						{
							"origin": [-2.337, 32.763, 1.18687],
							"size": [1.431, 2.2, 3.684],
							"inflate": -0.3,
							"pivot": [-2.0375, 33.059, 5.16687],
							"rotation": [0, 0, 44.6],
							"uv": {
								"north": {"uv": [89, 7], "uv_size": [-10, 2]},
								"east": {"uv": [89, 7], "uv_size": [-10, 2]},
								"south": {"uv": [89, 7], "uv_size": [-10, 2]},
								"west": {"uv": [89, 7], "uv_size": [-10, 2]},
								"up": {"uv": [79, 9], "uv_size": [10, -2]},
								"down": {"uv": [79, 9], "uv_size": [10, -2]}
							}
						},
						{
							"origin": [-1.213, 32.763, 1.18687],
							"size": [2.825, 1.736, 3.684],
							"inflate": -0.3,
							"uv": {
								"north": {"uv": [79, 7], "uv_size": [10, 2]},
								"east": {"uv": [79, 7], "uv_size": [10, 2]},
								"south": {"uv": [79, 7], "uv_size": [10, 2]},
								"west": {"uv": [79, 7], "uv_size": [10, 2]},
								"up": {"uv": [89, 9], "uv_size": [-10, -2]},
								"down": {"uv": [89, 9], "uv_size": [-10, -2]}
							}
						},
						{
							"origin": [1.306, 29.162, 1.18687],
							"size": [1.431, 2.2, 3.684],
							"inflate": -0.3,
							"pivot": [2.4375, 31.066, 5.16687],
							"rotation": [0, 0, 44.6],
							"uv": {
								"north": {"uv": [79, 9], "uv_size": [10, -2]},
								"east": {"uv": [79, 9], "uv_size": [10, -2]},
								"south": {"uv": [79, 9], "uv_size": [10, -2]},
								"west": {"uv": [79, 9], "uv_size": [10, -2]},
								"up": {"uv": [89, 7], "uv_size": [-10, 2]},
								"down": {"uv": [89, 7], "uv_size": [-10, 2]}
							}
						},
						{
							"origin": [-1.213, 29.626, 1.18687],
							"size": [2.825, 1.736, 3.684],
							"inflate": -0.3,
							"uv": {
								"north": {"uv": [79, 9], "uv_size": [10, -2]},
								"east": {"uv": [79, 9], "uv_size": [10, -2]},
								"south": {"uv": [79, 9], "uv_size": [10, -2]},
								"west": {"uv": [79, 9], "uv_size": [10, -2]},
								"up": {"uv": [89, 7], "uv_size": [-10, 2]},
								"down": {"uv": [89, 7], "uv_size": [-10, 2]}
							}
						},
						{
							"origin": [-2.337, 29.162, 1.18687],
							"size": [1.431, 2.2, 3.684],
							"inflate": -0.3,
							"pivot": [-2.0375, 31.066, 5.16687],
							"rotation": [0, 0, -44.6],
							"uv": {
								"north": {"uv": [89, 9], "uv_size": [-10, -2]},
								"east": {"uv": [89, 9], "uv_size": [-10, -2]},
								"south": {"uv": [89, 9], "uv_size": [-10, -2]},
								"west": {"uv": [89, 9], "uv_size": [-10, -2]},
								"up": {"uv": [79, 7], "uv_size": [10, 2]},
								"down": {"uv": [79, 7], "uv_size": [10, 2]}
							}
						},
						{
							"origin": [17.9542, 40.8148, -1.56313],
							"size": [1.056, 1.5652, 4.434],
							"inflate": -0.3,
							"pivot": [20.025, 16.848, 5.29187],
							"rotation": [0, 0, -45],
							"uv": {
								"north": {"uv": [79, 7], "uv_size": [10, 2]},
								"east": {"uv": [79, 7], "uv_size": [10, 2]},
								"south": {"uv": [79, 7], "uv_size": [10, 2]},
								"west": {"uv": [79, 7], "uv_size": [10, 2]},
								"up": {"uv": [89, 9], "uv_size": [-10, -2]},
								"down": {"uv": [89, 9], "uv_size": [-10, -2]}
							}
						},
						{
							"origin": [-1.224, 33.078, -1.56313],
							"size": [2.777, 0.98, 4.434],
							"inflate": -0.3,
							"uv": {
								"north": {"uv": [79, 7], "uv_size": [10, 2]},
								"east": {"uv": [79, 7], "uv_size": [10, 2]},
								"south": {"uv": [79, 7], "uv_size": [10, 2]},
								"west": {"uv": [79, 7], "uv_size": [10, 2]},
								"up": {"uv": [89, 9], "uv_size": [-10, -2]},
								"down": {"uv": [89, 9], "uv_size": [-10, -2]}
							}
						},
						{
							"origin": [-19.5172, 38.6868, -1.56313],
							"size": [1.056, 1.4588, 4.434],
							"inflate": -0.3,
							"pivot": [-17.416, 14.72, 5.29187],
							"rotation": [0, 0, 45],
							"uv": {
								"north": {"uv": [79, 7], "uv_size": [10, 2]},
								"east": {"uv": [79, 7], "uv_size": [10, 2]},
								"south": {"uv": [79, 7], "uv_size": [10, 2]},
								"west": {"uv": [79, 7], "uv_size": [10, 2]},
								"up": {"uv": [89, 9], "uv_size": [-10, -2]},
								"down": {"uv": [89, 9], "uv_size": [-10, -2]}
							}
						},
						{
							"origin": [-1.832, 30.682, -1.56313],
							"size": [0.98, 2.768, 4.434],
							"inflate": -0.3,
							"uv": {
								"north": {"uv": [79, 7], "uv_size": [10, 2]},
								"east": {"uv": [79, 7], "uv_size": [10, 2]},
								"south": {"uv": [79, 7], "uv_size": [10, 2]},
								"west": {"uv": [79, 7], "uv_size": [10, 2]},
								"up": {"uv": [89, 9], "uv_size": [-10, -2]},
								"down": {"uv": [89, 9], "uv_size": [-10, -2]}
							}
						},
						{
							"origin": [-19.5172, 23.9974, -1.56313],
							"size": [1.056, 1.4588, 4.434],
							"inflate": -0.3,
							"pivot": [-17.416, 49.423, 5.29187],
							"rotation": [0, 0, -45],
							"uv": {
								"north": {"uv": [79, 7], "uv_size": [10, 2]},
								"east": {"uv": [79, 7], "uv_size": [10, 2]},
								"south": {"uv": [79, 7], "uv_size": [10, 2]},
								"west": {"uv": [79, 7], "uv_size": [10, 2]},
								"up": {"uv": [89, 9], "uv_size": [-10, -2]},
								"down": {"uv": [89, 9], "uv_size": [-10, -2]}
							}
						},
						{
							"origin": [-1.224, 30.085, -1.56313],
							"size": [2.777, 0.98, 4.434],
							"inflate": -0.3,
							"uv": {
								"north": {"uv": [79, 7], "uv_size": [10, 2]},
								"east": {"uv": [79, 7], "uv_size": [10, 2]},
								"south": {"uv": [79, 7], "uv_size": [10, 2]},
								"west": {"uv": [79, 7], "uv_size": [10, 2]},
								"up": {"uv": [89, 9], "uv_size": [-10, -2]},
								"down": {"uv": [89, 9], "uv_size": [-10, -2]}
							}
						},
						{
							"origin": [17.9542, 21.763, -1.56313],
							"size": [1.056, 1.5652, 4.434],
							"inflate": -0.3,
							"pivot": [20.025, 47.295, 5.29187],
							"rotation": [0, 0, 45],
							"uv": {
								"north": {"uv": [79, 7], "uv_size": [10, 2]},
								"east": {"uv": [79, 7], "uv_size": [10, 2]},
								"south": {"uv": [79, 7], "uv_size": [10, 2]},
								"west": {"uv": [79, 7], "uv_size": [10, 2]},
								"up": {"uv": [89, 9], "uv_size": [-10, -2]},
								"down": {"uv": [89, 9], "uv_size": [-10, -2]}
							}
						}
					]
				},
				{
					"name": "specter3",
					"parent": "specter",
					"pivot": [2.1875, 31.191, 8.54187],
					"cubes": [
						{
							"origin": [-2.12335, 30.8883, 4.17987],
							"size": [4.6104, 2.4099, 3.3006],
							"inflate": -0.3,
							"uv": {
								"north": {"uv": [79, 7], "uv_size": [10, 2]},
								"east": {"uv": [79, 7], "uv_size": [10, 2]},
								"south": {"uv": [79, 7], "uv_size": [10, 2]},
								"west": {"uv": [79, 7], "uv_size": [10, 2]},
								"up": {"uv": [89, 9], "uv_size": [-10, -2]},
								"down": {"uv": [89, 9], "uv_size": [-10, -2]}
							}
						},
						{
							"origin": [-1.12795, 32.6883, 4.17987],
							"size": [2.6025, 1.6224, 3.3006],
							"inflate": -0.3,
							"uv": {
								"north": {"uv": [79, 7], "uv_size": [10, 2]},
								"east": {"uv": [79, 7], "uv_size": [10, 2]},
								"south": {"uv": [79, 7], "uv_size": [10, 2]},
								"west": {"uv": [79, 7], "uv_size": [10, 2]},
								"up": {"uv": [89, 9], "uv_size": [-10, -2]},
								"down": {"uv": [89, 9], "uv_size": [-10, -2]}
							}
						},
						{
							"origin": [-0.62795, 32.8133, 4.55487],
							"size": [1.6025, 1.6224, 2.6756],
							"inflate": -0.3,
							"uv": {
								"north": {"uv": [34, 35], "uv_size": [4, 3]},
								"east": {"uv": [34, 35], "uv_size": [4, 3]},
								"south": {"uv": [34, 35], "uv_size": [4, 3]},
								"west": {"uv": [34, 35], "uv_size": [4, 3]},
								"up": {"uv": [38, 38], "uv_size": [-4, -3]},
								"down": {"uv": [38, 38], "uv_size": [-4, -3]}
							}
						},
						{
							"origin": [-0.62795, 29.7625, 4.55487],
							"size": [1.6025, 1.6224, 2.6756],
							"inflate": -0.3,
							"uv": {
								"north": {"uv": [34, 35], "uv_size": [4, 3]},
								"east": {"uv": [34, 35], "uv_size": [4, 3]},
								"south": {"uv": [34, 35], "uv_size": [4, 3]},
								"west": {"uv": [34, 35], "uv_size": [4, 3]},
								"up": {"uv": [38, 38], "uv_size": [-4, -3]},
								"down": {"uv": [38, 38], "uv_size": [-4, -3]}
							}
						},
						{
							"origin": [-2.25295, 31.2625, 4.55487],
							"size": [1.6025, 1.6224, 2.6756],
							"inflate": -0.3,
							"uv": {
								"north": {"uv": [34, 35], "uv_size": [4, 3]},
								"east": {"uv": [34, 35], "uv_size": [4, 3]},
								"south": {"uv": [34, 35], "uv_size": [4, 3]},
								"west": {"uv": [34, 35], "uv_size": [4, 3]},
								"up": {"uv": [38, 38], "uv_size": [-4, -3]},
								"down": {"uv": [38, 38], "uv_size": [-4, -3]}
							}
						},
						{
							"origin": [0.99705, 31.2625, 4.55487],
							"size": [1.6025, 1.6224, 2.6756],
							"inflate": -0.3,
							"uv": {
								"north": {"uv": [34, 35], "uv_size": [4, 3]},
								"east": {"uv": [34, 35], "uv_size": [4, 3]},
								"south": {"uv": [34, 35], "uv_size": [4, 3]},
								"west": {"uv": [34, 35], "uv_size": [4, 3]},
								"up": {"uv": [38, 38], "uv_size": [-4, -3]},
								"down": {"uv": [38, 38], "uv_size": [-4, -3]}
							}
						},
						{
							"origin": [1.13915, 32.6883, 4.17987],
							"size": [1.3479, 2.04, 3.3006],
							"inflate": -0.3,
							"pivot": [2.1875, 32.9847, 7.79187],
							"rotation": [0, 0, -44.6],
							"uv": {
								"north": {"uv": [79, 7], "uv_size": [10, 2]},
								"east": {"uv": [79, 7], "uv_size": [10, 2]},
								"south": {"uv": [79, 7], "uv_size": [10, 2]},
								"west": {"uv": [79, 7], "uv_size": [10, 2]},
								"up": {"uv": [89, 9], "uv_size": [-10, -2]},
								"down": {"uv": [89, 9], "uv_size": [-10, -2]}
							}
						},
						{
							"origin": [1.13915, 32.9383, 4.55487],
							"size": [1.4729, 1.54, 2.6756],
							"inflate": -0.3,
							"pivot": [2.1875, 32.9847, 7.79187],
							"rotation": [0, 0, -44.6],
							"uv": {
								"north": {"uv": [34, 35], "uv_size": [4, 3]},
								"east": {"uv": [34, 35], "uv_size": [4, 3]},
								"south": {"uv": [34, 35], "uv_size": [4, 3]},
								"west": {"uv": [34, 35], "uv_size": [4, 3]},
								"up": {"uv": [38, 38], "uv_size": [-4, -3]},
								"down": {"uv": [38, 38], "uv_size": [-4, -3]}
							}
						},
						{
							"origin": [-2.21205, 32.9383, 4.55487],
							"size": [1.4729, 1.54, 2.6756],
							"inflate": -0.3,
							"pivot": [-1.7875, 32.9847, 7.79187],
							"rotation": [0, 0, 44.6],
							"uv": {
								"north": {"uv": [34, 35], "uv_size": [4, 3]},
								"east": {"uv": [34, 35], "uv_size": [4, 3]},
								"south": {"uv": [34, 35], "uv_size": [4, 3]},
								"west": {"uv": [34, 35], "uv_size": [4, 3]},
								"up": {"uv": [38, 38], "uv_size": [-4, -3]},
								"down": {"uv": [38, 38], "uv_size": [-4, -3]}
							}
						},
						{
							"origin": [1.13915, 29.6467, 4.55487],
							"size": [1.4729, 1.54, 2.6756],
							"inflate": -0.3,
							"pivot": [2.1875, 31.1403, 7.79187],
							"rotation": [0, 0, 44.6],
							"uv": {
								"north": {"uv": [34, 35], "uv_size": [4, 3]},
								"east": {"uv": [34, 35], "uv_size": [4, 3]},
								"south": {"uv": [34, 35], "uv_size": [4, 3]},
								"west": {"uv": [34, 35], "uv_size": [4, 3]},
								"up": {"uv": [38, 38], "uv_size": [-4, -3]},
								"down": {"uv": [38, 38], "uv_size": [-4, -3]}
							}
						},
						{
							"origin": [-2.21205, 29.6467, 4.55487],
							"size": [1.4729, 1.54, 2.6756],
							"inflate": -0.3,
							"pivot": [-1.7875, 31.1403, 7.79187],
							"rotation": [0, 0, -44.6],
							"uv": {
								"north": {"uv": [34, 35], "uv_size": [4, 3]},
								"east": {"uv": [34, 35], "uv_size": [4, 3]},
								"south": {"uv": [34, 35], "uv_size": [4, 3]},
								"west": {"uv": [34, 35], "uv_size": [4, 3]},
								"up": {"uv": [38, 38], "uv_size": [-4, -3]},
								"down": {"uv": [38, 38], "uv_size": [-4, -3]}
							}
						},
						{
							"origin": [-2.13955, 32.6883, 4.17987],
							"size": [1.3479, 2.04, 3.3006],
							"inflate": -0.3,
							"pivot": [-1.84, 32.9847, 7.79187],
							"rotation": [0, 0, 44.6],
							"uv": {
								"north": {"uv": [89, 7], "uv_size": [-10, 2]},
								"east": {"uv": [89, 7], "uv_size": [-10, 2]},
								"south": {"uv": [89, 7], "uv_size": [-10, 2]},
								"west": {"uv": [89, 7], "uv_size": [-10, 2]},
								"up": {"uv": [79, 9], "uv_size": [10, -2]},
								"down": {"uv": [79, 9], "uv_size": [10, -2]}
							}
						},
						{
							"origin": [-2.13955, 29.4474, 4.17987],
							"size": [1.3479, 2.04, 3.3006],
							"inflate": -0.3,
							"pivot": [-1.84, 31.191, 7.79187],
							"rotation": [0, 0, -44.6],
							"uv": {
								"north": {"uv": [89, 9], "uv_size": [-10, -2]},
								"east": {"uv": [89, 9], "uv_size": [-10, -2]},
								"south": {"uv": [89, 9], "uv_size": [-10, -2]},
								"west": {"uv": [89, 9], "uv_size": [-10, -2]},
								"up": {"uv": [79, 7], "uv_size": [10, 2]},
								"down": {"uv": [79, 7], "uv_size": [10, 2]}
							}
						},
						{
							"origin": [-1.12795, 29.865, 4.17987],
							"size": [2.6025, 1.6224, 3.3006],
							"inflate": -0.3,
							"uv": {
								"north": {"uv": [79, 9], "uv_size": [10, -2]},
								"east": {"uv": [79, 9], "uv_size": [10, -2]},
								"south": {"uv": [79, 9], "uv_size": [10, -2]},
								"west": {"uv": [79, 9], "uv_size": [10, -2]},
								"up": {"uv": [89, 7], "uv_size": [-10, 2]},
								"down": {"uv": [89, 7], "uv_size": [-10, 2]}
							}
						},
						{
							"origin": [1.13915, 29.4474, 4.17987],
							"size": [1.3479, 2.04, 3.3006],
							"inflate": -0.3,
							"pivot": [2.1875, 31.191, 7.79187],
							"rotation": [0, 0, 44.6],
							"uv": {
								"north": {"uv": [79, 9], "uv_size": [10, -2]},
								"east": {"uv": [79, 9], "uv_size": [10, -2]},
								"south": {"uv": [79, 9], "uv_size": [10, -2]},
								"west": {"uv": [79, 9], "uv_size": [10, -2]},
								"up": {"uv": [89, 7], "uv_size": [-10, 2]},
								"down": {"uv": [89, 7], "uv_size": [-10, 2]}
							}
						},
						{
							"origin": [1.06469, 32.67014, 6.61651],
							"size": [1.31051, 1.968, 1.04057],
							"inflate": -0.3,
							"pivot": [2.07562, 32.96672, 10.06291],
							"rotation": [0, 0, -44.6],
							"uv": {
								"north": {"uv": [79, 7], "uv_size": [10, 2]},
								"east": {"uv": [79, 7], "uv_size": [10, 2]},
								"south": {"uv": [79, 7], "uv_size": [10, 2]},
								"west": {"uv": [79, 7], "uv_size": [10, 2]},
								"up": {"uv": [89, 9], "uv_size": [-10, -2]},
								"down": {"uv": [89, 9], "uv_size": [-10, -2]}
							}
						},
						{
							"origin": [-1.08905, 32.67014, 6.61651],
							"size": [2.50237, 1.57128, 1.04057],
							"inflate": -0.3,
							"uv": {
								"north": {"uv": [79, 7], "uv_size": [10, 2]},
								"east": {"uv": [79, 7], "uv_size": [10, 2]},
								"south": {"uv": [79, 7], "uv_size": [10, 2]},
								"west": {"uv": [79, 7], "uv_size": [10, 2]},
								"up": {"uv": [89, 9], "uv_size": [-10, -2]},
								"down": {"uv": [89, 9], "uv_size": [-10, -2]}
							}
						},
						{
							"origin": [-2.05007, 32.67014, 6.61651],
							"size": [1.31051, 1.968, 1.04057],
							"inflate": -0.3,
							"pivot": [-1.7505, 32.96672, 10.06291],
							"rotation": [0, 0, 44.6],
							"uv": {
								"north": {"uv": [89, 7], "uv_size": [-10, 2]},
								"east": {"uv": [89, 7], "uv_size": [-10, 2]},
								"south": {"uv": [89, 7], "uv_size": [-10, 2]},
								"west": {"uv": [89, 7], "uv_size": [-10, 2]},
								"up": {"uv": [79, 9], "uv_size": [10, -2]},
								"down": {"uv": [79, 9], "uv_size": [10, -2]}
							}
						},
						{
							"origin": [-2.03468, 30.96014, 6.61651],
							"size": [4.40988, 2.31941, 1.04057],
							"inflate": -0.3,
							"uv": {
								"north": {"uv": [79, 7], "uv_size": [10, 2]},
								"east": {"uv": [79, 7], "uv_size": [10, 2]},
								"south": {"uv": [79, 7], "uv_size": [10, 2]},
								"west": {"uv": [79, 7], "uv_size": [10, 2]},
								"up": {"uv": [89, 9], "uv_size": [-10, -2]},
								"down": {"uv": [89, 9], "uv_size": [-10, -2]}
							}
						},
						{
							"origin": [-2.05007, 29.59128, 6.61651],
							"size": [1.31051, 1.968, 1.04057],
							"inflate": -0.3,
							"pivot": [-1.7505, 31.2627, 10.06291],
							"rotation": [0, 0, -44.6],
							"uv": {
								"north": {"uv": [89, 9], "uv_size": [-10, -2]},
								"east": {"uv": [89, 9], "uv_size": [-10, -2]},
								"south": {"uv": [89, 9], "uv_size": [-10, -2]},
								"west": {"uv": [89, 9], "uv_size": [-10, -2]},
								"up": {"uv": [79, 7], "uv_size": [10, 2]},
								"down": {"uv": [79, 7], "uv_size": [10, 2]}
							}
						},
						{
							"origin": [-1.08905, 29.988, 6.61651],
							"size": [2.50237, 1.57128, 1.04057],
							"inflate": -0.3,
							"uv": {
								"north": {"uv": [79, 9], "uv_size": [10, -2]},
								"east": {"uv": [79, 9], "uv_size": [10, -2]},
								"south": {"uv": [79, 9], "uv_size": [10, -2]},
								"west": {"uv": [79, 9], "uv_size": [10, -2]},
								"up": {"uv": [89, 7], "uv_size": [-10, 2]},
								"down": {"uv": [89, 7], "uv_size": [-10, 2]}
							}
						},
						{
							"origin": [1.06469, 29.59128, 6.61651],
							"size": [1.31051, 1.968, 1.04057],
							"inflate": -0.3,
							"pivot": [2.07562, 31.2627, 10.06291],
							"rotation": [0, 0, 44.6],
							"uv": {
								"north": {"uv": [79, 9], "uv_size": [10, -2]},
								"east": {"uv": [79, 9], "uv_size": [10, -2]},
								"south": {"uv": [79, 9], "uv_size": [10, -2]},
								"west": {"uv": [79, 9], "uv_size": [10, -2]},
								"up": {"uv": [89, 7], "uv_size": [-10, 2]},
								"down": {"uv": [89, 7], "uv_size": [-10, 2]}
							}
						},
						{
							"origin": [0.99396, 32.65288, 6.76881],
							"size": [1.27498, 1.8996, 1.01854],
							"inflate": -0.3,
							"pivot": [1.96934, 32.94963, 10.05789],
							"rotation": [0, 0, -44.6],
							"uv": {
								"north": {"uv": [79, 7], "uv_size": [10, 2]},
								"east": {"uv": [79, 7], "uv_size": [10, 2]},
								"south": {"uv": [79, 7], "uv_size": [10, 2]},
								"west": {"uv": [79, 7], "uv_size": [10, 2]},
								"up": {"uv": [89, 9], "uv_size": [-10, -2]},
								"down": {"uv": [89, 9], "uv_size": [-10, -2]}
							}
						},
						{
							"origin": [-1.0521, 32.65288, 6.76881],
							"size": [2.40726, 1.52272, 1.01854],
							"inflate": -0.3,
							"uv": {
								"north": {"uv": [79, 7], "uv_size": [10, 2]},
								"east": {"uv": [79, 7], "uv_size": [10, 2]},
								"south": {"uv": [79, 7], "uv_size": [10, 2]},
								"west": {"uv": [79, 7], "uv_size": [10, 2]},
								"up": {"uv": [89, 9], "uv_size": [-10, -2]},
								"down": {"uv": [89, 9], "uv_size": [-10, -2]}
							}
						},
						{
							"origin": [-1.96507, 32.65288, 6.76881],
							"size": [1.27498, 1.8996, 1.01854],
							"inflate": -0.3,
							"pivot": [-1.66547, 32.94963, 10.05789],
							"rotation": [0, 0, 44.6],
							"uv": {
								"north": {"uv": [89, 7], "uv_size": [-10, 2]},
								"east": {"uv": [89, 7], "uv_size": [-10, 2]},
								"south": {"uv": [89, 7], "uv_size": [-10, 2]},
								"west": {"uv": [89, 7], "uv_size": [-10, 2]},
								"up": {"uv": [79, 9], "uv_size": [10, -2]},
								"down": {"uv": [79, 9], "uv_size": [10, -2]}
							}
						},
						{
							"origin": [-1.95045, 31.02838, 6.76881],
							"size": [4.21939, 2.23343, 1.01854],
							"inflate": -0.3,
							"uv": {
								"north": {"uv": [79, 7], "uv_size": [10, 2]},
								"east": {"uv": [79, 7], "uv_size": [10, 2]},
								"south": {"uv": [79, 7], "uv_size": [10, 2]},
								"west": {"uv": [79, 7], "uv_size": [10, 2]},
								"up": {"uv": [89, 9], "uv_size": [-10, -2]},
								"down": {"uv": [89, 9], "uv_size": [-10, -2]}
							}
						},
						{
							"origin": [-1.96507, 29.72797, 6.76881],
							"size": [1.27498, 1.8996, 1.01854],
							"inflate": -0.3,
							"pivot": [-1.66547, 31.33082, 10.05789],
							"rotation": [0, 0, -44.6],
							"uv": {
								"north": {"uv": [89, 9], "uv_size": [-10, -2]},
								"east": {"uv": [89, 9], "uv_size": [-10, -2]},
								"south": {"uv": [89, 9], "uv_size": [-10, -2]},
								"west": {"uv": [89, 9], "uv_size": [-10, -2]},
								"up": {"uv": [79, 7], "uv_size": [10, 2]},
								"down": {"uv": [79, 7], "uv_size": [10, 2]}
							}
						},
						{
							"origin": [-1.0521, 30.10485, 6.76881],
							"size": [2.40726, 1.52272, 1.01854],
							"inflate": -0.3,
							"uv": {
								"north": {"uv": [79, 9], "uv_size": [10, -2]},
								"east": {"uv": [79, 9], "uv_size": [10, -2]},
								"south": {"uv": [79, 9], "uv_size": [10, -2]},
								"west": {"uv": [79, 9], "uv_size": [10, -2]},
								"up": {"uv": [89, 7], "uv_size": [-10, 2]},
								"down": {"uv": [89, 7], "uv_size": [-10, 2]}
							}
						},
						{
							"origin": [0.99396, 29.72797, 6.76881],
							"size": [1.27498, 1.8996, 1.01854],
							"inflate": -0.3,
							"pivot": [1.96934, 31.33082, 10.05789],
							"rotation": [0, 0, 44.6],
							"uv": {
								"north": {"uv": [79, 9], "uv_size": [10, -2]},
								"east": {"uv": [79, 9], "uv_size": [10, -2]},
								"south": {"uv": [79, 9], "uv_size": [10, -2]},
								"west": {"uv": [79, 9], "uv_size": [10, -2]},
								"up": {"uv": [89, 7], "uv_size": [-10, 2]},
								"down": {"uv": [89, 7], "uv_size": [-10, 2]}
							}
						},
						{
							"origin": [1.17676, 32.63648, 7.16974],
							"size": [0.99123, 1.83462, 1.87261],
							"inflate": -0.3,
							"pivot": [1.86838, 32.9334, 10.30937],
							"rotation": [0, 0, -44.6],
							"uv": {
								"north": {"uv": [79, 7], "uv_size": [10, 2]},
								"east": {"uv": [79, 7], "uv_size": [10, 2]},
								"south": {"uv": [79, 7], "uv_size": [10, 2]},
								"west": {"uv": [79, 7], "uv_size": [10, 2]},
								"up": {"uv": [89, 9], "uv_size": [-10, -2]},
								"down": {"uv": [89, 9], "uv_size": [-10, -2]}
							}
						},
						{
							"origin": [-1.01785, 33.03941, 7.16974],
							"size": [2.31689, 1.075, 1.87261],
							"inflate": -0.3,
							"uv": {
								"north": {"uv": [79, 7], "uv_size": [10, 2]},
								"east": {"uv": [79, 7], "uv_size": [10, 2]},
								"south": {"uv": [79, 7], "uv_size": [10, 2]},
								"west": {"uv": [79, 7], "uv_size": [10, 2]},
								"up": {"uv": [89, 9], "uv_size": [-10, -2]},
								"down": {"uv": [89, 9], "uv_size": [-10, -2]}
							}
						},
						{
							"origin": [-1.88432, 32.63648, 7.16974],
							"size": [0.99123, 1.83462, 1.87261],
							"inflate": -0.3,
							"pivot": [-1.5847, 32.9334, 10.30937],
							"rotation": [0, 0, 44.6],
							"uv": {
								"north": {"uv": [89, 7], "uv_size": [-10, 2]},
								"east": {"uv": [89, 7], "uv_size": [-10, 2]},
								"south": {"uv": [89, 7], "uv_size": [-10, 2]},
								"west": {"uv": [89, 7], "uv_size": [-10, 2]},
								"up": {"uv": [79, 9], "uv_size": [10, -2]},
								"down": {"uv": [79, 9], "uv_size": [10, -2]}
							}
						},
						{
							"origin": [1.13049, 31.09321, 7.16974],
							"size": [1.0375, 2.15176, 1.87261],
							"inflate": -0.3,
							"uv": {
								"north": {"uv": [79, 7], "uv_size": [10, 2]},
								"east": {"uv": [79, 7], "uv_size": [10, 2]},
								"south": {"uv": [79, 7], "uv_size": [10, 2]},
								"west": {"uv": [79, 7], "uv_size": [10, 2]},
								"up": {"uv": [89, 9], "uv_size": [-10, -2]},
								"down": {"uv": [89, 9], "uv_size": [-10, -2]}
							}
						},
						{
							"origin": [-1.88226, 31.08356, 7.16974],
							"size": [1.0375, 2.15176, 1.87261],
							"inflate": -0.3,
							"uv": {
								"north": {"uv": [79, 7], "uv_size": [10, 2]},
								"east": {"uv": [79, 7], "uv_size": [10, 2]},
								"south": {"uv": [79, 7], "uv_size": [10, 2]},
								"west": {"uv": [79, 7], "uv_size": [10, 2]},
								"up": {"uv": [89, 9], "uv_size": [-10, -2]},
								"down": {"uv": [89, 9], "uv_size": [-10, -2]}
							}
						},
						{
							"origin": [-1.88432, 29.85782, 7.16974],
							"size": [0.99123, 1.83462, 1.87261],
							"inflate": -0.3,
							"pivot": [-1.5847, 31.39552, 10.30937],
							"rotation": [0, 0, -44.6],
							"uv": {
								"north": {"uv": [89, 9], "uv_size": [-10, -2]},
								"east": {"uv": [89, 9], "uv_size": [-10, -2]},
								"south": {"uv": [89, 9], "uv_size": [-10, -2]},
								"west": {"uv": [89, 9], "uv_size": [-10, -2]},
								"up": {"uv": [79, 7], "uv_size": [10, 2]},
								"down": {"uv": [79, 7], "uv_size": [10, 2]}
							}
						},
						{
							"origin": [-1.01699, 30.21586, 7.16974],
							"size": [2.31689, 1.075, 1.87261],
							"inflate": -0.3,
							"uv": {
								"north": {"uv": [79, 9], "uv_size": [10, -2]},
								"east": {"uv": [79, 9], "uv_size": [10, -2]},
								"south": {"uv": [79, 9], "uv_size": [10, -2]},
								"west": {"uv": [79, 9], "uv_size": [10, -2]},
								"up": {"uv": [89, 7], "uv_size": [-10, 2]},
								"down": {"uv": [89, 7], "uv_size": [-10, 2]}
							}
						},
						{
							"origin": [1.17676, 29.85782, 7.16974],
							"size": [0.99123, 1.83462, 1.87261],
							"inflate": -0.3,
							"pivot": [1.86838, 31.39552, 10.30937],
							"rotation": [0, 0, 44.6],
							"uv": {
								"north": {"uv": [79, 9], "uv_size": [10, -2]},
								"east": {"uv": [79, 9], "uv_size": [10, -2]},
								"south": {"uv": [79, 9], "uv_size": [10, -2]},
								"west": {"uv": [79, 9], "uv_size": [10, -2]},
								"up": {"uv": [89, 7], "uv_size": [-10, 2]},
								"down": {"uv": [89, 7], "uv_size": [-10, 2]}
							}
						}
					]
				},
				{
					"name": "specter2",
					"parent": "specter",
					"pivot": [0.8225, 36.33125, 1.03812],
					"rotation": [0, 0, -90],
					"cubes": [
						{
							"origin": [-3.73275, 33.46, -1.00187],
							"size": [6.045, 7.9275, 7.9275],
							"inflate": -3.4,
							"pivot": [-0.0125, 37.2575, 1.91687],
							"rotation": [-27.5, 0, 0],
							"uv": {
								"north": {"uv": [68, 59], "uv_size": [5, 3]},
								"east": {"uv": [68, 59], "uv_size": [5, 3]},
								"south": {"uv": [68, 59], "uv_size": [5, 3]},
								"west": {"uv": [68, 59], "uv_size": [5, 3]},
								"up": {"uv": [73, 62], "uv_size": [-5, -3]},
								"down": {"uv": [73, 62], "uv_size": [-5, -3]}
							}
						},
						{
							"origin": [-1.5275, 36.8025, 1.50937],
							"size": [1.01, 1.9075, 1.9075],
							"inflate": -0.2,
							"pivot": [-0.0525, 36.33125, 1.03812],
							"rotation": [-27.5, 0, 0],
							"uv": {
								"north": {"uv": [79, 7], "uv_size": [10, 2]},
								"east": {"uv": [79, 7], "uv_size": [10, 2]},
								"south": {"uv": [79, 7], "uv_size": [10, 2]},
								"west": {"uv": [79, 7], "uv_size": [10, 2]},
								"up": {"uv": [89, 9], "uv_size": [-10, -2]},
								"down": {"uv": [89, 9], "uv_size": [-10, -2]}
							}
						}
					]
				},
				{
					"name": "specter4",
					"parent": "specter",
					"pivot": [-4.1725, 31.58125, 1.03812],
					"cubes": [
						{
							"origin": [-5.66225, 28.71, -0.87687],
							"size": [6.045, 7.8025, 7.8025],
							"inflate": -3.4,
							"pivot": [-3.3375, 32.5075, 1.91687],
							"rotation": [-27.5, 0, 0],
							"uv": {
								"north": {"uv": [73, 59], "uv_size": [-5, 3]},
								"east": {"uv": [73, 59], "uv_size": [-5, 3]},
								"south": {"uv": [73, 59], "uv_size": [-5, 3]},
								"west": {"uv": [73, 59], "uv_size": [-5, 3]},
								"up": {"uv": [68, 62], "uv_size": [5, -3]},
								"down": {"uv": [68, 62], "uv_size": [5, -3]}
							}
						},
						{
							"origin": [-2.8325, 32.0525, 1.63437],
							"size": [1.01, 1.7825, 1.7825],
							"inflate": -0.2,
							"pivot": [-3.2975, 31.58125, 1.03812],
							"rotation": [-27.5, 0, 0],
							"uv": {
								"north": {"uv": [89, 7], "uv_size": [-10, 2]},
								"east": {"uv": [89, 7], "uv_size": [-10, 2]},
								"south": {"uv": [89, 7], "uv_size": [-10, 2]},
								"west": {"uv": [89, 7], "uv_size": [-10, 2]},
								"up": {"uv": [79, 9], "uv_size": [10, -2]},
								"down": {"uv": [79, 9], "uv_size": [10, -2]}
							}
						}
					]
				},
				{
					"name": "scopepip",
					"parent": "1p87",
					"pivot": [0.05, 27.175, 6.75],
					"cubes": [
						{
							"origin": [-1.15, 30.9625, 7.63937],
							"size": [2.5875, 2.385, 0.83125],
							"uv": {
								"north": {"uv": [42, 11], "uv_size": [3, 4]},
								"east": {"uv": [11, 48], "uv_size": [1, 4]},
								"south": {"uv": [42, 11], "uv_size": [3, 4]},
								"west": {"uv": [20, 48], "uv_size": [1, 4]},
								"up": {"uv": [50, 29], "uv_size": [3, 1]},
								"down": {"uv": [50, 37], "uv_size": [3, -1]}
							}
						}
					]
				},
				{
					"name": "1p3",
					"parent": "1p87",
					"pivot": [0.2, 29.5, -13.35],
					"cubes": [
						{
							"origin": [-1.70375, 27.61975, -9.64266],
							"size": [3.545, 3.05625, 6.14625],
							"uv": {
								"north": {"uv": [79, 7], "uv_size": [10, 2]},
								"east": {"uv": [79, 7], "uv_size": [10, 2]},
								"south": {"uv": [79, 7], "uv_size": [10, 2]},
								"west": {"uv": [79, 7], "uv_size": [10, 2]},
								"up": {"uv": [89, 9], "uv_size": [-10, -2]},
								"down": {"uv": [89, 9], "uv_size": [-10, -2]}
							}
						},
						{
							"origin": [-1.70375, 28.11975, -10.76766],
							"size": [3.545, 2.55625, 1.14625],
							"uv": {
								"north": {"uv": [79, 7], "uv_size": [10, 2]},
								"east": {"uv": [79, 7], "uv_size": [10, 2]},
								"south": {"uv": [79, 7], "uv_size": [10, 2]},
								"west": {"uv": [79, 7], "uv_size": [10, 2]},
								"up": {"uv": [89, 9], "uv_size": [-10, -2]},
								"down": {"uv": [89, 9], "uv_size": [-10, -2]}
							}
						},
						{
							"origin": [-1.70375, 29.74457, -11.41814],
							"size": [3.545, 0.93125, 0.64625],
							"pivot": [1.825, 30.68732, -10.77026],
							"rotation": [21, 0, 0],
							"uv": {
								"north": {"uv": [79, 7], "uv_size": [10, 2]},
								"east": {"uv": [79, 7], "uv_size": [10, 2]},
								"south": {"uv": [79, 7], "uv_size": [10, 2]},
								"west": {"uv": [79, 7], "uv_size": [10, 2]},
								"up": {"uv": [89, 9], "uv_size": [-10, -2]},
								"down": {"uv": [89, 9], "uv_size": [-10, -2]}
							}
						},
						{
							"origin": [-1.70375, 29.7614, -12.02518],
							"size": [3.545, 0.68125, 0.64625],
							"pivot": [1.825, 30.45415, -11.3773],
							"rotation": [41, 0, 0],
							"uv": {
								"north": {"uv": [79, 7], "uv_size": [10, 2]},
								"east": {"uv": [79, 7], "uv_size": [10, 2]},
								"south": {"uv": [79, 7], "uv_size": [10, 2]},
								"west": {"uv": [79, 7], "uv_size": [10, 2]},
								"up": {"uv": [89, 9], "uv_size": [-10, -2]},
								"down": {"uv": [89, 9], "uv_size": [-10, -2]}
							}
						},
						{
							"origin": [-1.70375, 28.70704, -12.51735],
							"size": [3.545, 1.30625, 0.64625],
							"pivot": [1.825, 30.02479, -11.86948],
							"rotation": [76, 0, 0],
							"uv": {
								"north": {"uv": [79, 7], "uv_size": [10, 2]},
								"east": {"uv": [79, 7], "uv_size": [10, 2]},
								"south": {"uv": [79, 7], "uv_size": [10, 2]},
								"west": {"uv": [79, 7], "uv_size": [10, 2]},
								"up": {"uv": [89, 9], "uv_size": [-10, -2]},
								"down": {"uv": [89, 9], "uv_size": [-10, -2]}
							}
						},
						{
							"origin": [-1.70375, 28.29674, -10.93541],
							"size": [3.545, 0.68125, 0.64625],
							"pivot": [1.84125, 29.5405, -10.76766],
							"rotation": [-76, 0, 0],
							"uv": {
								"north": {"uv": [79, 9], "uv_size": [10, -2]},
								"east": {"uv": [79, 9], "uv_size": [10, -2]},
								"south": {"uv": [79, 9], "uv_size": [10, -2]},
								"west": {"uv": [79, 9], "uv_size": [10, -2]},
								"up": {"uv": [89, 7], "uv_size": [-10, 2]},
								"down": {"uv": [89, 7], "uv_size": [-10, 2]}
							}
						},
						{
							"origin": [-1.70375, 28.24722, -11.08909],
							"size": [3.545, 1.43125, 0.64625],
							"pivot": [1.84125, 29.5405, -10.76766],
							"rotation": [-41, 0, 0],
							"uv": {
								"north": {"uv": [79, 9], "uv_size": [10, -2]},
								"east": {"uv": [79, 9], "uv_size": [10, -2]},
								"south": {"uv": [79, 9], "uv_size": [10, -2]},
								"west": {"uv": [79, 9], "uv_size": [10, -2]},
								"up": {"uv": [89, 7], "uv_size": [-10, 2]},
								"down": {"uv": [89, 7], "uv_size": [-10, 2]}
							}
						},
						{
							"origin": [-1.70375, 28.21412, -10.90476],
							"size": [3.545, 1.55625, 0.64625],
							"pivot": [1.84125, 29.5405, -10.76766],
							"rotation": [-21, 0, 0],
							"uv": {
								"north": {"uv": [79, 9], "uv_size": [10, -2]},
								"east": {"uv": [79, 9], "uv_size": [10, -2]},
								"south": {"uv": [79, 9], "uv_size": [10, -2]},
								"west": {"uv": [79, 9], "uv_size": [10, -2]},
								"up": {"uv": [89, 7], "uv_size": [-10, 2]},
								"down": {"uv": [89, 7], "uv_size": [-10, 2]}
							}
						},
						{
							"origin": [1.92125, 27.61975, -9.64266],
							"size": [0.17, 2.55625, 5.27125],
							"uv": {
								"north": {"uv": [79, 7], "uv_size": [10, 2]},
								"east": {"uv": [79, 7], "uv_size": [10, 2]},
								"south": {"uv": [79, 7], "uv_size": [10, 2]},
								"west": {"uv": [79, 7], "uv_size": [10, 2]},
								"up": {"uv": [89, 9], "uv_size": [-10, -2]},
								"down": {"uv": [89, 9], "uv_size": [-10, -2]}
							}
						},
						{
							"origin": [1.79625, 27.61975, -9.51766],
							"size": [0.17, 2.55625, 5.02125],
							"uv": {
								"north": {"uv": [79, 7], "uv_size": [10, 2]},
								"east": {"uv": [79, 7], "uv_size": [10, 2]},
								"south": {"uv": [79, 7], "uv_size": [10, 2]},
								"west": {"uv": [79, 7], "uv_size": [10, 2]},
								"up": {"uv": [89, 9], "uv_size": [-10, -2]},
								"down": {"uv": [89, 9], "uv_size": [-10, -2]}
							}
						},
						{
							"origin": [-1.70375, 30.551, -9.14266],
							"size": [3.53875, 0.21875, 6.6375],
							"uv": {
								"north": {"uv": [79, 7], "uv_size": [10, 2]},
								"east": {"uv": [79, 7], "uv_size": [10, 2]},
								"south": {"uv": [79, 7], "uv_size": [10, 2]},
								"west": {"uv": [79, 7], "uv_size": [10, 2]},
								"up": {"uv": [89, 9], "uv_size": [-10, -2]},
								"down": {"uv": [89, 9], "uv_size": [-10, -2]}
							}
						},
						{
							"origin": [-1.4325, 32.551, -0.75],
							"size": [0.16375, 0.4875, 0.175],
							"pivot": [-1.175, 33.035, -2.86978],
							"rotation": [-81, 0, 0],
							"uv": {
								"north": {"uv": [79, 7], "uv_size": [10, 2]},
								"east": {"uv": [79, 7], "uv_size": [10, 2]},
								"south": {"uv": [79, 7], "uv_size": [10, 2]},
								"west": {"uv": [79, 7], "uv_size": [10, 2]},
								"up": {"uv": [89, 9], "uv_size": [-10, -2]},
								"down": {"uv": [89, 9], "uv_size": [-10, -2]}
							}
						},
						{
							"origin": [-1.70375, 30.301, -9.56984],
							"size": [3.53875, 0.46875, 0.5125],
							"uv": {
								"north": {"uv": [89, 7], "uv_size": [-10, 2]},
								"east": {"uv": [89, 7], "uv_size": [-10, 2]},
								"south": {"uv": [89, 7], "uv_size": [-10, 2]},
								"west": {"uv": [89, 7], "uv_size": [-10, 2]},
								"up": {"uv": [89, 7], "uv_size": [-10, 2]},
								"down": {"uv": [89, 7], "uv_size": [-10, 2]}
							}
						},
						{
							"origin": [1.59188, 30.4135, -9.39266],
							"size": [0.34125, 0.7875, 6.52125],
							"pivot": [1.5525, 31.201, -3.48853],
							"rotation": [0, 0, 44],
							"uv": {
								"north": {"uv": [79, 7], "uv_size": [10, 2]},
								"east": {"uv": [79, 7], "uv_size": [10, 2]},
								"south": {"uv": [79, 7], "uv_size": [10, 2]},
								"west": {"uv": [79, 7], "uv_size": [10, 2]},
								"up": {"uv": [89, 9], "uv_size": [-10, -2]},
								"down": {"uv": [89, 9], "uv_size": [-10, -2]}
							}
						},
						{
							"origin": [-1.79562, 30.4135, -9.39266],
							"size": [0.34125, 0.7875, 6.52125],
							"pivot": [-1.415, 31.201, -3.48853],
							"rotation": [0, 0, -44],
							"uv": {
								"north": {"uv": [79, 7], "uv_size": [10, 2]},
								"east": {"uv": [79, 7], "uv_size": [10, 2]},
								"south": {"uv": [79, 7], "uv_size": [10, 2]},
								"west": {"uv": [79, 7], "uv_size": [10, 2]},
								"up": {"uv": [89, 9], "uv_size": [-10, -2]},
								"down": {"uv": [89, 9], "uv_size": [-10, -2]}
							}
						},
						{
							"origin": [-1.2633, 30.49375, -2.91375],
							"size": [0.15625, 0.5625, 0.3875],
							"pivot": [-1.415, 30.701, -2.48853],
							"rotation": [6.5, 1.04196, -44.83393],
							"uv": {
								"north": {"uv": [79, 7], "uv_size": [10, 2]},
								"east": {"uv": [79, 7], "uv_size": [10, 2]},
								"south": {"uv": [79, 7], "uv_size": [10, 2]},
								"west": {"uv": [79, 7], "uv_size": [10, 2]},
								"up": {"uv": [89, 9], "uv_size": [-10, -2]},
								"down": {"uv": [89, 9], "uv_size": [-10, -2]}
							}
						},
						{
							"origin": [1.25705, 30.49375, -2.91375],
							"size": [0.15625, 0.5625, 0.3875],
							"pivot": [1.565, 30.701, -2.48853],
							"rotation": [6.5, -1.04196, 44.83393],
							"uv": {
								"north": {"uv": [89, 7], "uv_size": [-10, 2]},
								"east": {"uv": [89, 7], "uv_size": [-10, 2]},
								"south": {"uv": [89, 7], "uv_size": [-10, 2]},
								"west": {"uv": [89, 7], "uv_size": [-10, 2]},
								"up": {"uv": [79, 9], "uv_size": [10, -2]},
								"down": {"uv": [79, 9], "uv_size": [10, -2]}
							}
						},
						{
							"origin": [1.41875, 32.551, -0.75],
							"size": [0.16375, 0.4875, 0.175],
							"pivot": [1.325, 33.035, -2.86978],
							"rotation": [-81, 0, 0],
							"uv": {
								"north": {"uv": [89, 7], "uv_size": [-10, 2]},
								"east": {"uv": [89, 7], "uv_size": [-10, 2]},
								"south": {"uv": [89, 7], "uv_size": [-10, 2]},
								"west": {"uv": [89, 7], "uv_size": [-10, 2]},
								"up": {"uv": [79, 9], "uv_size": [10, -2]},
								"down": {"uv": [79, 9], "uv_size": [10, -2]}
							}
						},
						{
							"origin": [1.25705, 30.49375, -9.54875],
							"size": [0.15625, 0.5625, 0.3875],
							"pivot": [1.565, 30.701, -9.58647],
							"rotation": [-6.5, 1.04196, 44.83393],
							"uv": {
								"north": {"uv": [79, 7], "uv_size": [10, 2]},
								"east": {"uv": [79, 7], "uv_size": [10, 2]},
								"south": {"uv": [79, 7], "uv_size": [10, 2]},
								"west": {"uv": [79, 7], "uv_size": [10, 2]},
								"up": {"uv": [79, 7], "uv_size": [10, 2]},
								"down": {"uv": [79, 7], "uv_size": [10, 2]}
							}
						},
						{
							"origin": [1.41875, 32.551, -11.5],
							"size": [0.16375, 0.4875, 0.175],
							"pivot": [1.325, 33.035, -9.20522],
							"rotation": [81, 0, 0],
							"uv": {
								"north": {"uv": [79, 7], "uv_size": [10, 2]},
								"east": {"uv": [79, 7], "uv_size": [10, 2]},
								"south": {"uv": [79, 7], "uv_size": [10, 2]},
								"west": {"uv": [79, 7], "uv_size": [10, 2]},
								"up": {"uv": [79, 7], "uv_size": [10, 2]},
								"down": {"uv": [79, 7], "uv_size": [10, 2]}
							}
						},
						{
							"origin": [-1.4325, 32.551, -11.5],
							"size": [0.16375, 0.4875, 0.175],
							"pivot": [-1.175, 33.035, -9.20522],
							"rotation": [81, 0, 0],
							"uv": {
								"north": {"uv": [89, 7], "uv_size": [-10, 2]},
								"east": {"uv": [89, 7], "uv_size": [-10, 2]},
								"south": {"uv": [89, 7], "uv_size": [-10, 2]},
								"west": {"uv": [89, 7], "uv_size": [-10, 2]},
								"up": {"uv": [89, 7], "uv_size": [-10, 2]},
								"down": {"uv": [89, 7], "uv_size": [-10, 2]}
							}
						},
						{
							"origin": [-1.2633, 30.49375, -9.54875],
							"size": [0.15625, 0.5625, 0.3875],
							"pivot": [-1.415, 30.701, -9.58647],
							"rotation": [-6.5, -1.04196, -44.83393],
							"uv": {
								"north": {"uv": [89, 7], "uv_size": [-10, 2]},
								"east": {"uv": [89, 7], "uv_size": [-10, 2]},
								"south": {"uv": [89, 7], "uv_size": [-10, 2]},
								"west": {"uv": [89, 7], "uv_size": [-10, 2]},
								"up": {"uv": [89, 7], "uv_size": [-10, 2]},
								"down": {"uv": [89, 7], "uv_size": [-10, 2]}
							}
						}
					]
				},
				{
					"name": "1p4",
					"parent": "1p3",
					"pivot": [-1.1525, 33.4115, -3.86353],
					"cubes": [
						{
							"origin": [1.5525, 30.676, -9.14266],
							"size": [0.28875, 2.3625, 6.27125],
							"uv": {
								"north": {"uv": [79, 7], "uv_size": [10, 2]},
								"east": {"uv": [79, 7], "uv_size": [10, 2]},
								"south": {"uv": [79, 7], "uv_size": [10, 2]},
								"west": {"uv": [79, 7], "uv_size": [10, 2]},
								"up": {"uv": [89, 9], "uv_size": [-10, -2]},
								"down": {"uv": [89, 9], "uv_size": [-10, -2]}
							}
						},
						{
							"origin": [-1.70375, 30.676, -9.14266],
							"size": [0.28875, 2.3625, 6.27125],
							"uv": {
								"north": {"uv": [79, 7], "uv_size": [10, 2]},
								"east": {"uv": [79, 7], "uv_size": [10, 2]},
								"south": {"uv": [79, 7], "uv_size": [10, 2]},
								"west": {"uv": [79, 7], "uv_size": [10, 2]},
								"up": {"uv": [89, 9], "uv_size": [-10, -2]},
								"down": {"uv": [89, 9], "uv_size": [-10, -2]}
							}
						},
						{
							"origin": [1.5625, 33.025, -9.20625],
							"size": [0.275, 0.4125, 6.3375],
							"pivot": [1.8025, 33.0365, -3.86353],
							"rotation": [0, 0, -21],
							"uv": {
								"north": {"uv": [79, 7], "uv_size": [10, 2]},
								"east": {"uv": [79, 7], "uv_size": [10, 2]},
								"south": {"uv": [79, 7], "uv_size": [10, 2]},
								"west": {"uv": [79, 7], "uv_size": [10, 2]},
								"up": {"uv": [89, 9], "uv_size": [-10, -2]},
								"down": {"uv": [89, 9], "uv_size": [-10, -2]}
							}
						},
						{
							"origin": [-1.3125, 33.301, -9.20625],
							"size": [2.775, 0.30187, 6.3375],
							"uv": {
								"north": {"uv": [79, 7], "uv_size": [10, 2]},
								"east": {"uv": [79, 7], "uv_size": [10, 2]},
								"south": {"uv": [79, 7], "uv_size": [10, 2]},
								"west": {"uv": [79, 7], "uv_size": [10, 2]},
								"up": {"uv": [89, 9], "uv_size": [-10, -2]},
								"down": {"uv": [89, 9], "uv_size": [-10, -2]}
							}
						},
						{
							"origin": [1.5525, 32.551, -2.875],
							"size": [0.28875, 0.4875, 2.3],
							"pivot": [-0.925, 33.035, -2.86978],
							"rotation": [-81, 0, 0],
							"uv": {
								"north": {"uv": [79, 7], "uv_size": [10, 2]},
								"east": {"uv": [79, 7], "uv_size": [10, 2]},
								"south": {"uv": [79, 7], "uv_size": [10, 2]},
								"west": {"uv": [79, 7], "uv_size": [10, 2]},
								"up": {"uv": [89, 9], "uv_size": [-10, -2]},
								"down": {"uv": [89, 9], "uv_size": [-10, -2]}
							}
						},
						{
							"origin": [-1.70375, 32.551, -2.875],
							"size": [0.28875, 0.4875, 2.3],
							"pivot": [-1.425, 33.035, -2.86978],
							"rotation": [-81, 0, 0],
							"uv": {
								"north": {"uv": [79, 7], "uv_size": [10, 2]},
								"east": {"uv": [79, 7], "uv_size": [10, 2]},
								"south": {"uv": [79, 7], "uv_size": [10, 2]},
								"west": {"uv": [79, 7], "uv_size": [10, 2]},
								"up": {"uv": [89, 9], "uv_size": [-10, -2]},
								"down": {"uv": [89, 9], "uv_size": [-10, -2]}
							}
						},
						{
							"origin": [-1.70375, 32.551, -11.5],
							"size": [0.28875, 0.4875, 2.3],
							"pivot": [-1.425, 33.035, -9.20522],
							"rotation": [81, 0, 0],
							"uv": {
								"north": {"uv": [89, 7], "uv_size": [-10, 2]},
								"east": {"uv": [89, 7], "uv_size": [-10, 2]},
								"south": {"uv": [89, 7], "uv_size": [-10, 2]},
								"west": {"uv": [89, 7], "uv_size": [-10, 2]},
								"up": {"uv": [89, 7], "uv_size": [-10, 2]},
								"down": {"uv": [89, 7], "uv_size": [-10, 2]}
							}
						},
						{
							"origin": [1.5525, 32.551, -11.5],
							"size": [0.28875, 0.4875, 2.3],
							"pivot": [-0.925, 33.035, -9.20522],
							"rotation": [81, 0, 0],
							"uv": {
								"north": {"uv": [89, 7], "uv_size": [-10, 2]},
								"east": {"uv": [89, 7], "uv_size": [-10, 2]},
								"south": {"uv": [89, 7], "uv_size": [-10, 2]},
								"west": {"uv": [89, 7], "uv_size": [-10, 2]},
								"up": {"uv": [89, 7], "uv_size": [-10, 2]},
								"down": {"uv": [89, 7], "uv_size": [-10, 2]}
							}
						},
						{
							"origin": [1.05463, 33.425, -9.20625],
							"size": [0.275, 0.2875, 6.3375],
							"pivot": [1.3025, 33.4115, -3.86353],
							"rotation": [0, 0, 127],
							"uv": {
								"north": {"uv": [79, 7], "uv_size": [10, 2]},
								"east": {"uv": [79, 7], "uv_size": [10, 2]},
								"south": {"uv": [79, 7], "uv_size": [10, 2]},
								"west": {"uv": [79, 7], "uv_size": [10, 2]},
								"up": {"uv": [89, 9], "uv_size": [-10, -2]},
								"down": {"uv": [89, 9], "uv_size": [-10, -2]}
							}
						},
						{
							"origin": [-1.6875, 33.025, -9.20625],
							"size": [0.275, 0.4125, 6.3375],
							"pivot": [-1.6525, 33.0365, -3.86353],
							"rotation": [0, 0, 21],
							"uv": {
								"north": {"uv": [89, 7], "uv_size": [-10, 2]},
								"east": {"uv": [89, 7], "uv_size": [-10, 2]},
								"south": {"uv": [89, 7], "uv_size": [-10, 2]},
								"west": {"uv": [89, 7], "uv_size": [-10, 2]},
								"up": {"uv": [79, 9], "uv_size": [10, -2]},
								"down": {"uv": [79, 9], "uv_size": [10, -2]}
							}
						},
						{
							"origin": [-1.17963, 33.425, -9.20625],
							"size": [0.275, 0.2875, 6.3375],
							"pivot": [-1.1525, 33.4115, -3.86353],
							"rotation": [0, 0, -127],
							"uv": {
								"north": {"uv": [89, 7], "uv_size": [-10, 2]},
								"east": {"uv": [89, 7], "uv_size": [-10, 2]},
								"south": {"uv": [89, 7], "uv_size": [-10, 2]},
								"west": {"uv": [89, 7], "uv_size": [-10, 2]},
								"up": {"uv": [79, 9], "uv_size": [10, -2]},
								"down": {"uv": [79, 9], "uv_size": [10, -2]}
							}
						}
					]
				},
				{
					"name": "1p5",
					"parent": "1p3",
					"pivot": [-1.4025, 33.6615, -3.86353],
					"cubes": [
						{
							"origin": [1.9685, 30.3789, -9.12348],
							"size": [0.2215, 2.835, 6.2755],
							"uv": {
								"north": {"uv": [79, 7], "uv_size": [10, 2]},
								"east": {"uv": [79, 7], "uv_size": [10, 2]},
								"south": {"uv": [79, 7], "uv_size": [10, 2]},
								"west": {"uv": [79, 7], "uv_size": [10, 2]},
								"up": {"uv": [89, 9], "uv_size": [-10, -2]},
								"down": {"uv": [89, 9], "uv_size": [-10, -2]}
							}
						},
						{
							"origin": [2.15319, 27.59622, -9.6361],
							"size": [0.2215, 2.585, 7.23125],
							"uv": {
								"north": {"uv": [79, 7], "uv_size": [10, 2]},
								"east": {"uv": [79, 7], "uv_size": [10, 2]},
								"south": {"uv": [79, 7], "uv_size": [10, 2]},
								"west": {"uv": [79, 7], "uv_size": [10, 2]},
								"up": {"uv": [89, 9], "uv_size": [-10, -2]},
								"down": {"uv": [89, 9], "uv_size": [-10, -2]}
							}
						},
						{
							"origin": [2.15319, 26.84622, -6.8861],
							"size": [0.2215, 0.835, 4.48125],
							"uv": {
								"north": {"uv": [79, 7], "uv_size": [10, 2]},
								"east": {"uv": [79, 7], "uv_size": [10, 2]},
								"south": {"uv": [79, 7], "uv_size": [10, 2]},
								"west": {"uv": [79, 7], "uv_size": [10, 2]},
								"up": {"uv": [89, 9], "uv_size": [-10, -2]},
								"down": {"uv": [89, 9], "uv_size": [-10, -2]}
							}
						},
						{
							"origin": [2.15319, 27.34622, -8.5111],
							"size": [0.2215, 0.335, 0.73125],
							"uv": {
								"north": {"uv": [79, 7], "uv_size": [10, 2]},
								"east": {"uv": [79, 7], "uv_size": [10, 2]},
								"south": {"uv": [79, 7], "uv_size": [10, 2]},
								"west": {"uv": [79, 7], "uv_size": [10, 2]},
								"up": {"uv": [89, 9], "uv_size": [-10, -2]},
								"down": {"uv": [89, 9], "uv_size": [-10, -2]}
							}
						},
						{
							"origin": [2.15319, 26.84622, -8.5111],
							"size": [0.2215, 0.335, 0.73125],
							"uv": {
								"north": {"uv": [79, 7], "uv_size": [10, 2]},
								"east": {"uv": [79, 7], "uv_size": [10, 2]},
								"south": {"uv": [79, 7], "uv_size": [10, 2]},
								"west": {"uv": [79, 7], "uv_size": [10, 2]},
								"up": {"uv": [89, 9], "uv_size": [-10, -2]},
								"down": {"uv": [89, 9], "uv_size": [-10, -2]}
							}
						},
						{
							"origin": [2.15319, 27.09622, -8.5111],
							"size": [0.0965, 0.335, 0.73125],
							"uv": {
								"north": {"uv": [79, 7], "uv_size": [10, 2]},
								"east": {"uv": [79, 7], "uv_size": [10, 2]},
								"south": {"uv": [79, 7], "uv_size": [10, 2]},
								"west": {"uv": [79, 7], "uv_size": [10, 2]},
								"up": {"uv": [89, 9], "uv_size": [-10, -2]},
								"down": {"uv": [89, 9], "uv_size": [-10, -2]}
							}
						},
						{
							"origin": [2.15319, 26.84622, -9.5111],
							"size": [0.0965, 0.71, 0.98125],
							"uv": {
								"north": {"uv": [79, 7], "uv_size": [10, 2]},
								"east": {"uv": [79, 7], "uv_size": [10, 2]},
								"south": {"uv": [79, 7], "uv_size": [10, 2]},
								"west": {"uv": [79, 7], "uv_size": [10, 2]},
								"up": {"uv": [89, 9], "uv_size": [-10, -2]},
								"down": {"uv": [89, 9], "uv_size": [-10, -2]}
							}
						},
						{
							"origin": [-1.84681, 26.84622, -9.5111],
							"size": [3.8465, 0.71, 5.98125],
							"uv": {
								"north": {"uv": [79, 7], "uv_size": [10, 2]},
								"east": {"uv": [79, 7], "uv_size": [10, 2]},
								"south": {"uv": [79, 7], "uv_size": [10, 2]},
								"west": {"uv": [79, 7], "uv_size": [10, 2]},
								"up": {"uv": [89, 9], "uv_size": [-10, -2]},
								"down": {"uv": [89, 9], "uv_size": [-10, -2]}
							}
						},
						{
							"origin": [2.02819, 26.84622, -9.6361],
							"size": [0.2215, 0.085, 1.10625],
							"uv": {
								"north": {"uv": [79, 7], "uv_size": [10, 2]},
								"east": {"uv": [79, 7], "uv_size": [10, 2]},
								"south": {"uv": [79, 7], "uv_size": [10, 2]},
								"west": {"uv": [79, 7], "uv_size": [10, 2]},
								"up": {"uv": [89, 9], "uv_size": [-10, -2]},
								"down": {"uv": [89, 9], "uv_size": [-10, -2]}
							}
						},
						{
							"origin": [2.37469, 29.09622, -3.3861],
							"size": [0.125, 0.625, 0.625],
							"pivot": [0.83019, 29.21752, -3.15865],
							"rotation": [45, 0, 0],
							"uv": {
								"north": {"uv": [68, 59], "uv_size": [5, 3]},
								"east": {"uv": [68, 59], "uv_size": [5, 3]},
								"south": {"uv": [68, 59], "uv_size": [5, 3]},
								"west": {"uv": [68, 59], "uv_size": [5, 3]},
								"up": {"uv": [73, 62], "uv_size": [-5, -3]},
								"down": {"uv": [73, 62], "uv_size": [-5, -3]}
							}
						},
						{
							"origin": [-2.25031, 29.59622, -4.5111],
							"size": [0.125, 0.625, 0.625],
							"pivot": [-3.79481, 29.71752, -4.28365],
							"rotation": [45, 0, 0],
							"uv": {
								"north": {"uv": [48, 28], "uv_size": [5, 3]},
								"east": {"uv": [48, 28], "uv_size": [5, 3]},
								"south": {"uv": [48, 28], "uv_size": [5, 3]},
								"west": {"uv": [48, 28], "uv_size": [5, 3]},
								"up": {"uv": [53, 31], "uv_size": [-5, -3]},
								"down": {"uv": [53, 31], "uv_size": [-5, -3]}
							}
						},
						{
							"origin": [-2.25031, 28.59622, -6.8861],
							"size": [0.125, 0.625, 0.625],
							"pivot": [-3.79481, 28.71752, -6.65865],
							"rotation": [45, 0, 0],
							"uv": {
								"north": {"uv": [48, 28], "uv_size": [5, 3]},
								"east": {"uv": [48, 28], "uv_size": [5, 3]},
								"south": {"uv": [48, 28], "uv_size": [5, 3]},
								"west": {"uv": [48, 28], "uv_size": [5, 3]},
								"up": {"uv": [53, 31], "uv_size": [-5, -3]},
								"down": {"uv": [53, 31], "uv_size": [-5, -3]}
							}
						},
						{
							"origin": [-2.12531, 29.09622, -4.5111],
							"size": [0.125, 1.25, 1.25],
							"pivot": [-3.66981, 29.21752, -4.28365],
							"rotation": [45, 0, 0],
							"uv": {
								"north": {"uv": [68, 59], "uv_size": [5, 3]},
								"east": {"uv": [68, 59], "uv_size": [5, 3]},
								"south": {"uv": [68, 59], "uv_size": [5, 3]},
								"west": {"uv": [68, 59], "uv_size": [5, 3]},
								"up": {"uv": [73, 62], "uv_size": [-5, -3]},
								"down": {"uv": [73, 62], "uv_size": [-5, -3]}
							}
						},
						{
							"origin": [-2.12531, 28.09622, -6.8861],
							"size": [0.125, 1.25, 1.25],
							"pivot": [-3.66981, 28.21752, -6.65865],
							"rotation": [45, 0, 0],
							"uv": {
								"north": {"uv": [68, 59], "uv_size": [5, 3]},
								"east": {"uv": [68, 59], "uv_size": [5, 3]},
								"south": {"uv": [68, 59], "uv_size": [5, 3]},
								"west": {"uv": [68, 59], "uv_size": [5, 3]},
								"up": {"uv": [73, 62], "uv_size": [-5, -3]},
								"down": {"uv": [73, 62], "uv_size": [-5, -3]}
							}
						},
						{
							"origin": [-2.12531, 28.59622, -10.8861],
							"size": [0.5, 1.25, 1.25],
							"pivot": [-3.29481, 28.71752, -10.65865],
							"rotation": [45, 0, 0],
							"uv": {
								"north": {"uv": [68, 59], "uv_size": [5, 3]},
								"east": {"uv": [68, 59], "uv_size": [5, 3]},
								"south": {"uv": [68, 59], "uv_size": [5, 3]},
								"west": {"uv": [68, 59], "uv_size": [5, 3]},
								"up": {"uv": [73, 62], "uv_size": [-5, -3]},
								"down": {"uv": [73, 62], "uv_size": [-5, -3]}
							}
						},
						{
							"origin": [-2.25031, 28.47122, -11.0111],
							"size": [0.25, 1.5, 1.5],
							"pivot": [-3.79481, 28.71752, -10.65865],
							"rotation": [45, 0, 0],
							"uv": {
								"north": {"uv": [79, 9], "uv_size": [10, -2]},
								"east": {"uv": [79, 9], "uv_size": [10, -2]},
								"south": {"uv": [79, 9], "uv_size": [10, -2]},
								"west": {"uv": [79, 9], "uv_size": [10, -2]},
								"up": {"uv": [89, 7], "uv_size": [-10, 2]},
								"down": {"uv": [89, 7], "uv_size": [-10, 2]}
							}
						},
						{
							"origin": [2.37469, 28.09622, -4.8861],
							"size": [0.125, 0.25, 0.25],
							"pivot": [0.83019, 28.21752, -4.65865],
							"rotation": [45, 0, 0],
							"uv": {
								"north": {"uv": [68, 59], "uv_size": [5, 3]},
								"east": {"uv": [68, 59], "uv_size": [5, 3]},
								"south": {"uv": [68, 59], "uv_size": [5, 3]},
								"west": {"uv": [68, 59], "uv_size": [5, 3]},
								"up": {"uv": [73, 62], "uv_size": [-5, -3]},
								"down": {"uv": [73, 62], "uv_size": [-5, -3]}
							}
						},
						{
							"origin": [2.37469, 28.09622, -9.3861],
							"size": [0.125, 0.25, 0.25],
							"pivot": [0.83019, 28.21752, -9.15865],
							"rotation": [45, 0, 0],
							"uv": {
								"north": {"uv": [68, 59], "uv_size": [5, 3]},
								"east": {"uv": [68, 59], "uv_size": [5, 3]},
								"south": {"uv": [68, 59], "uv_size": [5, 3]},
								"west": {"uv": [68, 59], "uv_size": [5, 3]},
								"up": {"uv": [73, 62], "uv_size": [-5, -3]},
								"down": {"uv": [73, 62], "uv_size": [-5, -3]}
							}
						},
						{
							"origin": [-2.12531, 27.97122, -3.1361],
							"size": [0.125, 0.25, 0.25],
							"pivot": [-3.66981, 28.09252, -2.90865],
							"rotation": [45, 0, 0],
							"uv": {
								"north": {"uv": [68, 59], "uv_size": [5, 3]},
								"east": {"uv": [68, 59], "uv_size": [5, 3]},
								"south": {"uv": [68, 59], "uv_size": [5, 3]},
								"west": {"uv": [68, 59], "uv_size": [5, 3]},
								"up": {"uv": [73, 62], "uv_size": [-5, -3]},
								"down": {"uv": [73, 62], "uv_size": [-5, -3]}
							}
						},
						{
							"origin": [-2.00031, 27.22122, -8.5111],
							"size": [0.25, 0.25, 0.25],
							"pivot": [-3.54481, 27.34252, -8.28365],
							"rotation": [45, 0, 0],
							"uv": {
								"north": {"uv": [68, 59], "uv_size": [5, 3]},
								"east": {"uv": [68, 59], "uv_size": [5, 3]},
								"south": {"uv": [68, 59], "uv_size": [5, 3]},
								"west": {"uv": [68, 59], "uv_size": [5, 3]},
								"up": {"uv": [73, 62], "uv_size": [-5, -3]},
								"down": {"uv": [73, 62], "uv_size": [-5, -3]}
							}
						},
						{
							"origin": [3.12469, 27.72122, -1.1361],
							"size": [0.125, 0.25, 0.25],
							"pivot": [1.58019, 27.84252, -0.90865],
							"rotation": [0, 90, 45],
							"uv": {
								"north": {"uv": [68, 59], "uv_size": [5, 3]},
								"east": {"uv": [68, 59], "uv_size": [5, 3]},
								"south": {"uv": [68, 59], "uv_size": [5, 3]},
								"west": {"uv": [68, 59], "uv_size": [5, 3]},
								"up": {"uv": [73, 62], "uv_size": [-5, -3]},
								"down": {"uv": [73, 62], "uv_size": [-5, -3]}
							}
						},
						{
							"origin": [0.24969, 27.72122, -1.1361],
							"size": [0.125, 0.25, 0.25],
							"pivot": [-1.29481, 27.84252, -0.90865],
							"rotation": [0, 90, 45],
							"uv": {
								"north": {"uv": [68, 59], "uv_size": [5, 3]},
								"east": {"uv": [68, 59], "uv_size": [5, 3]},
								"south": {"uv": [68, 59], "uv_size": [5, 3]},
								"west": {"uv": [68, 59], "uv_size": [5, 3]},
								"up": {"uv": [73, 62], "uv_size": [-5, -3]},
								"down": {"uv": [73, 62], "uv_size": [-5, -3]}
							}
						},
						{
							"origin": [0.24969, 30.22122, -1.1361],
							"size": [0.125, 0.25, 0.25],
							"pivot": [-1.29481, 30.34252, -0.90865],
							"rotation": [0, 90, 45],
							"uv": {
								"north": {"uv": [68, 59], "uv_size": [5, 3]},
								"east": {"uv": [68, 59], "uv_size": [5, 3]},
								"south": {"uv": [68, 59], "uv_size": [5, 3]},
								"west": {"uv": [68, 59], "uv_size": [5, 3]},
								"up": {"uv": [73, 62], "uv_size": [-5, -3]},
								"down": {"uv": [73, 62], "uv_size": [-5, -3]}
							}
						},
						{
							"origin": [3.12469, 30.22122, -1.1361],
							"size": [0.125, 0.25, 0.25],
							"pivot": [1.58019, 30.34252, -0.90865],
							"rotation": [0, 90, 45],
							"uv": {
								"north": {"uv": [68, 59], "uv_size": [5, 3]},
								"east": {"uv": [68, 59], "uv_size": [5, 3]},
								"south": {"uv": [68, 59], "uv_size": [5, 3]},
								"west": {"uv": [68, 59], "uv_size": [5, 3]},
								"up": {"uv": [73, 62], "uv_size": [-5, -3]},
								"down": {"uv": [73, 62], "uv_size": [-5, -3]}
							}
						},
						{
							"origin": [2.37469, 28.09622, -3.3861],
							"size": [0.125, 0.625, 0.625],
							"uv": {
								"north": {"uv": [68, 59], "uv_size": [5, 3]},
								"east": {"uv": [68, 59], "uv_size": [5, 3]},
								"south": {"uv": [68, 59], "uv_size": [5, 3]},
								"west": {"uv": [68, 59], "uv_size": [5, 3]},
								"up": {"uv": [73, 62], "uv_size": [-5, -3]},
								"down": {"uv": [73, 62], "uv_size": [-5, -3]}
							}
						},
						{
							"origin": [2.37469, 28.09622, -4.2611],
							"size": [0.125, 0.625, 0.625],
							"uv": {
								"north": {"uv": [68, 59], "uv_size": [5, 3]},
								"east": {"uv": [68, 59], "uv_size": [5, 3]},
								"south": {"uv": [68, 59], "uv_size": [5, 3]},
								"west": {"uv": [68, 59], "uv_size": [5, 3]},
								"up": {"uv": [73, 62], "uv_size": [-5, -3]},
								"down": {"uv": [73, 62], "uv_size": [-5, -3]}
							}
						},
						{
							"origin": [-2.064, 30.3789, -9.12348],
							"size": [0.2215, 2.835, 6.2755],
							"uv": {
								"north": {"uv": [79, 7], "uv_size": [10, 2]},
								"east": {"uv": [79, 7], "uv_size": [10, 2]},
								"south": {"uv": [79, 7], "uv_size": [10, 2]},
								"west": {"uv": [79, 7], "uv_size": [10, 2]},
								"up": {"uv": [89, 9], "uv_size": [-10, -2]},
								"down": {"uv": [89, 9], "uv_size": [-10, -2]}
							}
						},
						{
							"origin": [-2.064, 27.65552, -9.63348],
							"size": [0.2215, 2.835, 7.225],
							"uv": {
								"north": {"uv": [79, 7], "uv_size": [10, 2]},
								"east": {"uv": [79, 7], "uv_size": [10, 2]},
								"south": {"uv": [79, 7], "uv_size": [10, 2]},
								"west": {"uv": [79, 7], "uv_size": [10, 2]},
								"up": {"uv": [89, 9], "uv_size": [-10, -2]},
								"down": {"uv": [89, 9], "uv_size": [-10, -2]}
							}
						},
						{
							"origin": [-2.064, 27.03052, -5.75848],
							"size": [0.2215, 0.71, 3.35],
							"uv": {
								"north": {"uv": [79, 7], "uv_size": [10, 2]},
								"east": {"uv": [79, 7], "uv_size": [10, 2]},
								"south": {"uv": [79, 7], "uv_size": [10, 2]},
								"west": {"uv": [79, 7], "uv_size": [10, 2]},
								"up": {"uv": [89, 9], "uv_size": [-10, -2]},
								"down": {"uv": [89, 9], "uv_size": [-10, -2]}
							}
						},
						{
							"origin": [-2.064, 27.03052, -6.975],
							"size": [0.2215, 0.71, 1.225],
							"pivot": [-2.0675, 27.0305, -5.75],
							"rotation": [-33, 0, 0],
							"uv": {
								"north": {"uv": [79, 7], "uv_size": [10, 2]},
								"east": {"uv": [79, 7], "uv_size": [10, 2]},
								"south": {"uv": [79, 7], "uv_size": [10, 2]},
								"west": {"uv": [79, 7], "uv_size": [10, 2]},
								"up": {"uv": [89, 9], "uv_size": [-10, -2]},
								"down": {"uv": [89, 9], "uv_size": [-10, -2]}
							}
						},
						{
							"origin": [1.94573, 30.13141, -9.6361],
							"size": [0.2215, 0.46, 7.225],
							"pivot": [2.16723, 30.58839, -5.90865],
							"rotation": [0, 0, -27],
							"uv": {
								"north": {"uv": [79, 7], "uv_size": [10, 2]},
								"east": {"uv": [79, 7], "uv_size": [10, 2]},
								"south": {"uv": [79, 7], "uv_size": [10, 2]},
								"west": {"uv": [79, 7], "uv_size": [10, 2]},
								"up": {"uv": [89, 9], "uv_size": [-10, -2]},
								"down": {"uv": [89, 9], "uv_size": [-10, -2]}
							}
						},
						{
							"origin": [1.9805, 33.1977, -9.19979],
							"size": [0.205, 0.495, 6.355],
							"pivot": [2.1435, 33.2115, -3.86353],
							"rotation": [0, 0, -21],
							"uv": {
								"north": {"uv": [79, 7], "uv_size": [10, 2]},
								"east": {"uv": [79, 7], "uv_size": [10, 2]},
								"south": {"uv": [79, 7], "uv_size": [10, 2]},
								"west": {"uv": [79, 7], "uv_size": [10, 2]},
								"up": {"uv": [89, 9], "uv_size": [-10, -2]},
								"down": {"uv": [89, 9], "uv_size": [-10, -2]}
							}
						},
						{
							"origin": [-1.5945, 33.6539, -9.19979],
							"size": [3.33, 0.23725, 6.355],
							"uv": {
								"north": {"uv": [79, 7], "uv_size": [10, 2]},
								"east": {"uv": [79, 7], "uv_size": [10, 2]},
								"south": {"uv": [79, 7], "uv_size": [10, 2]},
								"west": {"uv": [79, 7], "uv_size": [10, 2]},
								"up": {"uv": [89, 9], "uv_size": [-10, -2]},
								"down": {"uv": [89, 9], "uv_size": [-10, -2]}
							}
						},
						{
							"origin": [1.9685, 32.6289, -2.85229],
							"size": [0.2215, 0.585, 2.76],
							"pivot": [-1.1295, 33.2097, -2.84603],
							"rotation": [-81, 0, 0],
							"uv": {
								"north": {"uv": [79, 7], "uv_size": [10, 2]},
								"east": {"uv": [79, 7], "uv_size": [10, 2]},
								"south": {"uv": [79, 7], "uv_size": [10, 2]},
								"west": {"uv": [79, 7], "uv_size": [10, 2]},
								"up": {"uv": [89, 9], "uv_size": [-10, -2]},
								"down": {"uv": [89, 9], "uv_size": [-10, -2]}
							}
						},
						{
							"origin": [-2.064, 32.6289, -2.85229],
							"size": [0.2215, 0.585, 2.76],
							"pivot": [-1.7295, 33.2097, -2.84603],
							"rotation": [-81, 0, 0],
							"uv": {
								"north": {"uv": [79, 7], "uv_size": [10, 2]},
								"east": {"uv": [79, 7], "uv_size": [10, 2]},
								"south": {"uv": [79, 7], "uv_size": [10, 2]},
								"west": {"uv": [79, 7], "uv_size": [10, 2]},
								"up": {"uv": [89, 9], "uv_size": [-10, -2]},
								"down": {"uv": [89, 9], "uv_size": [-10, -2]}
							}
						},
						{
							"origin": [-2.064, 32.6289, -11.95229],
							"size": [0.2215, 0.585, 2.76],
							"pivot": [-1.7295, 33.2097, -9.19856],
							"rotation": [81, 0, 0],
							"uv": {
								"north": {"uv": [89, 7], "uv_size": [-10, 2]},
								"east": {"uv": [89, 7], "uv_size": [-10, 2]},
								"south": {"uv": [89, 7], "uv_size": [-10, 2]},
								"west": {"uv": [89, 7], "uv_size": [-10, 2]},
								"up": {"uv": [89, 7], "uv_size": [-10, 2]},
								"down": {"uv": [89, 7], "uv_size": [-10, 2]}
							}
						},
						{
							"origin": [1.9685, 32.6289, -11.95229],
							"size": [0.2215, 0.585, 2.76],
							"pivot": [-1.1295, 33.2097, -9.19856],
							"rotation": [81, 0, 0],
							"uv": {
								"north": {"uv": [89, 7], "uv_size": [-10, 2]},
								"east": {"uv": [89, 7], "uv_size": [-10, 2]},
								"south": {"uv": [89, 7], "uv_size": [-10, 2]},
								"west": {"uv": [89, 7], "uv_size": [-10, 2]},
								"up": {"uv": [89, 7], "uv_size": [-10, 2]},
								"down": {"uv": [89, 7], "uv_size": [-10, 2]}
							}
						},
						{
							"origin": [1.24605, 33.6777, -9.19979],
							"size": [0.205, 0.345, 6.355],
							"pivot": [1.5435, 33.6615, -3.86353],
							"rotation": [0, 0, 127],
							"uv": {
								"north": {"uv": [79, 7], "uv_size": [10, 2]},
								"east": {"uv": [79, 7], "uv_size": [10, 2]},
								"south": {"uv": [79, 7], "uv_size": [10, 2]},
								"west": {"uv": [79, 7], "uv_size": [10, 2]},
								"up": {"uv": [89, 9], "uv_size": [-10, -2]},
								"down": {"uv": [89, 9], "uv_size": [-10, -2]}
							}
						},
						{
							"origin": [-2.0445, 33.1977, -9.19979],
							"size": [0.205, 0.495, 6.355],
							"pivot": [-2.0025, 33.2115, -3.86353],
							"rotation": [0, 0, 21],
							"uv": {
								"north": {"uv": [89, 7], "uv_size": [-10, 2]},
								"east": {"uv": [89, 7], "uv_size": [-10, 2]},
								"south": {"uv": [89, 7], "uv_size": [-10, 2]},
								"west": {"uv": [89, 7], "uv_size": [-10, 2]},
								"up": {"uv": [79, 9], "uv_size": [10, -2]},
								"down": {"uv": [79, 9], "uv_size": [10, -2]}
							}
						},
						{
							"origin": [-1.31005, 33.6777, -9.19979],
							"size": [0.205, 0.345, 6.355],
							"pivot": [-1.4025, 33.6615, -3.86353],
							"rotation": [0, 0, -127],
							"uv": {
								"north": {"uv": [89, 7], "uv_size": [-10, 2]},
								"east": {"uv": [89, 7], "uv_size": [-10, 2]},
								"south": {"uv": [89, 7], "uv_size": [-10, 2]},
								"west": {"uv": [89, 7], "uv_size": [-10, 2]},
								"up": {"uv": [79, 9], "uv_size": [10, -2]},
								"down": {"uv": [79, 9], "uv_size": [10, -2]}
							}
						}
					]
				},
				{
					"name": "pso2",
					"parent": "1p3",
					"pivot": [-1.11512, 29.19156, -16.87997],
					"rotation": [-17.5, 90, 0]
				},
				{
					"name": "pso5",
					"parent": "1p3",
					"pivot": [-3.87137, 30.89781, -10.97372],
					"rotation": [0, 0, -180]
				},
				{
					"name": "scope",
					"parent": "main",
					"pivot": [0.06, 31.88, 7.79],
					"cubes": [
						{
							"origin": [-0.34, 31.7, 12.31],
							"size": [0.96, 0.96, 0.96],
							"inflate": -0.4,
							"uv": {
								"north": {"uv": [60, 19], "uv_size": [1, 1]},
								"east": {"uv": [23, 56], "uv_size": [1, 1]},
								"south": {"uv": [58, 18], "uv_size": [1, 1]},
								"west": {"uv": [24, 57], "uv_size": [1, 1]},
								"up": {"uv": [58, 23], "uv_size": [1, 1]},
								"down": {"uv": [26, 60], "uv_size": [1, -1]}
							}
						}
					]
				},
				{
					"name": "_ca_scope",
					"parent": "main",
					"pivot": [-0.1, 28.68, -7.37],
					"cubes": [
						{
							"origin": [-0.18, 27.186, -4.5565],
							"size": [0.76, 0.76, 0.76],
							"uv": {
								"north": {"uv": [53, 14], "uv_size": [1, 1]},
								"east": {"uv": [15, 53], "uv_size": [1, 1]},
								"south": {"uv": [53, 15], "uv_size": [1, 1]},
								"west": {"uv": [16, 53], "uv_size": [1, 1]},
								"up": {"uv": [53, 16], "uv_size": [1, 1]},
								"down": {"uv": [17, 54], "uv_size": [1, -1]}
							}
						}
					]
				}
			]
		}
	]
}