{
	"format_version": "1.12.0",
	"minecraft:geometry": [
		{
			"description": {
				"identifier": "geometry.unknown",
				"texture_width": 64,
				"texture_height": 64,
				"visible_bounds_width": 9,
				"visible_bounds_height": 5,
				"visible_bounds_offset": [0, 0.5, 0]
			},
			"bones": [
				{
					"name": "main",
					"pivot": [0, 20, 0]
				},
				{
					"name": "1p87",
					"parent": "main",
					"pivot": [0.2, 29.5, -13.35],
					"cubes": [
						{
							"origin": [-1.70375, 27.91975, -9.64266],
							"size": [3.545, 2.75625, 6.74625],
							"uv": {
								"north": {"uv": [20, 17], "uv_size": [3.5, 3]},
								"east": {"uv": [8, 0], "uv_size": [7, 3]},
								"south": {"uv": [20, 20], "uv_size": [3.5, 3]},
								"west": {"uv": [8, 3], "uv_size": [7, 3]},
								"up": {"uv": [0, 0], "uv_size": [3.5, 7]},
								"down": {"uv": [4, 7], "uv_size": [3.5, -7]}
							}
						},
						{
							"origin": [-1.70375, 28.11975, -11.06766],
							"size": [3.545, 2.55625, 1.44625],
							"inflate": 0.00781,
							"uv": {
								"north": {"uv": [21, 6], "uv_size": [3.5, 2.5]},
								"east": {"uv": [25, 5], "uv_size": [1.5, 2.5]},
								"south": {"uv": [0, 22], "uv_size": [3.5, 2.5]},
								"west": {"uv": [25, 8], "uv_size": [1.5, 2.5]},
								"up": {"uv": [12, 24], "uv_size": [3.5, 1.5]},
								"down": {"uv": [24, 13.5], "uv_size": [3.5, -1.5]}
							}
						},
						{
							"origin": [1.92125, 27.91975, -8.34266],
							"size": [0.17, 2.25625, 3.97125],
							"uv": {
								"north": {"uv": [30, 35], "uv_size": [0.5, 2.5]},
								"east": {"uv": [21, 0], "uv_size": [4, 2.5]},
								"south": {"uv": [31, 35], "uv_size": [0.5, 2.5]},
								"west": {"uv": [21, 3], "uv_size": [4, 2.5]},
								"up": {"uv": [34, 4], "uv_size": [0.5, 4]},
								"down": {"uv": [5, 38], "uv_size": [0.5, -4]}
							}
						},
						{
							"origin": [1.79625, 27.91975, -8.21766],
							"size": [0.17, 2.25625, 3.72125],
							"uv": {
								"north": {"uv": [32, 35], "uv_size": [0.5, 2.5]},
								"east": {"uv": [4, 22], "uv_size": [3.5, 2.5]},
								"south": {"uv": [33, 35], "uv_size": [0.5, 2.5]},
								"west": {"uv": [22, 14], "uv_size": [3.5, 2.5]},
								"up": {"uv": [9, 34], "uv_size": [0.5, 3.5]},
								"down": {"uv": [10, 37.5], "uv_size": [0.5, -3.5]}
							}
						},
						{
							"origin": [-1.70375, 30.551, -7.64266],
							"size": [3.53875, 0.21875, 4.7375],
							"uv": {
								"north": {"uv": [34, 20], "uv_size": [3.5, 0.5]},
								"east": {"uv": [28, 26], "uv_size": [4.5, 0.5]},
								"south": {"uv": [34, 21], "uv_size": [3.5, 0.5]},
								"west": {"uv": [28, 27], "uv_size": [4.5, 0.5]},
								"up": {"uv": [14, 6], "uv_size": [3.5, 4.5]},
								"down": {"uv": [8, 18.5], "uv_size": [3.5, -4.5]}
							}
						},
						{
							"origin": [-1.4325, 32.551, -1.15],
							"size": [0.16375, 0.4875, 0.175],
							"pivot": [-1.175, 33.035, -3.26978],
							"rotation": [-81, 0, 0],
							"uv": {
								"north": {"uv": [35, 38], "uv_size": [0.5, 0.5]},
								"east": {"uv": [38, 35], "uv_size": [0.5, 0.5]},
								"south": {"uv": [38, 36], "uv_size": [0.5, 0.5]},
								"west": {"uv": [37, 38], "uv_size": [0.5, 0.5]},
								"up": {"uv": [38, 37], "uv_size": [0.5, 0.5]},
								"down": {"uv": [38, 38.5], "uv_size": [0.5, -0.5]}
							}
						},
						{
							"origin": [-1.70375, 30.301, -8.06984],
							"size": [3.53875, 0.46875, 0.43],
							"uv": {
								"north": {"uv": [34, 22], "uv_size": [3.5, 0.5]},
								"east": {"uv": [0, 39], "uv_size": [0.5, 0.5]},
								"south": {"uv": [34, 23], "uv_size": [3.5, 0.5]},
								"west": {"uv": [39, 0], "uv_size": [0.5, 0.5]},
								"up": {"uv": [24, 34], "uv_size": [3.5, 0.5]},
								"down": {"uv": [34, 24.5], "uv_size": [3.5, -0.5]}
							}
						},
						{
							"origin": [1.59188, 30.4135, -7.89266],
							"size": [0.34125, 0.7875, 4.62125],
							"pivot": [1.5525, 31.201, -3.48853],
							"rotation": [0, 0, 44],
							"uv": {
								"north": {"uv": [38, 7], "uv_size": [0.5, 1]},
								"east": {"uv": [24, 21], "uv_size": [4.5, 1]},
								"south": {"uv": [38, 22], "uv_size": [0.5, 1]},
								"west": {"uv": [24, 22], "uv_size": [4.5, 1]},
								"up": {"uv": [16, 29], "uv_size": [0.5, 4.5]},
								"down": {"uv": [17, 33.5], "uv_size": [0.5, -4.5]}
							}
						},
						{
							"origin": [-1.79562, 30.4135, -7.89266],
							"size": [0.34125, 0.7875, 4.62125],
							"pivot": [-1.415, 31.201, -3.48853],
							"rotation": [0, 0, -44],
							"uv": {
								"north": {"uv": [23, 38], "uv_size": [0.5, 1]},
								"east": {"uv": [23, 24], "uv_size": [4.5, 1]},
								"south": {"uv": [38, 23], "uv_size": [0.5, 1]},
								"west": {"uv": [0, 25], "uv_size": [4.5, 1]},
								"up": {"uv": [18, 29], "uv_size": [0.5, 4.5]},
								"down": {"uv": [19, 33.5], "uv_size": [0.5, -4.5]}
							}
						},
						{
							"origin": [-1.2633, 30.49375, -3.31375],
							"size": [0.15625, 0.5625, 0.3875],
							"pivot": [-1.415, 30.701, -2.88853],
							"rotation": [6.5, 1.04196, -44.83393],
							"uv": {
								"north": {"uv": [1, 39], "uv_size": [0.5, 0.5]},
								"east": {"uv": [39, 1], "uv_size": [0.5, 0.5]},
								"south": {"uv": [2, 39], "uv_size": [0.5, 0.5]},
								"west": {"uv": [39, 2], "uv_size": [0.5, 0.5]},
								"up": {"uv": [39, 3], "uv_size": [0.5, 0.5]},
								"down": {"uv": [4, 39.5], "uv_size": [0.5, -0.5]}
							}
						},
						{
							"origin": [1.25705, 30.49375, -3.31375],
							"size": [0.15625, 0.5625, 0.3875],
							"pivot": [1.565, 30.701, -2.88853],
							"rotation": [6.5, -1.04196, 44.83393],
							"uv": {
								"north": {"uv": [39, 4], "uv_size": [0.5, 0.5]},
								"east": {"uv": [39, 5], "uv_size": [0.5, 0.5]},
								"south": {"uv": [6, 39], "uv_size": [0.5, 0.5]},
								"west": {"uv": [39, 6], "uv_size": [0.5, 0.5]},
								"up": {"uv": [39, 7], "uv_size": [0.5, 0.5]},
								"down": {"uv": [39, 8.5], "uv_size": [0.5, -0.5]}
							}
						},
						{
							"origin": [1.41875, 32.551, -1.15],
							"size": [0.16375, 0.4875, 0.175],
							"pivot": [1.325, 33.035, -3.26978],
							"rotation": [-81, 0, 0],
							"uv": {
								"north": {"uv": [39, 9], "uv_size": [0.5, 0.5]},
								"east": {"uv": [39, 10], "uv_size": [0.5, 0.5]},
								"south": {"uv": [39, 11], "uv_size": [0.5, 0.5]},
								"west": {"uv": [39, 12], "uv_size": [0.5, 0.5]},
								"up": {"uv": [39, 13], "uv_size": [0.5, 0.5]},
								"down": {"uv": [39, 14.5], "uv_size": [0.5, -0.5]}
							}
						},
						{
							"origin": [1.25705, 30.49375, -8.04875],
							"size": [0.15625, 0.5625, 0.3875],
							"pivot": [1.565, 30.701, -8.08647],
							"rotation": [-6.5, 1.04196, 44.83393],
							"uv": {
								"north": {"uv": [39, 15], "uv_size": [0.5, 0.5]},
								"east": {"uv": [39, 16], "uv_size": [0.5, 0.5]},
								"south": {"uv": [17, 39], "uv_size": [0.5, 0.5]},
								"west": {"uv": [39, 17], "uv_size": [0.5, 0.5]},
								"up": {"uv": [18, 39], "uv_size": [0.5, 0.5]},
								"down": {"uv": [39, 18.5], "uv_size": [0.5, -0.5]}
							}
						},
						{
							"origin": [1.41875, 32.551, -10],
							"size": [0.16375, 0.4875, 0.175],
							"pivot": [1.325, 33.035, -7.70522],
							"rotation": [81, 0, 0],
							"uv": {
								"north": {"uv": [39, 19], "uv_size": [0.5, 0.5]},
								"east": {"uv": [39, 20], "uv_size": [0.5, 0.5]},
								"south": {"uv": [39, 21], "uv_size": [0.5, 0.5]},
								"west": {"uv": [22, 39], "uv_size": [0.5, 0.5]},
								"up": {"uv": [39, 22], "uv_size": [0.5, 0.5]},
								"down": {"uv": [23, 39.5], "uv_size": [0.5, -0.5]}
							}
						},
						{
							"origin": [-1.4325, 32.551, -10],
							"size": [0.16375, 0.4875, 0.175],
							"pivot": [-1.175, 33.035, -7.70522],
							"rotation": [81, 0, 0],
							"uv": {
								"north": {"uv": [39, 23], "uv_size": [0.5, 0.5]},
								"east": {"uv": [24, 39], "uv_size": [0.5, 0.5]},
								"south": {"uv": [39, 24], "uv_size": [0.5, 0.5]},
								"west": {"uv": [25, 39], "uv_size": [0.5, 0.5]},
								"up": {"uv": [39, 25], "uv_size": [0.5, 0.5]},
								"down": {"uv": [26, 39.5], "uv_size": [0.5, -0.5]}
							}
						},
						{
							"origin": [-1.2633, 30.49375, -8.04875],
							"size": [0.15625, 0.5625, 0.3875],
							"pivot": [-1.415, 30.701, -8.08647],
							"rotation": [-6.5, -1.04196, -44.83393],
							"uv": {
								"north": {"uv": [39, 26], "uv_size": [0.5, 0.5]},
								"east": {"uv": [27, 39], "uv_size": [0.5, 0.5]},
								"south": {"uv": [39, 27], "uv_size": [0.5, 0.5]},
								"west": {"uv": [28, 39], "uv_size": [0.5, 0.5]},
								"up": {"uv": [39, 28], "uv_size": [0.5, 0.5]},
								"down": {"uv": [29, 39.5], "uv_size": [0.5, -0.5]}
							}
						}
					]
				},
				{
					"name": "1p3",
					"parent": "1p87",
					"pivot": [1.84125, 29.5405, -11.06766],
					"cubes": [
						{
							"origin": [-1.70102, 28.1176, -13.35299],
							"size": [3.545, 1.69812, 0.84013],
							"pivot": [1.82286, 29.83068, -12.51076],
							"rotation": [76, 0, 0],
							"uv": {
								"north": {"uv": [24, 17], "uv_size": [3.5, 1.5]},
								"east": {"uv": [29, 34], "uv_size": [1, 1.5]},
								"south": {"uv": [24, 19], "uv_size": [3.5, 1.5]},
								"west": {"uv": [2, 35], "uv_size": [1, 1.5]},
								"up": {"uv": [16, 26], "uv_size": [3.5, 1]},
								"down": {"uv": [26, 17], "uv_size": [3.5, -1]}
							}
						},
						{
							"origin": [-1.70219, 29.48944, -12.712],
							"size": [3.545, 0.88328, 0.83778],
							"inflate": -0.00391,
							"pivot": [1.82286, 30.38885, -11.87092],
							"rotation": [41, 0, 0],
							"uv": {
								"north": {"uv": [8, 26], "uv_size": [3.5, 1]},
								"east": {"uv": [8, 22], "uv_size": [1, 1]},
								"south": {"uv": [12, 26], "uv_size": [3.5, 1]},
								"west": {"uv": [9, 22], "uv_size": [1, 1]},
								"up": {"uv": [26, 14], "uv_size": [3.5, 1]},
								"down": {"uv": [26, 16], "uv_size": [3.5, -1]}
							}
						},
						{
							"origin": [-1.69984, 29.46522, -11.92519],
							"size": [3.545, 1.21297, 0.84247],
							"inflate": 0.00391,
							"pivot": [1.82286, 30.69197, -11.08177],
							"rotation": [21, 0, 0],
							"uv": {
								"north": {"uv": [18, 25], "uv_size": [3.5, 1]},
								"east": {"uv": [10, 19], "uv_size": [1, 1]},
								"south": {"uv": [22, 25], "uv_size": [3.5, 1]},
								"west": {"uv": [11, 19], "uv_size": [1, 1]},
								"up": {"uv": [0, 26], "uv_size": [3.5, 1]},
								"down": {"uv": [4, 27], "uv_size": [3.5, -1]}
							}
						},
						{
							"origin": [-1.70219, 27.58539, -11.2953],
							"size": [3.545, 0.88328, 0.83778],
							"inflate": -0.00391,
							"pivot": [1.84398, 29.2011, -11.07839],
							"rotation": [-76, 0, 0],
							"uv": {
								"north": {"uv": [20, 26], "uv_size": [3.5, 1]},
								"east": {"uv": [19, 22], "uv_size": [1, 1]},
								"south": {"uv": [24, 26], "uv_size": [3.5, 1]},
								"west": {"uv": [18, 24], "uv_size": [1, 1]},
								"up": {"uv": [26, 25], "uv_size": [3.5, 1]},
								"down": {"uv": [0, 28], "uv_size": [3.5, -1]}
							}
						},
						{
							"origin": [-1.70102, 27.51984, -11.49625],
							"size": [3.545, 1.86062, 0.84013],
							"pivot": [1.84398, 29.2011, -11.07839],
							"rotation": [-41, 0, 0],
							"uv": {
								"north": {"uv": [21, 9], "uv_size": [3.5, 2]},
								"east": {"uv": [0, 34], "uv_size": [1, 2]},
								"south": {"uv": [15, 22], "uv_size": [3.5, 2]},
								"west": {"uv": [1, 34], "uv_size": [1, 2]},
								"up": {"uv": [4, 27], "uv_size": [3.5, 1]},
								"down": {"uv": [27, 6], "uv_size": [3.5, -1]}
							}
						},
						{
							"origin": [-1.69984, 27.47564, -11.25779],
							"size": [3.545, 2.02547, 0.84247],
							"inflate": 0.00391,
							"pivot": [1.84398, 29.2011, -11.07839],
							"rotation": [-21, 0, 0],
							"uv": {
								"north": {"uv": [8, 23], "uv_size": [3.5, 2]},
								"east": {"uv": [34, 2], "uv_size": [1, 2]},
								"south": {"uv": [19, 23], "uv_size": [3.5, 2]},
								"west": {"uv": [4, 34], "uv_size": [1, 2]},
								"up": {"uv": [27, 6], "uv_size": [3.5, 1]},
								"down": {"uv": [27, 8], "uv_size": [3.5, -1]}
							}
						},
						{
							"origin": [-1.69984, 27.35148, -11.07157],
							"size": [3.545, 0.62547, 0.84247],
							"inflate": 0.00391,
							"pivot": [1.84906, 27.34757, -11.07547],
							"rotation": [23, 0, 0],
							"uv": {
								"north": {"uv": [35, 0], "uv_size": [3.5, 0.5]},
								"east": {"uv": [32, 38], "uv_size": [1, 0.5]},
								"south": {"uv": [35, 1], "uv_size": [3.5, 0.5]},
								"west": {"uv": [38, 32], "uv_size": [1, 0.5]},
								"up": {"uv": [8, 27], "uv_size": [3.5, 1]},
								"down": {"uv": [27, 9], "uv_size": [3.5, -1]}
							}
						},
						{
							"origin": [-1.69984, 27.68371, -10.28888],
							"size": [3.545, 0.62547, 0.84247],
							"inflate": 0.00391,
							"pivot": [1.84906, 27.6798, -10.29278],
							"rotation": [43, 0, 0],
							"uv": {
								"north": {"uv": [35, 2], "uv_size": [3.5, 0.5]},
								"east": {"uv": [33, 38], "uv_size": [1, 0.5]},
								"south": {"uv": [35, 3], "uv_size": [3.5, 0.5]},
								"west": {"uv": [38, 33], "uv_size": [1, 0.5]},
								"up": {"uv": [27, 9], "uv_size": [3.5, 1]},
								"down": {"uv": [27, 11], "uv_size": [3.5, -1]}
							}
						}
					]
				},
				{
					"name": "1p89",
					"parent": "1p87",
					"pivot": [-1.1525, 33.4115, -3.86353],
					"cubes": [
						{
							"origin": [1.5525, 30.676, -7.64266],
							"size": [0.28875, 2.3625, 4.37125],
							"uv": {
								"north": {"uv": [34, 35], "uv_size": [0.5, 2.5]},
								"east": {"uv": [0, 19], "uv_size": [4.5, 2.5]},
								"south": {"uv": [35, 35], "uv_size": [0.5, 2.5]},
								"west": {"uv": [5, 19], "uv_size": [4.5, 2.5]},
								"up": {"uv": [20, 29], "uv_size": [0.5, 4.5]},
								"down": {"uv": [21, 33.5], "uv_size": [0.5, -4.5]}
							}
						},
						{
							"origin": [-1.70375, 30.676, -7.64266],
							"size": [0.28875, 2.3625, 4.37125],
							"uv": {
								"north": {"uv": [0, 36], "uv_size": [0.5, 2.5]},
								"east": {"uv": [19, 11], "uv_size": [4.5, 2.5]},
								"south": {"uv": [1, 36], "uv_size": [0.5, 2.5]},
								"west": {"uv": [10, 20], "uv_size": [4.5, 2.5]},
								"up": {"uv": [24, 29], "uv_size": [0.5, 4.5]},
								"down": {"uv": [25, 33.5], "uv_size": [0.5, -4.5]}
							}
						},
						{
							"origin": [1.5625, 33.025, -7.70625],
							"size": [0.275, 0.4125, 4.4375],
							"pivot": [1.8025, 33.0365, -3.86353],
							"rotation": [0, 0, -21],
							"uv": {
								"north": {"uv": [39, 29], "uv_size": [0.5, 0.5]},
								"east": {"uv": [29, 2], "uv_size": [4.5, 0.5]},
								"south": {"uv": [30, 39], "uv_size": [0.5, 0.5]},
								"west": {"uv": [29, 3], "uv_size": [4.5, 0.5]},
								"up": {"uv": [26, 29], "uv_size": [0.5, 4.5]},
								"down": {"uv": [27, 33.5], "uv_size": [0.5, -4.5]}
							}
						},
						{
							"origin": [-1.3125, 33.301, -7.70625],
							"size": [2.775, 0.30187, 4.4375],
							"uv": {
								"north": {"uv": [12, 23], "uv_size": [3, 0.5]},
								"east": {"uv": [29, 4], "uv_size": [4.5, 0.5]},
								"south": {"uv": [9, 25], "uv_size": [3, 0.5]},
								"west": {"uv": [29, 21], "uv_size": [4.5, 0.5]},
								"up": {"uv": [17, 17], "uv_size": [3, 4.5]},
								"down": {"uv": [18, 10.5], "uv_size": [3, -4.5]}
							}
						},
						{
							"origin": [1.5525, 32.551, -3.275],
							"size": [0.28875, 0.4875, 2.3],
							"pivot": [-0.925, 33.035, -3.26978],
							"rotation": [-81, 0, 0],
							"uv": {
								"north": {"uv": [39, 30], "uv_size": [0.5, 0.5]},
								"east": {"uv": [35, 32], "uv_size": [2.5, 0.5]},
								"south": {"uv": [31, 39], "uv_size": [0.5, 0.5]},
								"west": {"uv": [36, 4], "uv_size": [2.5, 0.5]},
								"up": {"uv": [4, 36], "uv_size": [0.5, 2.5]},
								"down": {"uv": [36, 7.5], "uv_size": [0.5, -2.5]}
							}
						},
						{
							"origin": [-1.70375, 32.551, -3.275],
							"size": [0.28875, 0.4875, 2.3],
							"pivot": [-1.425, 33.035, -3.26978],
							"rotation": [-81, 0, 0],
							"uv": {
								"north": {"uv": [39, 31], "uv_size": [0.5, 0.5]},
								"east": {"uv": [6, 36], "uv_size": [2.5, 0.5]},
								"south": {"uv": [32, 39], "uv_size": [0.5, 0.5]},
								"west": {"uv": [36, 8], "uv_size": [2.5, 0.5]},
								"up": {"uv": [17, 36], "uv_size": [0.5, 2.5]},
								"down": {"uv": [18, 38.5], "uv_size": [0.5, -2.5]}
							}
						},
						{
							"origin": [-1.70375, 32.551, -10],
							"size": [0.28875, 0.4875, 2.3],
							"pivot": [-1.425, 33.035, -7.70522],
							"rotation": [81, 0, 0],
							"uv": {
								"north": {"uv": [39, 32], "uv_size": [0.5, 0.5]},
								"east": {"uv": [36, 9], "uv_size": [2.5, 0.5]},
								"south": {"uv": [33, 39], "uv_size": [0.5, 0.5]},
								"west": {"uv": [19, 36], "uv_size": [2.5, 0.5]},
								"up": {"uv": [22, 36], "uv_size": [0.5, 2.5]},
								"down": {"uv": [25, 38.5], "uv_size": [0.5, -2.5]}
							}
						},
						{
							"origin": [1.5525, 32.551, -10],
							"size": [0.28875, 0.4875, 2.3],
							"pivot": [-0.925, 33.035, -7.70522],
							"rotation": [81, 0, 0],
							"uv": {
								"north": {"uv": [39, 33], "uv_size": [0.5, 0.5]},
								"east": {"uv": [36, 26], "uv_size": [2.5, 0.5]},
								"south": {"uv": [34, 39], "uv_size": [0.5, 0.5]},
								"west": {"uv": [36, 27], "uv_size": [2.5, 0.5]},
								"up": {"uv": [26, 36], "uv_size": [0.5, 2.5]},
								"down": {"uv": [27, 38.5], "uv_size": [0.5, -2.5]}
							}
						},
						{
							"origin": [1.05463, 33.425, -7.70625],
							"size": [0.275, 0.2875, 4.4375],
							"pivot": [1.3025, 33.4115, -3.86353],
							"rotation": [0, 0, 127],
							"uv": {
								"north": {"uv": [39, 34], "uv_size": [0.5, 0.5]},
								"east": {"uv": [29, 22], "uv_size": [4.5, 0.5]},
								"south": {"uv": [35, 39], "uv_size": [0.5, 0.5]},
								"west": {"uv": [29, 23], "uv_size": [4.5, 0.5]},
								"up": {"uv": [28, 29], "uv_size": [0.5, 4.5]},
								"down": {"uv": [29, 33.5], "uv_size": [0.5, -4.5]}
							}
						},
						{
							"origin": [-1.6875, 33.025, -7.70625],
							"size": [0.275, 0.4125, 4.4375],
							"pivot": [-1.6525, 33.0365, -3.86353],
							"rotation": [0, 0, 21],
							"uv": {
								"north": {"uv": [39, 35], "uv_size": [0.5, 0.5]},
								"east": {"uv": [30, 0], "uv_size": [4.5, 0.5]},
								"south": {"uv": [36, 39], "uv_size": [0.5, 0.5]},
								"west": {"uv": [30, 1], "uv_size": [4.5, 0.5]},
								"up": {"uv": [30, 28], "uv_size": [0.5, 4.5]},
								"down": {"uv": [31, 9.5], "uv_size": [0.5, -4.5]}
							}
						},
						{
							"origin": [-1.17963, 33.425, -7.70625],
							"size": [0.275, 0.2875, 4.4375],
							"pivot": [-1.1525, 33.4115, -3.86353],
							"rotation": [0, 0, -127],
							"uv": {
								"north": {"uv": [39, 36], "uv_size": [0.5, 0.5]},
								"east": {"uv": [30, 11], "uv_size": [4.5, 0.5]},
								"south": {"uv": [37, 39], "uv_size": [0.5, 0.5]},
								"west": {"uv": [30, 14], "uv_size": [4.5, 0.5]},
								"up": {"uv": [31, 28], "uv_size": [0.5, 4.5]},
								"down": {"uv": [32, 9.5], "uv_size": [0.5, -4.5]}
							}
						}
					]
				},
				{
					"name": "1p2",
					"parent": "1p87",
					"pivot": [-1.4025, 33.6615, -3.86353],
					"cubes": [
						{
							"origin": [1.9685, 30.3789, -8.02348],
							"size": [0.2215, 2.835, 5.1755],
							"inflate": 0.00391,
							"uv": {
								"north": {"uv": [3, 35], "uv_size": [0.5, 3]},
								"east": {"uv": [14, 11], "uv_size": [5, 3]},
								"south": {"uv": [35, 4], "uv_size": [0.5, 3]},
								"west": {"uv": [12, 14], "uv_size": [5, 3]},
								"up": {"uv": [4, 29], "uv_size": [0.5, 5]},
								"down": {"uv": [5, 34], "uv_size": [0.5, -5]}
							}
						},
						{
							"origin": [2.15319, 27.89622, -8.5361],
							"size": [0.2215, 2.285, 6.13125],
							"uv": {
								"north": {"uv": [36, 28], "uv_size": [0.5, 2.5]},
								"east": {"uv": [15, 0], "uv_size": [6, 2.5]},
								"south": {"uv": [29, 36], "uv_size": [0.5, 2.5]},
								"west": {"uv": [15, 3], "uv_size": [6, 2.5]},
								"up": {"uv": [12, 27], "uv_size": [0.5, 6]},
								"down": {"uv": [13, 33], "uv_size": [0.5, -6]}
							}
						},
						{
							"origin": [2.1525, 27.06842, -9.57349],
							"size": [0.2215, 1.785, 1.03125],
							"uv": {
								"north": {"uv": [36, 37], "uv_size": [0.5, 2]},
								"east": {"uv": [6, 34], "uv_size": [1, 2]},
								"south": {"uv": [37, 36], "uv_size": [0.5, 2]},
								"west": {"uv": [7, 34], "uv_size": [1, 2]},
								"up": {"uv": [38, 25], "uv_size": [0.5, 1]},
								"down": {"uv": [28, 39], "uv_size": [0.5, -1]}
							}
						},
						{
							"origin": [2.1525, 27.06842, -8.54224],
							"size": [0.2215, 0.885, 0.63125],
							"uv": {
								"north": {"uv": [38, 28], "uv_size": [0.5, 1]},
								"east": {"uv": [38, 29], "uv_size": [0.5, 1]},
								"south": {"uv": [30, 38], "uv_size": [0.5, 1]},
								"west": {"uv": [38, 30], "uv_size": [0.5, 1]},
								"up": {"uv": [41, 5], "uv_size": [0.5, 0.5]},
								"down": {"uv": [6, 41.5], "uv_size": [0.5, -0.5]}
							}
						},
						{
							"origin": [2.1525, 27.66842, -8.04224],
							"size": [0.2215, 0.385, 0.23125],
							"pivot": [2.26325, 27.81092, -8.12661],
							"rotation": [-35, 0, 0],
							"uv": {
								"north": {"uv": [41, 6], "uv_size": [0.5, 0.5]},
								"east": {"uv": [7, 41], "uv_size": [0.5, 0.5]},
								"south": {"uv": [41, 7], "uv_size": [0.5, 0.5]},
								"west": {"uv": [8, 41], "uv_size": [0.5, 0.5]},
								"up": {"uv": [41, 8], "uv_size": [0.5, 0.5]},
								"down": {"uv": [9, 41.5], "uv_size": [0.5, -0.5]}
							}
						},
						{
							"origin": [2.1525, 27.74466, -7.84973],
							"size": [0.2215, 0.385, 0.23125],
							"pivot": [2.26325, 27.93716, -7.7341],
							"rotation": [-56, 0, 0],
							"uv": {
								"north": {"uv": [41, 9], "uv_size": [0.5, 0.5]},
								"east": {"uv": [10, 41], "uv_size": [0.5, 0.5]},
								"south": {"uv": [41, 10], "uv_size": [0.5, 0.5]},
								"west": {"uv": [11, 41], "uv_size": [0.5, 0.5]},
								"up": {"uv": [41, 11], "uv_size": [0.5, 0.5]},
								"down": {"uv": [12, 41.5], "uv_size": [0.5, -0.5]}
							}
						},
						{
							"origin": [2.1525, 27.74466, -7.18152],
							"size": [0.2215, 0.385, 0.23125],
							"pivot": [2.26325, 27.93716, -7.0659],
							"rotation": [56, 0, 0],
							"uv": {
								"north": {"uv": [41, 15], "uv_size": [0.5, 0.5]},
								"east": {"uv": [16, 41], "uv_size": [0.5, 0.5]},
								"south": {"uv": [41, 16], "uv_size": [0.5, 0.5]},
								"west": {"uv": [17, 41], "uv_size": [0.5, 0.5]},
								"up": {"uv": [41, 17], "uv_size": [0.5, 0.5]},
								"down": {"uv": [18, 41.5], "uv_size": [0.5, -0.5]}
							}
						},
						{
							"origin": [2.1525, 27.66842, -6.98901],
							"size": [0.2215, 0.385, 0.23125],
							"pivot": [2.26325, 27.81092, -6.67339],
							"rotation": [35, 0, 0],
							"uv": {
								"north": {"uv": [41, 12], "uv_size": [0.5, 0.5]},
								"east": {"uv": [13, 41], "uv_size": [0.5, 0.5]},
								"south": {"uv": [41, 13], "uv_size": [0.5, 0.5]},
								"west": {"uv": [14, 41], "uv_size": [0.5, 0.5]},
								"up": {"uv": [41, 14], "uv_size": [0.5, 0.5]},
								"down": {"uv": [15, 41.5], "uv_size": [0.5, -0.5]}
							}
						},
						{
							"origin": [2.1525, 28.49622, -8.5361],
							"size": [0.2215, 1.685, 1.33125],
							"pivot": [2.37469, 30.18122, -8.5361],
							"rotation": [-38, 0, 0],
							"uv": {
								"north": {"uv": [15, 38], "uv_size": [0.5, 1.5]},
								"east": {"uv": [33, 29], "uv_size": [1.5, 1.5]},
								"south": {"uv": [16, 38], "uv_size": [0.5, 1.5]},
								"west": {"uv": [30, 33], "uv_size": [1.5, 1.5]},
								"up": {"uv": [38, 16], "uv_size": [0.5, 1.5]},
								"down": {"uv": [38, 19.5], "uv_size": [0.5, -1.5]}
							}
						},
						{
							"origin": [-2.0615, 28.49622, -8.5361],
							"size": [0.2215, 1.685, 1.33125],
							"pivot": [-2.07469, 30.18122, -8.5361],
							"rotation": [-38, 0, 0],
							"uv": {
								"north": {"uv": [19, 38], "uv_size": [0.5, 1.5]},
								"east": {"uv": [33, 31], "uv_size": [1.5, 1.5]},
								"south": {"uv": [20, 38], "uv_size": [0.5, 1.5]},
								"west": {"uv": [32, 33], "uv_size": [1.5, 1.5]},
								"up": {"uv": [38, 20], "uv_size": [0.5, 1.5]},
								"down": {"uv": [21, 39.5], "uv_size": [0.5, -1.5]}
							}
						},
						{
							"origin": [-2.0615, 27.06842, -9.57349],
							"size": [0.2215, 1.785, 1.13125],
							"uv": {
								"north": {"uv": [3, 38], "uv_size": [0.5, 2]},
								"east": {"uv": [8, 34], "uv_size": [1, 2]},
								"south": {"uv": [5, 38], "uv_size": [0.5, 2]},
								"west": {"uv": [34, 8], "uv_size": [1, 2]},
								"up": {"uv": [31, 38], "uv_size": [0.5, 1]},
								"down": {"uv": [38, 32], "uv_size": [0.5, -1]}
							}
						},
						{
							"origin": [2.15319, 27.06122, -6.8861],
							"size": [0.2215, 0.835, 4.48125],
							"uv": {
								"north": {"uv": [24, 38], "uv_size": [0.5, 1]},
								"east": {"uv": [25, 0], "uv_size": [4.5, 1]},
								"south": {"uv": [38, 24], "uv_size": [0.5, 1]},
								"west": {"uv": [25, 1], "uv_size": [4.5, 1]},
								"up": {"uv": [32, 28], "uv_size": [0.5, 4.5]},
								"down": {"uv": [33, 9.5], "uv_size": [0.5, -4.5]}
							}
						},
						{
							"origin": [-1.84681, 27.06122, -9.5111],
							"size": [3.8465, 0.81, 5.98125],
							"uv": {
								"north": {"uv": [25, 2], "uv_size": [4, 1]},
								"east": {"uv": [23, 23], "uv_size": [6, 1]},
								"south": {"uv": [25, 3], "uv_size": [4, 1]},
								"west": {"uv": [24, 11], "uv_size": [6, 1]},
								"up": {"uv": [0, 7], "uv_size": [4, 6]},
								"down": {"uv": [4, 13], "uv_size": [4, -6]}
							}
						},
						{
							"origin": [-1.84681, 27.06122, -9.5111],
							"size": [3.8465, 0.81, 0.28125],
							"pivot": [1.99969, 27.87122, -9.5111],
							"rotation": [-48, 0, 0],
							"uv": {
								"north": {"uv": [25, 4], "uv_size": [4, 1]},
								"east": {"uv": [34, 38], "uv_size": [0.5, 1]},
								"south": {"uv": [5, 25], "uv_size": [4, 1]},
								"west": {"uv": [38, 34], "uv_size": [0.5, 1]},
								"up": {"uv": [31, 10], "uv_size": [4, 0.5]},
								"down": {"uv": [34, 12.5], "uv_size": [4, -0.5]}
							}
						},
						{
							"origin": [-1.84681, 27.06122, -10.1111],
							"size": [3.8465, 0.27, 0.6],
							"uv": {
								"north": {"uv": [34, 13], "uv_size": [4, 0.5]},
								"east": {"uv": [41, 21], "uv_size": [0.5, 0.5]},
								"south": {"uv": [34, 15], "uv_size": [4, 0.5]},
								"west": {"uv": [22, 41], "uv_size": [0.5, 0.5]},
								"up": {"uv": [16, 34], "uv_size": [4, 0.5]},
								"down": {"uv": [34, 16.5], "uv_size": [4, -0.5]}
							}
						},
						{
							"origin": [-1.84681, 27.33122, -9.7111],
							"size": [3.8465, 0.27, 0.2],
							"uv": {
								"north": {"uv": [34, 17], "uv_size": [4, 0.5]},
								"east": {"uv": [41, 22], "uv_size": [0.5, 0.5]},
								"south": {"uv": [34, 18], "uv_size": [4, 0.5]},
								"west": {"uv": [23, 41], "uv_size": [0.5, 0.5]},
								"up": {"uv": [34, 19], "uv_size": [4, 0.5]},
								"down": {"uv": [20, 34.5], "uv_size": [4, -0.5]}
							}
						},
						{
							"origin": [2.37469, 29.09622, -3.3861],
							"size": [0.125, 0.625, 0.625],
							"pivot": [0.83019, 29.21752, -3.15865],
							"rotation": [45, 0, 0],
							"uv": {
								"north": {"uv": [39, 37], "uv_size": [0.5, 0.5]},
								"east": {"uv": [38, 39], "uv_size": [0.5, 0.5]},
								"south": {"uv": [39, 38], "uv_size": [0.5, 0.5]},
								"west": {"uv": [39, 39], "uv_size": [0.5, 0.5]},
								"up": {"uv": [0, 40], "uv_size": [0.5, 0.5]},
								"down": {"uv": [40, 0.5], "uv_size": [0.5, -0.5]}
							}
						},
						{
							"origin": [-2.25031, 29.59622, -4.5111],
							"size": [0.125, 0.625, 0.625],
							"pivot": [-3.79481, 29.71752, -4.28365],
							"rotation": [45, 0, 0],
							"uv": {
								"north": {"uv": [1, 40], "uv_size": [0.5, 0.5]},
								"east": {"uv": [40, 1], "uv_size": [0.5, 0.5]},
								"south": {"uv": [2, 40], "uv_size": [0.5, 0.5]},
								"west": {"uv": [40, 2], "uv_size": [0.5, 0.5]},
								"up": {"uv": [3, 40], "uv_size": [0.5, 0.5]},
								"down": {"uv": [40, 3.5], "uv_size": [0.5, -0.5]}
							}
						},
						{
							"origin": [-2.25031, 28.59622, -6.8861],
							"size": [0.125, 0.625, 0.625],
							"pivot": [-3.79481, 28.71752, -6.65865],
							"rotation": [45, 0, 0],
							"uv": {
								"north": {"uv": [4, 40], "uv_size": [0.5, 0.5]},
								"east": {"uv": [40, 4], "uv_size": [0.5, 0.5]},
								"south": {"uv": [5, 40], "uv_size": [0.5, 0.5]},
								"west": {"uv": [40, 5], "uv_size": [0.5, 0.5]},
								"up": {"uv": [6, 40], "uv_size": [0.5, 0.5]},
								"down": {"uv": [40, 6.5], "uv_size": [0.5, -0.5]}
							}
						},
						{
							"origin": [-2.12531, 29.09622, -4.5111],
							"size": [0.125, 1.25, 1.25],
							"pivot": [-3.66981, 29.21752, -4.28365],
							"rotation": [45, 0, 0],
							"uv": {
								"north": {"uv": [38, 5], "uv_size": [0.5, 1.5]},
								"east": {"uv": [30, 15], "uv_size": [1.5, 1.5]},
								"south": {"uv": [7, 38], "uv_size": [0.5, 1.5]},
								"west": {"uv": [32, 15], "uv_size": [1.5, 1.5]},
								"up": {"uv": [8, 38], "uv_size": [0.5, 1.5]},
								"down": {"uv": [9, 39.5], "uv_size": [0.5, -1.5]}
							}
						},
						{
							"origin": [-2.12531, 28.09622, -6.8861],
							"size": [0.125, 1.25, 1.25],
							"pivot": [-3.66981, 28.21752, -6.65865],
							"rotation": [45, 0, 0],
							"uv": {
								"north": {"uv": [10, 38], "uv_size": [0.5, 1.5]},
								"east": {"uv": [12, 33], "uv_size": [1.5, 1.5]},
								"south": {"uv": [38, 10], "uv_size": [0.5, 1.5]},
								"west": {"uv": [14, 33], "uv_size": [1.5, 1.5]},
								"up": {"uv": [11, 38], "uv_size": [0.5, 1.5]},
								"down": {"uv": [12, 39.5], "uv_size": [0.5, -1.5]}
							}
						},
						{
							"origin": [2.37469, 28.19622, -4.8861],
							"size": [0.125, 0.25, 0.25],
							"pivot": [0.83019, 28.31752, -4.65865],
							"rotation": [45, 0, 0],
							"uv": {
								"north": {"uv": [7, 40], "uv_size": [0.5, 0.5]},
								"east": {"uv": [40, 7], "uv_size": [0.5, 0.5]},
								"south": {"uv": [8, 40], "uv_size": [0.5, 0.5]},
								"west": {"uv": [40, 8], "uv_size": [0.5, 0.5]},
								"up": {"uv": [9, 40], "uv_size": [0.5, 0.5]},
								"down": {"uv": [40, 9.5], "uv_size": [0.5, -0.5]}
							}
						},
						{
							"origin": [1.97469, 27.39622, -7.5361],
							"size": [0.225, 0.25, 0.25],
							"pivot": [0.43019, 27.51752, -7.30865],
							"rotation": [45, 0, 0],
							"uv": {
								"north": {"uv": [41, 18], "uv_size": [0.5, 0.5]},
								"east": {"uv": [19, 41], "uv_size": [0.5, 0.5]},
								"south": {"uv": [41, 19], "uv_size": [0.5, 0.5]},
								"west": {"uv": [20, 41], "uv_size": [0.5, 0.5]},
								"up": {"uv": [41, 20], "uv_size": [0.5, 0.5]},
								"down": {"uv": [21, 41.5], "uv_size": [0.5, -0.5]}
							}
						},
						{
							"origin": [2.37469, 28.19622, -9.3861],
							"size": [0.125, 0.25, 0.25],
							"pivot": [0.83019, 28.31752, -9.15865],
							"rotation": [45, 0, 0],
							"uv": {
								"north": {"uv": [10, 40], "uv_size": [0.5, 0.5]},
								"east": {"uv": [40, 10], "uv_size": [0.5, 0.5]},
								"south": {"uv": [11, 40], "uv_size": [0.5, 0.5]},
								"west": {"uv": [40, 11], "uv_size": [0.5, 0.5]},
								"up": {"uv": [12, 40], "uv_size": [0.5, 0.5]},
								"down": {"uv": [40, 12.5], "uv_size": [0.5, -0.5]}
							}
						},
						{
							"origin": [-2.12531, 27.97122, -3.1361],
							"size": [0.125, 0.25, 0.25],
							"pivot": [-3.66981, 28.09252, -2.90865],
							"rotation": [45, 0, 0],
							"uv": {
								"north": {"uv": [13, 40], "uv_size": [0.5, 0.5]},
								"east": {"uv": [40, 13], "uv_size": [0.5, 0.5]},
								"south": {"uv": [14, 40], "uv_size": [0.5, 0.5]},
								"west": {"uv": [40, 14], "uv_size": [0.5, 0.5]},
								"up": {"uv": [15, 40], "uv_size": [0.5, 0.5]},
								"down": {"uv": [40, 15.5], "uv_size": [0.5, -0.5]}
							}
						},
						{
							"origin": [-2.00031, 27.43622, -8.5111],
							"size": [0.25, 0.25, 0.25],
							"pivot": [-3.54481, 27.55752, -8.28365],
							"rotation": [45, 0, 0],
							"uv": {
								"north": {"uv": [16, 40], "uv_size": [0.5, 0.5]},
								"east": {"uv": [40, 16], "uv_size": [0.5, 0.5]},
								"south": {"uv": [17, 40], "uv_size": [0.5, 0.5]},
								"west": {"uv": [40, 17], "uv_size": [0.5, 0.5]},
								"up": {"uv": [18, 40], "uv_size": [0.5, 0.5]},
								"down": {"uv": [40, 18.5], "uv_size": [0.5, -0.5]}
							}
						},
						{
							"origin": [3.12469, 27.93622, -1.5361],
							"size": [0.125, 0.25, 0.25],
							"pivot": [1.58019, 28.05752, -1.30865],
							"rotation": [0, 90, 45],
							"uv": {
								"north": {"uv": [19, 40], "uv_size": [0.5, 0.5]},
								"east": {"uv": [40, 19], "uv_size": [0.5, 0.5]},
								"south": {"uv": [20, 40], "uv_size": [0.5, 0.5]},
								"west": {"uv": [40, 20], "uv_size": [0.5, 0.5]},
								"up": {"uv": [21, 40], "uv_size": [0.5, 0.5]},
								"down": {"uv": [40, 21.5], "uv_size": [0.5, -0.5]}
							}
						},
						{
							"origin": [0.24969, 27.93622, -1.5361],
							"size": [0.125, 0.25, 0.25],
							"pivot": [-1.29481, 28.05752, -1.30865],
							"rotation": [0, 90, 45],
							"uv": {
								"north": {"uv": [22, 40], "uv_size": [0.5, 0.5]},
								"east": {"uv": [40, 22], "uv_size": [0.5, 0.5]},
								"south": {"uv": [23, 40], "uv_size": [0.5, 0.5]},
								"west": {"uv": [40, 23], "uv_size": [0.5, 0.5]},
								"up": {"uv": [24, 40], "uv_size": [0.5, 0.5]},
								"down": {"uv": [40, 24.5], "uv_size": [0.5, -0.5]}
							}
						},
						{
							"origin": [0.24969, 30.22122, -1.5361],
							"size": [0.125, 0.25, 0.25],
							"pivot": [-1.29481, 30.34252, -1.30865],
							"rotation": [0, 90, 45],
							"uv": {
								"north": {"uv": [25, 40], "uv_size": [0.5, 0.5]},
								"east": {"uv": [40, 25], "uv_size": [0.5, 0.5]},
								"south": {"uv": [26, 40], "uv_size": [0.5, 0.5]},
								"west": {"uv": [40, 26], "uv_size": [0.5, 0.5]},
								"up": {"uv": [27, 40], "uv_size": [0.5, 0.5]},
								"down": {"uv": [40, 27.5], "uv_size": [0.5, -0.5]}
							}
						},
						{
							"origin": [3.12469, 30.22122, -1.5361],
							"size": [0.125, 0.25, 0.25],
							"pivot": [1.58019, 30.34252, -1.30865],
							"rotation": [0, 90, 45],
							"uv": {
								"north": {"uv": [28, 40], "uv_size": [0.5, 0.5]},
								"east": {"uv": [40, 28], "uv_size": [0.5, 0.5]},
								"south": {"uv": [29, 40], "uv_size": [0.5, 0.5]},
								"west": {"uv": [40, 29], "uv_size": [0.5, 0.5]},
								"up": {"uv": [30, 40], "uv_size": [0.5, 0.5]},
								"down": {"uv": [40, 30.5], "uv_size": [0.5, -0.5]}
							}
						},
						{
							"origin": [2.37469, 28.09622, -3.3861],
							"size": [0.125, 0.625, 0.625],
							"uv": {
								"north": {"uv": [31, 40], "uv_size": [0.5, 0.5]},
								"east": {"uv": [40, 31], "uv_size": [0.5, 0.5]},
								"south": {"uv": [32, 40], "uv_size": [0.5, 0.5]},
								"west": {"uv": [40, 32], "uv_size": [0.5, 0.5]},
								"up": {"uv": [33, 40], "uv_size": [0.5, 0.5]},
								"down": {"uv": [40, 33.5], "uv_size": [0.5, -0.5]}
							}
						},
						{
							"origin": [2.37469, 28.09622, -4.2611],
							"size": [0.125, 0.625, 0.625],
							"uv": {
								"north": {"uv": [34, 40], "uv_size": [0.5, 0.5]},
								"east": {"uv": [40, 34], "uv_size": [0.5, 0.5]},
								"south": {"uv": [35, 40], "uv_size": [0.5, 0.5]},
								"west": {"uv": [40, 35], "uv_size": [0.5, 0.5]},
								"up": {"uv": [36, 40], "uv_size": [0.5, 0.5]},
								"down": {"uv": [40, 36.5], "uv_size": [0.5, -0.5]}
							}
						},
						{
							"origin": [-2.064, 30.3789, -8.02348],
							"size": [0.2215, 2.835, 5.1755],
							"inflate": 0.00391,
							"uv": {
								"north": {"uv": [35, 7], "uv_size": [0.5, 3]},
								"east": {"uv": [12, 17], "uv_size": [5, 3]},
								"south": {"uv": [12, 35], "uv_size": [0.5, 3]},
								"west": {"uv": [17, 14], "uv_size": [5, 3]},
								"up": {"uv": [6, 29], "uv_size": [0.5, 5]},
								"down": {"uv": [7, 34], "uv_size": [0.5, -5]}
							}
						},
						{
							"origin": [-2.064, 27.05552, -8.53348],
							"size": [0.2215, 3.435, 6.125],
							"uv": {
								"north": {"uv": [11, 34], "uv_size": [0.5, 3.5]},
								"east": {"uv": [8, 6], "uv_size": [6, 3.5]},
								"south": {"uv": [28, 34], "uv_size": [0.5, 3.5]},
								"west": {"uv": [8, 10], "uv_size": [6, 3.5]},
								"up": {"uv": [14, 27], "uv_size": [0.5, 6]},
								"down": {"uv": [15, 33], "uv_size": [0.5, -6]}
							}
						},
						{
							"origin": [1.94573, 30.13141, -8.5361],
							"size": [0.2215, 0.46, 6.125],
							"pivot": [2.16723, 30.58839, -5.90865],
							"rotation": [0, 0, -27],
							"uv": {
								"north": {"uv": [37, 40], "uv_size": [0.5, 0.5]},
								"east": {"uv": [16, 27], "uv_size": [6, 0.5]},
								"south": {"uv": [40, 37], "uv_size": [0.5, 0.5]},
								"west": {"uv": [22, 27], "uv_size": [6, 0.5]},
								"up": {"uv": [0, 28], "uv_size": [0.5, 6]},
								"down": {"uv": [1, 34], "uv_size": [0.5, -6]}
							}
						},
						{
							"origin": [1.9805, 33.1977, -8.09979],
							"size": [0.205, 0.495, 5.255],
							"pivot": [2.1435, 33.2115, -3.86353],
							"rotation": [0, 0, -21],
							"uv": {
								"north": {"uv": [38, 40], "uv_size": [0.5, 0.5]},
								"east": {"uv": [2, 28], "uv_size": [5.5, 0.5]},
								"south": {"uv": [40, 38], "uv_size": [0.5, 0.5]},
								"west": {"uv": [28, 12], "uv_size": [5.5, 0.5]},
								"up": {"uv": [8, 28], "uv_size": [0.5, 5.5]},
								"down": {"uv": [9, 33.5], "uv_size": [0.5, -5.5]}
							}
						},
						{
							"origin": [-1.5945, 33.6539, -8.09979],
							"size": [3.33, 0.23725, 5.255],
							"uv": {
								"north": {"uv": [34, 33], "uv_size": [3.5, 0.5]},
								"east": {"uv": [28, 13], "uv_size": [5.5, 0.5]},
								"south": {"uv": [34, 34], "uv_size": [3.5, 0.5]},
								"west": {"uv": [16, 28], "uv_size": [5.5, 0.5]},
								"up": {"uv": [0, 13], "uv_size": [3.5, 5.5]},
								"down": {"uv": [4, 18.5], "uv_size": [3.5, -5.5]}
							}
						},
						{
							"origin": [1.9685, 32.6289, -2.85229],
							"size": [0.2215, 0.585, 2.76],
							"pivot": [-1.1295, 33.2097, -2.84603],
							"rotation": [-81, 0, 0],
							"uv": {
								"north": {"uv": [39, 40], "uv_size": [0.5, 0.5]},
								"east": {"uv": [30, 25], "uv_size": [3, 0.5]},
								"south": {"uv": [40, 39], "uv_size": [0.5, 0.5]},
								"west": {"uv": [35, 10], "uv_size": [3, 0.5]},
								"up": {"uv": [13, 35], "uv_size": [0.5, 3]},
								"down": {"uv": [14, 38], "uv_size": [0.5, -3]}
							}
						},
						{
							"origin": [-2.064, 32.6289, -2.85229],
							"size": [0.2215, 0.585, 2.76],
							"pivot": [-1.7295, 33.2097, -2.84603],
							"rotation": [-81, 0, 0],
							"uv": {
								"north": {"uv": [40, 40], "uv_size": [0.5, 0.5]},
								"east": {"uv": [35, 11], "uv_size": [3, 0.5]},
								"south": {"uv": [0, 41], "uv_size": [0.5, 0.5]},
								"west": {"uv": [35, 14], "uv_size": [3, 0.5]},
								"up": {"uv": [15, 35], "uv_size": [0.5, 3]},
								"down": {"uv": [16, 38], "uv_size": [0.5, -3]}
							}
						},
						{
							"origin": [-2.064, 32.6289, -10.85229],
							"size": [0.2215, 0.585, 2.76],
							"pivot": [-1.7295, 33.2097, -8.09856],
							"rotation": [81, 0, 0],
							"uv": {
								"north": {"uv": [41, 0], "uv_size": [0.5, 0.5]},
								"east": {"uv": [17, 35], "uv_size": [3, 0.5]},
								"south": {"uv": [1, 41], "uv_size": [0.5, 0.5]},
								"west": {"uv": [20, 35], "uv_size": [3, 0.5]},
								"up": {"uv": [23, 35], "uv_size": [0.5, 3]},
								"down": {"uv": [24, 38], "uv_size": [0.5, -3]}
							}
						},
						{
							"origin": [1.9685, 32.6289, -10.85229],
							"size": [0.2215, 0.585, 2.76],
							"pivot": [-1.1295, 33.2097, -8.09856],
							"rotation": [81, 0, 0],
							"uv": {
								"north": {"uv": [41, 1], "uv_size": [0.5, 0.5]},
								"east": {"uv": [25, 35], "uv_size": [3, 0.5]},
								"south": {"uv": [2, 41], "uv_size": [0.5, 0.5]},
								"west": {"uv": [35, 25], "uv_size": [3, 0.5]},
								"up": {"uv": [35, 26], "uv_size": [0.5, 3]},
								"down": {"uv": [35, 32], "uv_size": [0.5, -3]}
							}
						},
						{
							"origin": [1.24605, 33.6777, -8.09979],
							"size": [0.205, 0.345, 5.255],
							"pivot": [1.5435, 33.6615, -3.86353],
							"rotation": [0, 0, 127],
							"uv": {
								"north": {"uv": [41, 2], "uv_size": [0.5, 0.5]},
								"east": {"uv": [28, 17], "uv_size": [5.5, 0.5]},
								"south": {"uv": [3, 41], "uv_size": [0.5, 0.5]},
								"west": {"uv": [28, 18], "uv_size": [5.5, 0.5]},
								"up": {"uv": [10, 28], "uv_size": [0.5, 5.5]},
								"down": {"uv": [11, 33.5], "uv_size": [0.5, -5.5]}
							}
						},
						{
							"origin": [-2.0445, 33.1977, -8.09979],
							"size": [0.205, 0.495, 5.255],
							"pivot": [-2.0025, 33.2115, -3.86353],
							"rotation": [0, 0, 21],
							"uv": {
								"north": {"uv": [41, 3], "uv_size": [0.5, 0.5]},
								"east": {"uv": [28, 19], "uv_size": [5.5, 0.5]},
								"south": {"uv": [4, 41], "uv_size": [0.5, 0.5]},
								"west": {"uv": [28, 20], "uv_size": [5.5, 0.5]},
								"up": {"uv": [22, 28], "uv_size": [0.5, 5.5]},
								"down": {"uv": [23, 33.5], "uv_size": [0.5, -5.5]}
							}
						},
						{
							"origin": [-1.31005, 33.6777, -8.09979],
							"size": [0.205, 0.345, 5.255],
							"pivot": [-1.4025, 33.6615, -3.86353],
							"rotation": [0, 0, -127],
							"uv": {
								"north": {"uv": [41, 4], "uv_size": [0.5, 0.5]},
								"east": {"uv": [24, 28], "uv_size": [5.5, 0.5]},
								"south": {"uv": [5, 41], "uv_size": [0.5, 0.5]},
								"west": {"uv": [28, 24], "uv_size": [5.5, 0.5]},
								"up": {"uv": [2, 29], "uv_size": [0.5, 5.5]},
								"down": {"uv": [3, 34.5], "uv_size": [0.5, -5.5]}
							}
						}
					]
				},
				{
					"name": "1p4",
					"parent": "1p2",
					"pivot": [-3.79481, 28.31752, -11.15865],
					"cubes": [
						{
							"origin": [-2.43696, 27.89733, -11.41683],
							"size": [0.325, 1.95, 1.95],
							"pivot": [-4.44481, 28.21752, -10.95865],
							"rotation": [45, 0, 0],
							"uv": {
								"north": {"uv": [36, 35], "uv_size": [0.5, 2]},
								"east": {"uv": [15, 20], "uv_size": [2, 2]},
								"south": {"uv": [2, 37], "uv_size": [0.5, 2]},
								"west": {"uv": [16, 24], "uv_size": [2, 2]},
								"up": {"uv": [37, 5], "uv_size": [0.5, 2]},
								"down": {"uv": [6, 39], "uv_size": [0.5, -2]}
							}
						},
						{
							"origin": [-2.27446, 28.05983, -11.25433],
							"size": [0.65, 1.625, 1.625],
							"pivot": [-3.79481, 28.21752, -10.95865],
							"rotation": [45, 0, 0],
							"uv": {
								"north": {"uv": [38, 12], "uv_size": [0.5, 1.5]},
								"east": {"uv": [33, 25], "uv_size": [1.5, 1.5]},
								"south": {"uv": [13, 38], "uv_size": [0.5, 1.5]},
								"west": {"uv": [33, 27], "uv_size": [1.5, 1.5]},
								"up": {"uv": [14, 38], "uv_size": [0.5, 1.5]},
								"down": {"uv": [38, 15.5], "uv_size": [0.5, -1.5]}
							}
						}
					]
				},
				{
					"name": "pso4",
					"parent": "1p87",
					"pivot": [-1.11512, 29.19156, -16.87997],
					"rotation": [-17.5, 90, 0]
				},
				{
					"name": "pso3",
					"parent": "1p87",
					"pivot": [-3.87137, 30.89781, -10.97372],
					"rotation": [0, 0, -180]
				},
				{
					"name": "scope",
					"parent": "main",
					"pivot": [0.06, 31.38, 2.39],
					"cubes": [
						{
							"origin": [-0.44, 31.7, 2.21],
							"size": [0.96, 0.96, 0.96],
							"inflate": -0.4,
							"uv": {
								"north": {"uv": [36, 31], "uv_size": [1, 1]},
								"east": {"uv": [7, 37], "uv_size": [1, 1]},
								"south": {"uv": [37, 7], "uv_size": [1, 1]},
								"west": {"uv": [8, 37], "uv_size": [1, 1]},
								"up": {"uv": [19, 37], "uv_size": [1, 1]},
								"down": {"uv": [20, 38], "uv_size": [1, -1]}
							}
						}
					]
				},
				{
					"name": "_ca_scope",
					"parent": "main",
					"pivot": [-0.1, 28.68, -8.87],
					"cubes": [
						{
							"origin": [-0.18, 27.401, -6.0565],
							"size": [0.76, 0.76, 0.76],
							"uv": {
								"north": {"uv": [21, 37], "uv_size": [1, 1]},
								"east": {"uv": [37, 28], "uv_size": [1, 1]},
								"south": {"uv": [37, 29], "uv_size": [1, 1]},
								"west": {"uv": [37, 30], "uv_size": [1, 1]},
								"up": {"uv": [37, 31], "uv_size": [1, 1]},
								"down": {"uv": [37, 36], "uv_size": [1, -1]}
							}
						}
					]
				}
			]
		}
	]
}