{
	"format_version": "1.12.0",
	"minecraft:geometry": [
		{
			"description": {
				"identifier": "geometry.unknown",
				"texture_width": 64,
				"texture_height": 64,
				"visible_bounds_width": 8,
				"visible_bounds_height": 4,
				"visible_bounds_offset": [0, 1, 0]
			},
			"bones": [
				{
					"name": "main",
					"pivot": [0, 20, 6.65],
					"cubes": [
						{
							"origin": [-1.5764, 26.5184, -5.6102],
							"size": [3.0464, 3.1376, 0.912],
							"uv": {
								"north": {"uv": [42, 11], "uv_size": [3, 4]},
								"east": {"uv": [11, 48], "uv_size": [1, 4]},
								"south": {"uv": [42, 11], "uv_size": [3, 4]},
								"west": {"uv": [20, 48], "uv_size": [1, 4]},
								"up": {"uv": [50, 29], "uv_size": [3, 1]},
								"down": {"uv": [50, 37], "uv_size": [3, -1]}
							}
						}
					]
				},
				{
					"name": "specter",
					"parent": "main",
					"pivot": [0, 26.4, -2.95],
					"cubes": [
						{
							"origin": [-1.2996, 23.9952, -5.509],
							"size": [2.2116, 1.0032, 3.648],
							"uv": {
								"north": {"uv": [31, 37], "uv_size": [3, 1]},
								"east": {"uv": [47, 5], "uv_size": [4, 1]},
								"south": {"uv": [49, 31], "uv_size": [3, 1]},
								"west": {"uv": [47, 6], "uv_size": [4, 1]},
								"up": {"uv": [26, 5], "uv_size": [3, 4]},
								"down": {"uv": [39, 34], "uv_size": [3, -4]}
							}
						},
						{
							"origin": [-1.796, 24.5248, -6.0738],
							"size": [3.592, 1.0384, 3.4552],
							"inflate": -0.2,
							"uv": {
								"north": {"uv": [13, 47], "uv_size": [4, 1]},
								"east": {"uv": [47, 15], "uv_size": [4, 1]},
								"south": {"uv": [47, 16], "uv_size": [4, 1]},
								"west": {"uv": [47, 23], "uv_size": [4, 1]},
								"up": {"uv": [27, 37], "uv_size": [4, 4]},
								"down": {"uv": [38, 18], "uv_size": [4, -4]}
							}
						},
						{
							"origin": [-1.79609, 24.52471, -5.57229],
							"size": [3.59218, 1.03858, 2.95378],
							"inflate": -0.201,
							"pivot": [0.0456, 25.3632, -2.8186],
							"rotation": [-19.25, 0, 0],
							"uv": {
								"north": {"uv": [47, 24], "uv_size": [4, 1]},
								"east": {"uv": [49, 32], "uv_size": [3, 1]},
								"south": {"uv": [47, 25], "uv_size": [4, 1]},
								"west": {"uv": [37, 49], "uv_size": [3, 1]},
								"up": {"uv": [14, 34], "uv_size": [4, 3]},
								"down": {"uv": [22, 43], "uv_size": [4, -3]}
							}
						},
						{
							"origin": [-1.796, 24.5248, -6.0738],
							"size": [3.592, 1.0384, 1.4032],
							"inflate": -0.2,
							"pivot": [0.0456, 25.3632, -5.8738],
							"rotation": [53.75, 0, 0],
							"uv": {
								"north": {"uv": [47, 26], "uv_size": [4, 1]},
								"east": {"uv": [23, 32], "uv_size": [2, 1]},
								"south": {"uv": [47, 27], "uv_size": [4, 1]},
								"west": {"uv": [41, 2], "uv_size": [2, 1]},
								"up": {"uv": [35, 3], "uv_size": [4, 2]},
								"down": {"uv": [43, 7], "uv_size": [4, -2]}
							}
						},
						{
							"origin": [-2.1064, 23.8724, -2.9414],
							"size": [1.8416, 0.9296, 1.8416],
							"inflate": -0.1,
							"pivot": [-1.1856, 23.8812, -2.0206],
							"rotation": [0, 9.5, 0],
							"uv": {
								"north": {"uv": [29, 41], "uv_size": [2, 1]},
								"east": {"uv": [37, 50], "uv_size": [2, 1]},
								"south": {"uv": [50, 37], "uv_size": [2, 1]},
								"west": {"uv": [39, 50], "uv_size": [2, 1]},
								"up": {"uv": [22, 46], "uv_size": [2, 2]},
								"down": {"uv": [29, 48], "uv_size": [2, -2]}
							}
						},
						{
							"origin": [-2.1064, 23.8724, -0.2054],
							"size": [1.8416, 0.9296, 1.8416],
							"inflate": -0.1,
							"pivot": [-1.1856, 23.8812, 0.7154],
							"rotation": [0, 9.5, 0],
							"uv": {
								"north": {"uv": [41, 50], "uv_size": [2, 1]},
								"east": {"uv": [43, 50], "uv_size": [2, 1]},
								"south": {"uv": [45, 50], "uv_size": [2, 1]},
								"west": {"uv": [50, 45], "uv_size": [2, 1]},
								"up": {"uv": [37, 46], "uv_size": [2, 2]},
								"down": {"uv": [0, 49], "uv_size": [2, -2]}
							}
						},
						{
							"origin": [-1.1856, 23.9952, -0.949],
							"size": [2.0976, 1.0032, 3.648],
							"uv": {
								"north": {"uv": [40, 49], "uv_size": [3, 1]},
								"east": {"uv": [47, 28], "uv_size": [4, 1]},
								"south": {"uv": [43, 49], "uv_size": [3, 1]},
								"west": {"uv": [47, 30], "uv_size": [4, 1]},
								"up": {"uv": [40, 34], "uv_size": [3, 4]},
								"down": {"uv": [0, 45], "uv_size": [3, -4]}
							}
						},
						{
							"origin": [-1.41369, 24.95271, -2.08909],
							"size": [2.73618, 1.55058, 2.73618],
							"inflate": -0.001,
							"uv": {
								"north": {"uv": [18, 44], "uv_size": [3, 2]},
								"east": {"uv": [29, 44], "uv_size": [3, 2]},
								"south": {"uv": [44, 43], "uv_size": [3, 2]},
								"west": {"uv": [0, 45], "uv_size": [3, 2]},
								"up": {"uv": [41, 42], "uv_size": [3, 3]},
								"down": {"uv": [43, 5], "uv_size": [3, -3]}
							}
						},
						{
							"origin": [-1.49969, 24.15991, -2.15229],
							"size": [2.83978, 1.03858, 6.05458],
							"inflate": -0.201,
							"uv": {
								"north": {"uv": [47, 33], "uv_size": [4, 1]},
								"east": {"uv": [43, 29], "uv_size": [7, 1]},
								"south": {"uv": [47, 34], "uv_size": [4, 1]},
								"west": {"uv": [43, 36], "uv_size": [7, 1]},
								"up": {"uv": [23, 33], "uv_size": [4, 7]},
								"down": {"uv": [0, 41], "uv_size": [4, -7]}
							}
						},
						{
							"origin": [-2.34329, 24.82111, -3.40629],
							"size": [1.03858, 0.94738, 3.31858],
							"inflate": -0.201,
							"pivot": [-2.1432, 24.6564, -1.291],
							"rotation": [0, 37, 0],
							"uv": {
								"north": {"uv": [38, 18], "uv_size": [1, 1]},
								"east": {"uv": [47, 35], "uv_size": [4, 1]},
								"south": {"uv": [26, 40], "uv_size": [1, 1]},
								"west": {"uv": [39, 47], "uv_size": [4, 1]},
								"up": {"uv": [24, 46], "uv_size": [1, 4]},
								"down": {"uv": [2, 51], "uv_size": [1, -4]}
							}
						},
						{
							"origin": [-1.34009, 24.82111, -1.26309],
							"size": [1.03858, 1.58578, 2.40658],
							"inflate": -0.201,
							"pivot": [-1.14, 24.6564, -0.0598],
							"rotation": [0, 45.5, 0],
							"uv": {
								"north": {"uv": [18, 26], "uv_size": [1, 2]},
								"east": {"uv": [45, 7], "uv_size": [3, 2]},
								"south": {"uv": [3, 41], "uv_size": [1, 2]},
								"west": {"uv": [45, 9], "uv_size": [3, 2]},
								"up": {"uv": [22, 37], "uv_size": [1, 3]},
								"down": {"uv": [39, 10], "uv_size": [1, -3]}
							}
						},
						{
							"origin": [-1.93289, 24.06871, -0.14589],
							"size": [0.94738, 0.94738, 2.86258],
							"inflate": -0.201,
							"pivot": [-1.7328, 23.904, 1.9694],
							"rotation": [-12.25, 0, 0],
							"uv": {
								"north": {"uv": [42, 17], "uv_size": [1, 1]},
								"east": {"uv": [50, 9], "uv_size": [3, 1]},
								"south": {"uv": [13, 46], "uv_size": [1, 1]},
								"west": {"uv": [13, 50], "uv_size": [3, 1]},
								"up": {"uv": [21, 49], "uv_size": [1, 3]},
								"down": {"uv": [31, 52], "uv_size": [1, -3]}
							}
						},
						{
							"origin": [-1.5732, 26.3664, 6.7574],
							"size": [3.1464, 3.2376, 0.912],
							"uv": {
								"north": {"uv": [26, 41], "uv_size": [3, 4]},
								"east": {"uv": [17, 47], "uv_size": [1, 4]},
								"south": {"uv": [41, 38], "uv_size": [3, 4]},
								"west": {"uv": [33, 47], "uv_size": [1, 4]},
								"up": {"uv": [50, 13], "uv_size": [3, 1]},
								"down": {"uv": [50, 15], "uv_size": [3, -1]}
							}
						},
						{
							"origin": [-1.5768, 29.2128, -6.0598],
							"size": [3.0624, 1.056, 14.5308],
							"inflate": -0.3,
							"uv": {
								"north": {"uv": [27, 39], "uv_size": [1.1, 1]},
								"east": {"uv": [27, 30], "uv_size": [5.1, 7]},
								"south": {"uv": [15, 7], "uv_size": [1.1, 1]},
								"west": {"uv": [27, 30], "uv_size": [5.1, 7]},
								"up": {"uv": [33.2, 36], "uv_size": [-6.2, -3.8]},
								"down": {"uv": [16.1, 8], "uv_size": [-1.1, -1]}
							}
						},
						{
							"origin": [-1.5768, 25.7712, -6.0598],
							"size": [3.0624, 1.056, 14.5308],
							"inflate": -0.3,
							"uv": {
								"north": {"uv": [27, 40], "uv_size": [1.1, -1]},
								"east": {"uv": [27, 37], "uv_size": [5.1, -7]},
								"south": {"uv": [15, 8], "uv_size": [1.1, -1]},
								"west": {"uv": [27, 37], "uv_size": [5.1, -7]},
								"up": {"uv": [16.1, 7], "uv_size": [-1.1, 1]},
								"down": {"uv": [33.2, 32.2], "uv_size": [-6.2, 3.8]}
							}
						},
						{
							"origin": [-1.668, 29.4408, -5.2162],
							"size": [3.336, 0.999, 13.881],
							"inflate": -0.3,
							"uv": {
								"north": {"uv": [9, 46], "uv_size": [3, 2]},
								"east": {"uv": [9, 46], "uv_size": [3, 2]},
								"south": {"uv": [27, 39], "uv_size": [1.1, 1]},
								"west": {"uv": [9, 46], "uv_size": [3, 2]},
								"up": {"uv": [12, 48], "uv_size": [-3, -2]},
								"down": {"uv": [12, 48], "uv_size": [-3, -2]}
							}
						},
						{
							"origin": [1.1592, 26.5848, -6.0598],
							"size": [1.1472, 2.8632, 14.5308],
							"inflate": -0.3,
							"uv": {
								"north": {"uv": [27, 39], "uv_size": [1.1, 1]},
								"east": {"uv": [15, 7], "uv_size": [1.1, 1]},
								"south": {"uv": [15, 7], "uv_size": [1.1, 1]},
								"west": {"uv": [27, 32.2], "uv_size": [6.2, 3.8]},
								"up": {"uv": [32.1, 37], "uv_size": [-5.1, -7]},
								"down": {"uv": [32.1, 37], "uv_size": [-5.1, -7]}
							}
						},
						{
							"origin": [1.4784, 26.511, 0.3242],
							"size": [1.0332, 3.0852, 8.3406],
							"inflate": -0.3,
							"uv": {
								"north": {"uv": [27, 39], "uv_size": [1.1, 1]},
								"east": {"uv": [27, 30], "uv_size": [5.1, 7]},
								"south": {"uv": [27, 39], "uv_size": [1.1, 1]},
								"west": {"uv": [27, 32.2], "uv_size": [6.2, 3.8]},
								"up": {"uv": [32.1, 37], "uv_size": [-5.1, -7]},
								"down": {"uv": [32.1, 37], "uv_size": [-5.1, -7]}
							}
						},
						{
							"origin": [-2.5116, 26.511, 0.3242],
							"size": [1.0332, 3.0852, 8.3406],
							"inflate": -0.3,
							"uv": {
								"north": {"uv": [28.1, 39], "uv_size": [-1.1, 1]},
								"east": {"uv": [33.2, 32.2], "uv_size": [-6.2, 3.8]},
								"south": {"uv": [27, 39], "uv_size": [1.1, 1]},
								"west": {"uv": [32.1, 30], "uv_size": [-5.1, 7]},
								"up": {"uv": [27, 37], "uv_size": [5.1, -7]},
								"down": {"uv": [27, 37], "uv_size": [5.1, -7]}
							}
						},
						{
							"origin": [-2.6256, 26.967, 2.3762],
							"size": [1.1472, 2.1732, 5.1486],
							"inflate": -0.3,
							"uv": {
								"north": {"uv": [28.1, 39], "uv_size": [-1.1, 1]},
								"east": {"uv": [33.2, 32.2], "uv_size": [-6.2, 3.8]},
								"south": {"uv": [28.1, 39], "uv_size": [-1.1, 1]},
								"west": {"uv": [32.1, 30], "uv_size": [-5.1, 7]},
								"up": {"uv": [27, 37], "uv_size": [5.1, -7]},
								"down": {"uv": [27, 37], "uv_size": [5.1, -7]}
							}
						},
						{
							"origin": [-2.3064, 26.4876, -6.0598],
							"size": [1.056, 3.0516, 14.5308],
							"inflate": -0.3,
							"uv": {
								"north": {"uv": [27, 39], "uv_size": [1.1, 1]},
								"east": {"uv": [27, 32.2], "uv_size": [6.2, 3.8]},
								"south": {"uv": [15, 7], "uv_size": [1.1, 1]},
								"west": {"uv": [15, 7], "uv_size": [1.1, 1]},
								"up": {"uv": [32.1, 37], "uv_size": [-5.1, -7]},
								"down": {"uv": [32.1, 37], "uv_size": [-5.1, -7]}
							}
						},
						{
							"origin": [-23.52864, 35.94336, -6.0598],
							"size": [1.1472, 1.63056, 14.5308],
							"inflate": -0.3,
							"pivot": [-21.0672, 7.1232, 2.1062],
							"rotation": [0, 0, 45],
							"uv": {
								"north": {"uv": [27, 39], "uv_size": [1.1, 1]},
								"east": {"uv": [27, 30], "uv_size": [5.1, 7]},
								"south": {"uv": [15, 7], "uv_size": [1.1, 1]},
								"west": {"uv": [15, 7], "uv_size": [1.1, 1]},
								"up": {"uv": [32.1, 37], "uv_size": [-5.1, -7]},
								"down": {"uv": [32.1, 37], "uv_size": [-5.1, -7]}
							}
						},
						{
							"origin": [21.28704, 38.49696, -6.0598],
							"size": [1.1472, 1.75824, 14.5308],
							"inflate": -0.3,
							"pivot": [23.712, 9.6768, 2.1062],
							"rotation": [0, 0, -45],
							"uv": {
								"north": {"uv": [27, 39], "uv_size": [1.1, 1]},
								"east": {"uv": [15, 7], "uv_size": [1.1, 1]},
								"south": {"uv": [15, 7], "uv_size": [1.1, 1]},
								"west": {"uv": [27, 32.2], "uv_size": [6.2, 3.8]},
								"up": {"uv": [32.1, 37], "uv_size": [-5.1, -7]},
								"down": {"uv": [32.1, 37], "uv_size": [-5.1, -7]}
							}
						},
						{
							"origin": [-23.52864, 18.46608, -6.0598],
							"size": [1.1472, 1.63056, 14.5308],
							"inflate": -0.3,
							"pivot": [-21.0672, 48.9168, 2.1062],
							"rotation": [0, 0, -45],
							"uv": {
								"north": {"uv": [27, 40], "uv_size": [1.1, -1]},
								"east": {"uv": [27, 37], "uv_size": [5.1, -7]},
								"south": {"uv": [15, 8], "uv_size": [1.1, -1]},
								"west": {"uv": [15, 8], "uv_size": [1.1, -1]},
								"up": {"uv": [32.1, 30], "uv_size": [-5.1, 7]},
								"down": {"uv": [32.1, 30], "uv_size": [-5.1, 7]}
							}
						},
						{
							"origin": [21.28704, 15.7848, -6.0598],
							"size": [1.1472, 1.75824, 14.5308],
							"inflate": -0.3,
							"pivot": [23.712, 46.3632, 2.1062],
							"rotation": [0, 0, 45],
							"uv": {
								"north": {"uv": [27, 40], "uv_size": [1.1, -1]},
								"east": {"uv": [15, 8], "uv_size": [1.1, -1]},
								"south": {"uv": [15, 8], "uv_size": [1.1, -1]},
								"west": {"uv": [27, 36], "uv_size": [6.2, -3.8]},
								"up": {"uv": [32.1, 30], "uv_size": [-5.1, 7]},
								"down": {"uv": [32.1, 30], "uv_size": [-5.1, 7]}
							}
						},
						{
							"origin": [-0.43144, 24.4256, -0.9518],
							"size": [6.4352, 8.1224, 8.1224],
							"inflate": -3.4,
							"pivot": [3.876, 28.3272, 2.1062],
							"rotation": [-27.5, 0, 0],
							"uv": {
								"north": {"uv": [15, 7], "uv_size": [1.1, 1]},
								"east": {"uv": [15, 7], "uv_size": [1.1, 1]},
								"south": {"uv": [15, 7], "uv_size": [1.1, 1]},
								"west": {"uv": [15, 7], "uv_size": [1.1, 1]},
								"up": {"uv": [16.1, 8], "uv_size": [-1.1, -1]},
								"down": {"uv": [16.1, 8], "uv_size": [-1.1, -1]}
							}
						},
						{
							"origin": [1.2136, 27.7624, 1.587],
							"size": [1.5856, 2.0872, 2.0872],
							"inflate": -0.2,
							"pivot": [3.2376, 27.438, 1.2626],
							"rotation": [-27.5, 0, 0],
							"uv": {
								"north": {"uv": [32, 44], "uv_size": [2, 3]},
								"east": {"uv": [3, 43], "uv_size": [3, 3]},
								"south": {"uv": [25, 45], "uv_size": [2, 3]},
								"west": {"uv": [27, 32.2], "uv_size": [6.2, 3.8]},
								"up": {"uv": [27, 45], "uv_size": [2, 3]},
								"down": {"uv": [34, 48], "uv_size": [2, -3]}
							}
						},
						{
							"origin": [1.8888, 25.2, -5.7634],
							"size": [0.9648, 1.8768, 1.8768],
							"inflate": -0.3,
							"pivot": [2.8272, 25.2264, -5.737],
							"rotation": [-27.5, 0, 0],
							"uv": {
								"north": {"uv": [14, 51], "uv_size": [1, 2]},
								"east": {"uv": [48, 8], "uv_size": [2, 2]},
								"south": {"uv": [15, 51], "uv_size": [1, 2]},
								"west": {"uv": [13, 48], "uv_size": [2, 2]},
								"up": {"uv": [51, 15], "uv_size": [1, 2]},
								"down": {"uv": [17, 53], "uv_size": [1, -2]}
							}
						},
						{
							"origin": [-2.8536, 25.2, -5.7634],
							"size": [0.9648, 1.8768, 1.8768],
							"inflate": -0.3,
							"pivot": [-2.8272, 25.2264, -5.737],
							"rotation": [-27.5, 0, 0],
							"uv": {
								"north": {"uv": [51, 17], "uv_size": [1, 2]},
								"east": {"uv": [48, 13], "uv_size": [2, 2]},
								"south": {"uv": [51, 19], "uv_size": [1, 2]},
								"west": {"uv": [15, 48], "uv_size": [2, 2]},
								"up": {"uv": [51, 21], "uv_size": [1, 2]},
								"down": {"uv": [51, 25], "uv_size": [1, -2]}
							}
						},
						{
							"origin": [1.396, 24.3424, -5.937],
							"size": [1.312, 2.0872, 2.7712],
							"inflate": -0.2,
							"uv": {
								"north": {"uv": [1, 52], "uv_size": [1, 2]},
								"east": {"uv": [45, 13], "uv_size": [3, 2]},
								"south": {"uv": [3, 52], "uv_size": [1, 2]},
								"west": {"uv": [39, 45], "uv_size": [3, 2]},
								"up": {"uv": [32, 49], "uv_size": [1, 3]},
								"down": {"uv": [16, 53], "uv_size": [1, -3]}
							}
						},
						{
							"origin": [-2.708, 24.3424, -5.937],
							"size": [1.312, 2.0872, 2.7712],
							"inflate": -0.2,
							"uv": {
								"north": {"uv": [4, 52], "uv_size": [1, 2]},
								"east": {"uv": [42, 45], "uv_size": [3, 2]},
								"south": {"uv": [5, 52], "uv_size": [1, 2]},
								"west": {"uv": [45, 45], "uv_size": [3, 2]},
								"up": {"uv": [18, 50], "uv_size": [1, 3]},
								"down": {"uv": [19, 53], "uv_size": [1, -3]}
							}
						},
						{
							"origin": [-2.70791, 26.02969, -5.93691],
							"size": [1.31182, 2.77102, 2.61142],
							"inflate": -0.199,
							"pivot": [-2.508, 26.2296, -5.737],
							"rotation": [-47.5, 0, 0],
							"uv": {
								"north": {"uv": [22, 50], "uv_size": [1, 3]},
								"east": {"uv": [9, 43], "uv_size": [3, 3]},
								"south": {"uv": [23, 50], "uv_size": [1, 3]},
								"west": {"uv": [43, 17], "uv_size": [3, 3]},
								"up": {"uv": [24, 50], "uv_size": [1, 3]},
								"down": {"uv": [25, 53], "uv_size": [1, -3]}
							}
						},
						{
							"origin": [1.39609, 26.02969, -5.93691],
							"size": [1.31182, 2.77102, 2.61142],
							"inflate": -0.199,
							"pivot": [2.508, 26.2296, -5.737],
							"rotation": [-47.5, 0, 0],
							"uv": {
								"north": {"uv": [26, 50], "uv_size": [1, 3]},
								"east": {"uv": [43, 20], "uv_size": [3, 3]},
								"south": {"uv": [27, 50], "uv_size": [1, 3]},
								"west": {"uv": [22, 43], "uv_size": [3, 3]},
								"up": {"uv": [28, 50], "uv_size": [1, 3]},
								"down": {"uv": [29, 53], "uv_size": [1, -3]}
							}
						},
						{
							"origin": [-1.52231, 25.75609, 2.27109],
							"size": [2.88502, 3.04462, 1.06102],
							"inflate": -0.199,
							"pivot": [1.7784, 26.2296, 0.9206],
							"rotation": [-47.5, 0, 0],
							"uv": {
								"north": {"uv": [26, 50], "uv_size": [1, 3]},
								"east": {"uv": [43, 20], "uv_size": [3, 3]},
								"south": {"uv": [27, 50], "uv_size": [1, 3]},
								"west": {"uv": [22, 43], "uv_size": [3, 3]},
								"up": {"uv": [28, 50], "uv_size": [1, 3]},
								"down": {"uv": [29, 53], "uv_size": [1, -3]}
							}
						},
						{
							"origin": [-2.708, 25.6648, -4.2042],
							"size": [5.416, 2.3608, 5.0284],
							"inflate": -0.2,
							"uv": {
								"north": {"uv": [0, 27], "uv_size": [6, 2]},
								"east": {"uv": [46, 2], "uv_size": [3, 2]},
								"south": {"uv": [41, 0], "uv_size": [6, 2]},
								"west": {"uv": [3, 46], "uv_size": [3, 2]},
								"up": {"uv": [35, 0], "uv_size": [6, 3]},
								"down": {"uv": [14, 40], "uv_size": [6, -3]}
							}
						},
						{
							"origin": [-2.708, 27.6256, -4.2042],
							"size": [0.9016, 1.882, 5.0284],
							"inflate": -0.2,
							"pivot": [-2.508, 27.8256, -4.0042],
							"rotation": [0, 0, 12],
							"uv": {
								"north": {"uv": [7, 52], "uv_size": [-1, 2]},
								"east": {"uv": [12, 46], "uv_size": [-3, 2]},
								"south": {"uv": [8, 52], "uv_size": [-1, 2]},
								"west": {"uv": [9, 46], "uv_size": [-3, 2]},
								"up": {"uv": [31, 50], "uv_size": [-1, 3]},
								"down": {"uv": [35, 53], "uv_size": [-1, -3]}
							}
						},
						{
							"origin": [-2.708, 28.7656, -4.7742],
							"size": [0.9016, 0.742, 1.0384],
							"inflate": -0.2,
							"pivot": [-2.508, 27.8256, -4.0042],
							"rotation": [0, 0, 12],
							"uv": {
								"north": {"uv": [7, 52], "uv_size": [-1, 2]},
								"east": {"uv": [12, 46], "uv_size": [-3, 2]},
								"south": {"uv": [8, 52], "uv_size": [-1, 2]},
								"west": {"uv": [9, 46], "uv_size": [-3, 2]},
								"up": {"uv": [31, 50], "uv_size": [-1, 3]},
								"down": {"uv": [35, 53], "uv_size": [-1, -3]}
							}
						},
						{
							"origin": [-2.708, 28.7656, -5.1162],
							"size": [0.9016, 0.742, 0.8104],
							"inflate": -0.2,
							"pivot": [-2.508, 27.8256, -4.0042],
							"rotation": [0, 0, 12],
							"uv": {
								"north": {"uv": [7, 52], "uv_size": [-1, 2]},
								"east": {"uv": [12, 46], "uv_size": [-3, 2]},
								"south": {"uv": [8, 52], "uv_size": [-1, 2]},
								"west": {"uv": [9, 46], "uv_size": [-3, 2]},
								"up": {"uv": [31, 50], "uv_size": [-1, 3]},
								"down": {"uv": [35, 53], "uv_size": [-1, -3]}
							}
						},
						{
							"origin": [-2.708, 27.6256, -4.2042],
							"size": [1.312, 1.8592, 0.6736],
							"inflate": -0.2,
							"pivot": [-2.508, 27.8256, -4.0042],
							"rotation": [38.65552, 0, 12.2651],
							"uv": {
								"north": {"uv": [52, 19], "uv_size": [1, 2]},
								"east": {"uv": [20, 52], "uv_size": [1, 2]},
								"south": {"uv": [21, 52], "uv_size": [1, 2]},
								"west": {"uv": [52, 21], "uv_size": [1, 2]},
								"up": {"uv": [53, 13], "uv_size": [1, 1]},
								"down": {"uv": [14, 54], "uv_size": [1, -1]}
							}
						},
						{
							"origin": [-2.708, 27.6256, -4.2042],
							"size": [1.312, 1.6996, 1.1296],
							"inflate": -0.2,
							"pivot": [-2.508, 27.8256, -4.0042],
							"rotation": [38.65552, 0, 12.2651],
							"uv": {
								"north": {"uv": [52, 19], "uv_size": [1, 2]},
								"east": {"uv": [20, 52], "uv_size": [1, 2]},
								"south": {"uv": [21, 52], "uv_size": [1, 2]},
								"west": {"uv": [52, 21], "uv_size": [1, 2]},
								"up": {"uv": [53, 13], "uv_size": [1, 1]},
								"down": {"uv": [14, 54], "uv_size": [1, -1]}
							}
						},
						{
							"origin": [-23.71104, 35.82936, -5.2162],
							"size": [1.1016, 1.797, 13.881],
							"inflate": -0.3,
							"pivot": [-21.0672, 7.1232, 2.1062],
							"rotation": [0, 0, 45],
							"uv": {
								"north": {"uv": [12, 46], "uv_size": [-3, 2]},
								"east": {"uv": [27, 32.2], "uv_size": [6.2, 3.8]},
								"south": {"uv": [27, 39], "uv_size": [1.1, 1]},
								"west": {"uv": [12, 46], "uv_size": [-3, 2]},
								"up": {"uv": [9, 48], "uv_size": [3, -2]},
								"down": {"uv": [9, 48], "uv_size": [3, -2]}
							}
						},
						{
							"origin": [22.60944, 35.82936, -5.2162],
							"size": [1.1016, 1.797, 13.881],
							"inflate": -0.3,
							"pivot": [21.0672, 7.1232, 2.1062],
							"rotation": [0, 0, -45],
							"uv": {
								"north": {"uv": [9, 46], "uv_size": [3, 2]},
								"east": {"uv": [9, 46], "uv_size": [3, 2]},
								"south": {"uv": [27, 39], "uv_size": [1.1, 1]},
								"west": {"uv": [27, 32.2], "uv_size": [6.2, 3.8]},
								"up": {"uv": [12, 48], "uv_size": [-3, -2]},
								"down": {"uv": [12, 48], "uv_size": [-3, -2]}
							}
						},
						{
							"origin": [22.60944, 36.39936, 6.8678],
							"size": [1.1016, 1.569, 1.113],
							"inflate": -0.3,
							"pivot": [21.0672, 7.4652, 2.1062],
							"rotation": [0, 0, -45],
							"uv": {
								"north": {"uv": [15, 7], "uv_size": [1.1, 1]},
								"east": {"uv": [15, 7], "uv_size": [1.1, 1]},
								"south": {"uv": [15, 7], "uv_size": [1.1, 1]},
								"west": {"uv": [15, 7], "uv_size": [1.1, 1]},
								"up": {"uv": [16.1, 8], "uv_size": [-1.1, -1]},
								"down": {"uv": [16.1, 8], "uv_size": [-1.1, -1]}
							}
						},
						{
							"origin": [-23.71104, 36.39936, 6.8678],
							"size": [1.1016, 1.569, 1.113],
							"inflate": -0.3,
							"pivot": [-21.0672, 7.4652, 2.1062],
							"rotation": [0, 0, 45],
							"uv": {
								"north": {"uv": [15, 7], "uv_size": [1.1, 1]},
								"east": {"uv": [15, 7], "uv_size": [1.1, 1]},
								"south": {"uv": [15, 7], "uv_size": [1.1, 1]},
								"west": {"uv": [15, 7], "uv_size": [1.1, 1]},
								"up": {"uv": [16.1, 8], "uv_size": [-1.1, -1]},
								"down": {"uv": [16.1, 8], "uv_size": [-1.1, -1]}
							}
						},
						{
							"origin": [-1.668, 29.7828, 6.8678],
							"size": [3.336, 0.999, 1.113],
							"inflate": -0.3,
							"uv": {
								"north": {"uv": [15, 7], "uv_size": [1.1, 1]},
								"east": {"uv": [15, 7], "uv_size": [1.1, 1]},
								"south": {"uv": [15, 7], "uv_size": [1.1, 1]},
								"west": {"uv": [15, 7], "uv_size": [1.1, 1]},
								"up": {"uv": [16.1, 8], "uv_size": [-1.1, -1]},
								"down": {"uv": [16.1, 8], "uv_size": [-1.1, -1]}
							}
						},
						{
							"origin": [22.60944, 36.39936, -4.8742],
							"size": [1.1016, 1.569, 1.113],
							"inflate": -0.3,
							"pivot": [21.0672, 7.4652, -9.6358],
							"rotation": [0, 0, -45],
							"uv": {
								"north": {"uv": [15, 7], "uv_size": [1.1, 1]},
								"east": {"uv": [15, 7], "uv_size": [1.1, 1]},
								"south": {"uv": [15, 7], "uv_size": [1.1, 1]},
								"west": {"uv": [15, 7], "uv_size": [1.1, 1]},
								"up": {"uv": [16.1, 8], "uv_size": [-1.1, -1]},
								"down": {"uv": [16.1, 8], "uv_size": [-1.1, -1]}
							}
						},
						{
							"origin": [-1.668, 29.7828, -4.8742],
							"size": [3.336, 0.999, 1.113],
							"inflate": -0.3,
							"uv": {
								"north": {"uv": [15, 7], "uv_size": [1.1, 1]},
								"east": {"uv": [15, 7], "uv_size": [1.1, 1]},
								"south": {"uv": [15, 7], "uv_size": [1.1, 1]},
								"west": {"uv": [15, 7], "uv_size": [1.1, 1]},
								"up": {"uv": [16.1, 8], "uv_size": [-1.1, -1]},
								"down": {"uv": [16.1, 8], "uv_size": [-1.1, -1]}
							}
						},
						{
							"origin": [-23.71104, 36.39936, -4.8742],
							"size": [1.1016, 1.569, 1.113],
							"inflate": -0.3,
							"pivot": [-21.0672, 7.4652, -9.6358],
							"rotation": [0, 0, 45],
							"uv": {
								"north": {"uv": [15, 7], "uv_size": [1.1, 1]},
								"east": {"uv": [15, 7], "uv_size": [1.1, 1]},
								"south": {"uv": [15, 7], "uv_size": [1.1, 1]},
								"west": {"uv": [15, 7], "uv_size": [1.1, 1]},
								"up": {"uv": [16.1, 8], "uv_size": [-1.1, -1]},
								"down": {"uv": [16.1, 8], "uv_size": [-1.1, -1]}
							}
						},
						{
							"origin": [22.60944, 18.50364, -3.1642],
							"size": [1.1016, 1.797, 11.829],
							"inflate": -0.3,
							"pivot": [21.0672, 49.0068, 2.1062],
							"rotation": [0, 0, 45],
							"uv": {
								"north": {"uv": [9, 48], "uv_size": [3, -2]},
								"east": {"uv": [9, 48], "uv_size": [3, -2]},
								"south": {"uv": [27, 39], "uv_size": [1.1, 1]},
								"west": {"uv": [27, 32.2], "uv_size": [6.2, 3.8]},
								"up": {"uv": [12, 46], "uv_size": [-3, 2]},
								"down": {"uv": [12, 46], "uv_size": [-3, 2]}
							}
						},
						{
							"origin": [-23.71104, 18.50364, -3.1642],
							"size": [1.1016, 1.797, 11.829],
							"inflate": -0.3,
							"pivot": [-21.0672, 49.0068, 2.1062],
							"rotation": [0, 0, -45],
							"uv": {
								"north": {"uv": [12, 48], "uv_size": [-3, -2]},
								"east": {"uv": [27, 32.2], "uv_size": [6.2, 3.8]},
								"south": {"uv": [27, 39], "uv_size": [1.1, 1]},
								"west": {"uv": [12, 48], "uv_size": [-3, -2]},
								"up": {"uv": [9, 46], "uv_size": [3, 2]},
								"down": {"uv": [9, 46], "uv_size": [3, 2]}
							}
						},
						{
							"origin": [-1.668, 25.6902, -3.1642],
							"size": [3.336, 0.999, 11.829],
							"inflate": -0.3,
							"uv": {
								"north": {"uv": [9, 48], "uv_size": [3, -2]},
								"east": {"uv": [9, 48], "uv_size": [3, -2]},
								"south": {"uv": [27, 39], "uv_size": [1.1, 1]},
								"west": {"uv": [9, 48], "uv_size": [3, -2]},
								"up": {"uv": [12, 46], "uv_size": [-3, 2]},
								"down": {"uv": [12, 46], "uv_size": [-3, 2]}
							}
						},
						{
							"origin": [1.8064, 28.7656, -5.1162],
							"size": [0.9016, 0.742, 0.8104],
							"inflate": -0.2,
							"pivot": [2.508, 27.8256, -4.0042],
							"rotation": [0, 0, -12],
							"uv": {
								"north": {"uv": [6, 52], "uv_size": [1, 2]},
								"east": {"uv": [6, 46], "uv_size": [3, 2]},
								"south": {"uv": [7, 52], "uv_size": [1, 2]},
								"west": {"uv": [9, 46], "uv_size": [3, 2]},
								"up": {"uv": [30, 50], "uv_size": [1, 3]},
								"down": {"uv": [34, 53], "uv_size": [1, -3]}
							}
						},
						{
							"origin": [1.8064, 27.6256, -4.2042],
							"size": [0.9016, 1.882, 5.0284],
							"inflate": -0.2,
							"pivot": [2.508, 27.8256, -4.0042],
							"rotation": [0, 0, -12],
							"uv": {
								"north": {"uv": [6, 52], "uv_size": [1, 2]},
								"east": {"uv": [6, 46], "uv_size": [3, 2]},
								"south": {"uv": [7, 52], "uv_size": [1, 2]},
								"west": {"uv": [9, 46], "uv_size": [3, 2]},
								"up": {"uv": [30, 50], "uv_size": [1, 3]},
								"down": {"uv": [34, 53], "uv_size": [1, -3]}
							}
						},
						{
							"origin": [1.396, 27.6256, -4.2042],
							"size": [1.312, 1.6996, 1.1296],
							"inflate": -0.2,
							"pivot": [2.508, 27.8256, -4.0042],
							"rotation": [38.65552, 0, -12.2651],
							"uv": {
								"north": {"uv": [53, 19], "uv_size": [-1, 2]},
								"east": {"uv": [53, 21], "uv_size": [-1, 2]},
								"south": {"uv": [22, 52], "uv_size": [-1, 2]},
								"west": {"uv": [21, 52], "uv_size": [-1, 2]},
								"up": {"uv": [54, 13], "uv_size": [-1, 1]},
								"down": {"uv": [15, 54], "uv_size": [-1, -1]}
							}
						},
						{
							"origin": [1.8064, 28.7656, -4.7742],
							"size": [0.9016, 0.742, 1.0384],
							"inflate": -0.2,
							"pivot": [2.508, 27.8256, -4.0042],
							"rotation": [0, 0, -12],
							"uv": {
								"north": {"uv": [6, 52], "uv_size": [1, 2]},
								"east": {"uv": [6, 46], "uv_size": [3, 2]},
								"south": {"uv": [7, 52], "uv_size": [1, 2]},
								"west": {"uv": [9, 46], "uv_size": [3, 2]},
								"up": {"uv": [30, 50], "uv_size": [1, 3]},
								"down": {"uv": [34, 53], "uv_size": [1, -3]}
							}
						},
						{
							"origin": [1.396, 27.6256, -4.2042],
							"size": [1.312, 1.8592, 0.6736],
							"inflate": -0.2,
							"pivot": [2.508, 27.8256, -4.0042],
							"rotation": [38.65552, 0, -12.2651],
							"uv": {
								"north": {"uv": [53, 19], "uv_size": [-1, 2]},
								"east": {"uv": [53, 21], "uv_size": [-1, 2]},
								"south": {"uv": [22, 52], "uv_size": [-1, 2]},
								"west": {"uv": [21, 52], "uv_size": [-1, 2]},
								"up": {"uv": [54, 13], "uv_size": [-1, 1]},
								"down": {"uv": [15, 54], "uv_size": [-1, -1]}
							}
						}
					]
				},
				{
					"name": "scopepip",
					"parent": "main",
					"pivot": [0.08, 28.04, 3.93],
					"cubes": [
						{
							"origin": [-1.5892, 26.5184, 6.8898],
							"size": [3.1464, 3.2376, 0.912],
							"uv": {
								"north": {"uv": [42, 7], "uv_size": [3, 4]},
								"east": {"uv": [11, 48], "uv_size": [1, 4]},
								"south": {"uv": [42, 11], "uv_size": [3, 4]},
								"west": {"uv": [20, 48], "uv_size": [1, 4]},
								"up": {"uv": [50, 29], "uv_size": [3, 1]},
								"down": {"uv": [50, 37], "uv_size": [3, -1]}
							}
						}
					]
				},
				{
					"name": "_ca_scope",
					"parent": "main",
					"pivot": [-0.1, 25.68, -1.87],
					"cubes": [
						{
							"origin": [-0.38, 24.186, -2.1565],
							"size": [0.76, 0.76, 0.76],
							"uv": {
								"north": {"uv": [53, 14], "uv_size": [1, 1]},
								"east": {"uv": [15, 53], "uv_size": [1, 1]},
								"south": {"uv": [53, 15], "uv_size": [1, 1]},
								"west": {"uv": [16, 53], "uv_size": [1, 1]},
								"up": {"uv": [53, 16], "uv_size": [1, 1]},
								"down": {"uv": [17, 54], "uv_size": [1, -1]}
							}
						}
					]
				},
				{
					"name": "_cb_scope",
					"parent": "main",
					"pivot": [0, 30.66, 2.03],
					"cubes": [
						{
							"origin": [-0.44, 30.12, 0.53],
							"size": [0.8, 0.8, 0.8],
							"uv": {
								"north": {"uv": [60, 18], "uv_size": [1, 1]},
								"east": {"uv": [19, 58], "uv_size": [1, 1]},
								"south": {"uv": [58, 18], "uv_size": [1, 1]},
								"west": {"uv": [20, 58], "uv_size": [1, 1]},
								"up": {"uv": [58, 20], "uv_size": [1, 1]},
								"down": {"uv": [58, 21], "uv_size": [1, -1]}
							}
						}
					]
				},
				{
					"name": "scope",
					"parent": "main",
					"pivot": [-0.04, 28.18, 12.29],
					"cubes": [
						{
							"origin": [-0.52, 27.7, 12.11],
							"size": [0.96, 0.96, 0.96],
							"inflate": -0.4,
							"uv": {
								"north": {"uv": [60, 19], "uv_size": [1, 1]},
								"east": {"uv": [23, 56], "uv_size": [1, 1]},
								"south": {"uv": [58, 18], "uv_size": [1, 1]},
								"west": {"uv": [24, 57], "uv_size": [1, 1]},
								"up": {"uv": [58, 23], "uv_size": [1, 1]},
								"down": {"uv": [26, 60], "uv_size": [1, -1]}
							}
						}
					]
				}
			]
		}
	]
}