{
	"format_version": "1.12.0",
	"minecraft:geometry": [
		{
			"description": {
				"identifier": "geometry.stg762.geo",
				"texture_width": 128,
				"texture_height": 128,
				"visible_bounds_width": 12,
				"visible_bounds_height": 4,
				"visible_bounds_offset": [0, 1, 0]
			},
			"bones": [
				{
					"name": "main",
					"pivot": [0, 20, 0]
				},
				{
					"name": "gun",
					"parent": "main",
					"pivot": [1, 11, -1]
				},
				{
					"name": "stock",
					"parent": "gun",
					"pivot": [0.65, 20.7, 9.1],
					"cubes": [
						{
							"origin": [-0.85, 13.4, 36],
							"size": [1.7, 11.9, 1.2],
							"uv": {
								"north": {"uv": [57, 4], "uv_size": [2, 12]},
								"east": {"uv": [90, 92], "uv_size": [1, 12]},
								"south": {"uv": [69, 75], "uv_size": [2, 12]},
								"west": {"uv": [91, 92], "uv_size": [1, 12]},
								"up": {"uv": [68, 114], "uv_size": [2, 1]},
								"down": {"uv": [114, 70], "uv_size": [2, -1]}
							}
						},
						{
							"origin": [-0.85, 16.4, 34.1],
							"size": [1.7, 7.4, 1.9],
							"uv": {
								"north": {"uv": [64, 86], "uv_size": [2, 7]},
								"east": {"uv": [69, 87], "uv_size": [2, 7]},
								"south": {"uv": [4, 89], "uv_size": [2, 7]},
								"west": {"uv": [75, 89], "uv_size": [2, 7]},
								"up": {"uv": [109, 8], "uv_size": [2, 2]},
								"down": {"uv": [109, 12], "uv_size": [2, -2]}
							}
						},
						{
							"origin": [-0.85, 13.4, 10.6],
							"size": [1.7, 3, 25.4],
							"pivot": [0.85, 13.4, 36],
							"rotation": [-19, 0, 0],
							"uv": {
								"north": {"uv": [22, 105], "uv_size": [2, 3]},
								"east": {"uv": [36, 37], "uv_size": [21, 3]},
								"south": {"uv": [28, 105], "uv_size": [2, 3]},
								"west": {"uv": [36, 40], "uv_size": [21, 3]},
								"up": {"uv": [54, 59], "uv_size": [2, 21]},
								"down": {"uv": [60, 55], "uv_size": [2, -21]}
							}
						},
						{
							"origin": [-0.845, 20, 11.7],
							"size": [1.69, 1.5, 5.2],
							"uv": {
								"north": {"uv": [22, 105], "uv_size": [2, 3]},
								"east": {"uv": [36, 37], "uv_size": [21, 3]},
								"south": {"uv": [28, 105], "uv_size": [2, 3]},
								"west": {"uv": [36, 40], "uv_size": [21, 3]},
								"up": {"uv": [54, 59], "uv_size": [2, 21]},
								"down": {"uv": [60, 55], "uv_size": [2, -21]}
							}
						},
						{
							"origin": [-0.85, 23.7, 10.1],
							"size": [1.7, 3.2, 24.3],
							"pivot": [0.65, 20.7, 9.1],
							"rotation": [-15, 0, 0],
							"uv": {
								"north": {"uv": [45, 105], "uv_size": [2, 3]},
								"east": {"uv": [22, 4], "uv_size": [24, 3]},
								"south": {"uv": [105, 46], "uv_size": [2, 3]},
								"west": {"uv": [22, 7], "uv_size": [24, 3]},
								"up": {"uv": [4, 55], "uv_size": [2, 24]},
								"down": {"uv": [48, 83], "uv_size": [2, -24]}
							}
						},
						{
							"origin": [-0.85, 24.3, 11.6],
							"size": [1.7, 1.5, 24.4],
							"pivot": [0.65, 24.3, 9.1],
							"rotation": [-1, 0, 0],
							"uv": {
								"north": {"uv": [114, 73], "uv_size": [2, 1]},
								"east": {"uv": [73, 5], "uv_size": [24, 1]},
								"south": {"uv": [74, 114], "uv_size": [2, 1]},
								"west": {"uv": [73, 6], "uv_size": [24, 1]},
								"up": {"uv": [50, 59], "uv_size": [2, 24]},
								"down": {"uv": [52, 83], "uv_size": [2, -24]}
							}
						},
						{
							"origin": [-0.85, 20.5, 20.3],
							"size": [1.7, 3.8, 15.7],
							"pivot": [0.65, 24.3, 9.1],
							"rotation": [-1, 0, 0],
							"uv": {
								"north": {"uv": [101, 37], "uv_size": [2, 4]},
								"east": {"uv": [33, 33], "uv_size": [16, 4]},
								"south": {"uv": [101, 41], "uv_size": [2, 4]},
								"west": {"uv": [20, 37], "uv_size": [16, 4]},
								"up": {"uv": [16, 70], "uv_size": [2, 16]},
								"down": {"uv": [18, 86], "uv_size": [2, -16]}
							}
						},
						{
							"origin": [-0.85, 26.5, 9.8],
							"size": [1.7, 1, 1.8],
							"uv": {
								"north": {"uv": [114, 74], "uv_size": [2, 1]},
								"east": {"uv": [114, 75], "uv_size": [2, 1]},
								"south": {"uv": [114, 76], "uv_size": [2, 1]},
								"west": {"uv": [114, 77], "uv_size": [2, 1]},
								"up": {"uv": [109, 16], "uv_size": [2, 2]},
								"down": {"uv": [18, 111], "uv_size": [2, -2]}
							}
						},
						{
							"origin": [-0.95, 20, 9.8],
							"size": [1.9, 3, 1.9],
							"uv": {
								"north": {"uv": [47, 105], "uv_size": [2, 3]},
								"east": {"uv": [53, 105], "uv_size": [2, 3]},
								"south": {"uv": [55, 105], "uv_size": [2, 3]},
								"west": {"uv": [105, 56], "uv_size": [2, 3]},
								"up": {"uv": [109, 18], "uv_size": [2, 2]},
								"down": {"uv": [109, 22], "uv_size": [2, -2]}
							}
						}
					]
				},
				{
					"name": "bone3",
					"parent": "stock",
					"pivot": [-3.05, 23, 6.4],
					"rotation": [0, 14, 0],
					"cubes": [
						{
							"origin": [-2.95, 24.9, 10],
							"size": [1.8, 1.4, 2],
							"pivot": [-0.65, 24.6, 6.4],
							"rotation": [0, 0, 32],
							"uv": {
								"north": {"uv": [48, 114], "uv_size": [2, 1]},
								"east": {"uv": [50, 114], "uv_size": [2, 1]},
								"south": {"uv": [114, 50], "uv_size": [2, 1]},
								"west": {"uv": [114, 51], "uv_size": [2, 1]},
								"up": {"uv": [85, 108], "uv_size": [2, 2]},
								"down": {"uv": [109, 2], "uv_size": [2, -2]}
							}
						},
						{
							"origin": [-3.05, 24.1, 10],
							"size": [1.8, 1.4, 2.1],
							"pivot": [-0.75, 23.8, 6.4],
							"rotation": [0, 0, 17],
							"uv": {
								"north": {"uv": [52, 114], "uv_size": [2, 1]},
								"east": {"uv": [54, 114], "uv_size": [2, 1]},
								"south": {"uv": [114, 54], "uv_size": [2, 1]},
								"west": {"uv": [114, 55], "uv_size": [2, 1]},
								"up": {"uv": [6, 109], "uv_size": [2, 2]},
								"down": {"uv": [8, 111], "uv_size": [2, -2]}
							}
						},
						{
							"origin": [-3.05, 24.1, 12],
							"size": [1, 1.4, 2.9],
							"pivot": [-0.75, 23.8, 6.4],
							"rotation": [0, 0, 17],
							"uv": {
								"north": {"uv": [119, 2], "uv_size": [1, 1]},
								"east": {"uv": [111, 38], "uv_size": [3, 1]},
								"south": {"uv": [3, 119], "uv_size": [1, 1]},
								"west": {"uv": [39, 111], "uv_size": [3, 1]},
								"up": {"uv": [15, 111], "uv_size": [1, 3]},
								"down": {"uv": [21, 114], "uv_size": [1, -3]}
							}
						},
						{
							"origin": [-2.95, 24.9, 12],
							"size": [1.2, 0.5, 2.8],
							"pivot": [-0.65, 24.6, 6.4],
							"rotation": [0, 0, 32],
							"uv": {
								"north": {"uv": [119, 3], "uv_size": [1, 1]},
								"east": {"uv": [111, 39], "uv_size": [3, 1]},
								"south": {"uv": [4, 119], "uv_size": [1, 1]},
								"west": {"uv": [111, 40], "uv_size": [3, 1]},
								"up": {"uv": [22, 111], "uv_size": [1, 3]},
								"down": {"uv": [30, 114], "uv_size": [1, -3]}
							}
						},
						{
							"origin": [-2.85, 23.9, 10],
							"size": [1.2, 0.9, 4.9],
							"uv": {
								"north": {"uv": [119, 4], "uv_size": [1, 1]},
								"east": {"uv": [105, 70], "uv_size": [5, 1]},
								"south": {"uv": [5, 119], "uv_size": [1, 1]},
								"west": {"uv": [105, 71], "uv_size": [5, 1]},
								"up": {"uv": [0, 105], "uv_size": [1, 5]},
								"down": {"uv": [14, 110], "uv_size": [1, -5]}
							}
						},
						{
							"origin": [-2.45, 23.3, 10],
							"size": [0.6, 1.4, 4.9],
							"pivot": [-0.15, 23, 4.2],
							"rotation": [0, 0, -17],
							"uv": {
								"north": {"uv": [119, 5], "uv_size": [1, 1]},
								"east": {"uv": [105, 85], "uv_size": [5, 1]},
								"south": {"uv": [6, 119], "uv_size": [1, 1]},
								"west": {"uv": [105, 86], "uv_size": [5, 1]},
								"up": {"uv": [30, 105], "uv_size": [1, 5]},
								"down": {"uv": [57, 110], "uv_size": [1, -5]}
							}
						},
						{
							"origin": [-2.45, 20, 10.1],
							"size": [0.8, 3, 2.8],
							"uv": {
								"north": {"uv": [111, 41], "uv_size": [1, 3]},
								"east": {"uv": [88, 77], "uv_size": [5, 3]},
								"south": {"uv": [42, 111], "uv_size": [1, 3]},
								"west": {"uv": [54, 90], "uv_size": [5, 3]},
								"up": {"uv": [62, 105], "uv_size": [1, 5]},
								"down": {"uv": [63, 110], "uv_size": [1, -5]}
							}
						}
					]
				},
				{
					"name": "bone23",
					"parent": "stock",
					"pivot": [1.55, 23, 6],
					"rotation": [0, -14, 0],
					"cubes": [
						{
							"origin": [1.65, 27, 9.7],
							"size": [0.8, 1.4, 2.8],
							"pivot": [4.15, 26.7, 6],
							"rotation": [0, 0, -32],
							"uv": {
								"north": {"uv": [119, 6], "uv_size": [1, 1]},
								"east": {"uv": [43, 111], "uv_size": [3, 1]},
								"south": {"uv": [7, 119], "uv_size": [1, 1]},
								"west": {"uv": [46, 111], "uv_size": [3, 1]},
								"up": {"uv": [111, 46], "uv_size": [1, 3]},
								"down": {"uv": [49, 114], "uv_size": [1, -3]}
							}
						},
						{
							"origin": [1.65, 27, 12.5],
							"size": [0.8, 0.9, 0.4],
							"pivot": [4.15, 26.7, 6],
							"rotation": [0, 0, -32],
							"uv": {
								"north": {"uv": [119, 7], "uv_size": [1, 1]},
								"east": {"uv": [8, 119], "uv_size": [1, 1]},
								"south": {"uv": [119, 8], "uv_size": [1, 1]},
								"west": {"uv": [9, 119], "uv_size": [1, 1]},
								"up": {"uv": [119, 9], "uv_size": [1, 1]},
								"down": {"uv": [10, 120], "uv_size": [1, -1]}
							}
						},
						{
							"origin": [1.85, 25.3, 9.6],
							"size": [1.1, 1.32, 5],
							"pivot": [4.65, 25, 6],
							"rotation": [0, 0, -17],
							"uv": {
								"north": {"uv": [119, 10], "uv_size": [1, 1]},
								"east": {"uv": [95, 105], "uv_size": [5, 1]},
								"south": {"uv": [11, 119], "uv_size": [1, 1]},
								"west": {"uv": [104, 105], "uv_size": [5, 1]},
								"up": {"uv": [67, 105], "uv_size": [1, 5]},
								"down": {"uv": [100, 110], "uv_size": [1, -5]}
							}
						},
						{
							"origin": [1.75, 23.9, 9.6],
							"size": [1.2, 0.9, 5],
							"uv": {
								"north": {"uv": [119, 11], "uv_size": [1, 1]},
								"east": {"uv": [106, 36], "uv_size": [5, 1]},
								"south": {"uv": [12, 119], "uv_size": [1, 1]},
								"west": {"uv": [106, 37], "uv_size": [5, 1]},
								"up": {"uv": [3, 106], "uv_size": [1, 5]},
								"down": {"uv": [4, 111], "uv_size": [1, -5]}
							}
						},
						{
							"origin": [1.75, 22.1, 9.6],
							"size": [0.6, 1.4, 5],
							"pivot": [4.05, 21.8, 3.8],
							"rotation": [0, 0, 17],
							"uv": {
								"north": {"uv": [119, 12], "uv_size": [1, 1]},
								"east": {"uv": [106, 38], "uv_size": [5, 1]},
								"south": {"uv": [13, 119], "uv_size": [1, 1]},
								"west": {"uv": [106, 39], "uv_size": [5, 1]},
								"up": {"uv": [5, 106], "uv_size": [1, 5]},
								"down": {"uv": [15, 111], "uv_size": [1, -5]}
							}
						},
						{
							"origin": [1.75, 20, 9.7],
							"size": [0.8, 3, 2.7],
							"uv": {
								"north": {"uv": [50, 111], "uv_size": [1, 3]},
								"east": {"uv": [20, 34], "uv_size": [7, 3]},
								"south": {"uv": [51, 111], "uv_size": [1, 3]},
								"west": {"uv": [49, 34], "uv_size": [7, 3]},
								"up": {"uv": [50, 101], "uv_size": [1, 7]},
								"down": {"uv": [51, 108], "uv_size": [1, -7]}
							}
						}
					]
				},
				{
					"name": "bone24",
					"parent": "stock",
					"pivot": [-2.45, 13.6, 37.1],
					"rotation": [-21, 0, 0],
					"cubes": [
						{
							"origin": [-0.35, 17.1, 6.3],
							"size": [0.7, 0.4, 7.9],
							"uv": {
								"north": {"uv": [119, 13], "uv_size": [1, 1]},
								"east": {"uv": [101, 21], "uv_size": [8, 1]},
								"south": {"uv": [14, 119], "uv_size": [1, 1]},
								"west": {"uv": [101, 22], "uv_size": [8, 1]},
								"up": {"uv": [25, 101], "uv_size": [1, 8]},
								"down": {"uv": [26, 109], "uv_size": [1, -8]}
							}
						},
						{
							"origin": [-0.85, 16.4, 8.3],
							"size": [1.7, 1.04, 5.5],
							"uv": {
								"north": {"uv": [56, 114], "uv_size": [2, 1]},
								"east": {"uv": [106, 40], "uv_size": [5, 1]},
								"south": {"uv": [58, 114], "uv_size": [2, 1]},
								"west": {"uv": [106, 41], "uv_size": [5, 1]},
								"up": {"uv": [95, 85], "uv_size": [2, 5]},
								"down": {"uv": [95, 95], "uv_size": [2, -5]}
							}
						},
						{
							"origin": [2.2, 19.2, 6.4],
							"size": [0.9, 0.7, 1.9],
							"pivot": [3.75, 15.4, 37.1],
							"rotation": [0, 0, -55],
							"uv": {
								"north": {"uv": [119, 14], "uv_size": [1, 1]},
								"east": {"uv": [114, 58], "uv_size": [2, 1]},
								"south": {"uv": [15, 119], "uv_size": [1, 1]},
								"west": {"uv": [60, 114], "uv_size": [2, 1]},
								"up": {"uv": [114, 60], "uv_size": [1, 2]},
								"down": {"uv": [62, 116], "uv_size": [1, -2]}
							}
						},
						{
							"origin": [-4, 17.4, 6.4],
							"size": [0.87, 0.7, 1.9],
							"pivot": [-2.45, 13.6, 37.1],
							"rotation": [0, 0, 55],
							"uv": {
								"north": {"uv": [119, 15], "uv_size": [1, 1]},
								"east": {"uv": [114, 62], "uv_size": [2, 1]},
								"south": {"uv": [16, 119], "uv_size": [1, 1]},
								"west": {"uv": [64, 114], "uv_size": [2, 1]},
								"up": {"uv": [66, 114], "uv_size": [1, 2]},
								"down": {"uv": [114, 69], "uv_size": [1, -2]}
							}
						}
					]
				},
				{
					"name": "_ca_stock",
					"parent": "main",
					"pivot": [-0.2, 21.35, 2.675],
					"cubes": [
						{"origin": [-0.45, 24.45, 9.775], "size": [1, 1, 1], "uv": [52, 179]}
					]
				}
			]
		}
	]
}