{
	"format_version": "1.12.0",
	"minecraft:geometry": [
		{
			"description": {
				"identifier": "geometry.unknown",
				"texture_width": 128,
				"texture_height": 128,
				"visible_bounds_width": 9,
				"visible_bounds_height": 4,
				"visible_bounds_offset": [0, 1, 0]
			},
			"bones": [
				{
					"name": "main",
					"pivot": [0, 20, 0]
				},
				{
					"name": "gun",
					"parent": "main",
					"pivot": [1, 11, -1]
				},
				{
					"name": "barrel",
					"parent": "gun",
					"pivot": [0, 24.3, -117.05],
					"cubes": [
						{
							"origin": [-1, 23.3, -46.95],
							"size": [2, 2, 29.4],
							"inflate": -0.3,
							"pivot": [0, 24.3, -67.05],
							"rotation": [0, 0, -20],
							"uv": {
								"north": {"uv": [80, 64], "uv_size": [8, 2]},
								"east": {"uv": [80, 64], "uv_size": [8, 2]},
								"south": {"uv": [80, 64], "uv_size": [8, 2]},
								"west": {"uv": [80, 64], "uv_size": [8, 2]},
								"up": {"uv": [88, 66], "uv_size": [-8, -2]},
								"down": {"uv": [88, 66], "uv_size": [-8, -2]}
							}
						},
						{
							"origin": [-0.9, 23.4, -53.35],
							"size": [1.8, 1.8, 3.4],
							"inflate": -0.3,
							"pivot": [0, 24.3, -99.45],
							"rotation": [0, 0, -20],
							"uv": {
								"north": {"uv": [80, 64], "uv_size": [8, 2]},
								"east": {"uv": [80, 64], "uv_size": [8, 2]},
								"south": {"uv": [80, 64], "uv_size": [8, 2]},
								"west": {"uv": [80, 64], "uv_size": [8, 2]},
								"up": {"uv": [88, 66], "uv_size": [-8, -2]},
								"down": {"uv": [88, 66], "uv_size": [-8, -2]}
							}
						},
						{
							"origin": [-1, 23.3, -50.55],
							"size": [2, 2, 4.2],
							"inflate": -0.3,
							"pivot": [0, 24.3, -95.85],
							"rotation": [0, 0, -20],
							"uv": {
								"north": {"uv": [80, 64], "uv_size": [8, 2]},
								"east": {"uv": [80, 64], "uv_size": [8, 2]},
								"south": {"uv": [80, 64], "uv_size": [8, 2]},
								"west": {"uv": [80, 64], "uv_size": [8, 2]},
								"up": {"uv": [88, 66], "uv_size": [-8, -2]},
								"down": {"uv": [88, 66], "uv_size": [-8, -2]}
							}
						},
						{
							"origin": [-0.8, 23.5, -56.15],
							"size": [1.6, 1.6, 3.4],
							"inflate": -0.3,
							"pivot": [0, 24.3, -102.25],
							"rotation": [0, 0, -20],
							"uv": {
								"north": {"uv": [80, 64], "uv_size": [8, 2]},
								"east": {"uv": [80, 64], "uv_size": [8, 2]},
								"south": {"uv": [80, 64], "uv_size": [8, 2]},
								"west": {"uv": [80, 64], "uv_size": [8, 2]},
								"up": {"uv": [88, 66], "uv_size": [-8, -2]},
								"down": {"uv": [88, 66], "uv_size": [-8, -2]}
							}
						},
						{
							"origin": [-1, 23.3, -69.35],
							"size": [2, 2, 13.8],
							"inflate": -0.3,
							"pivot": [0, 24.3, -114.75],
							"rotation": [0, 0, -20],
							"uv": {
								"north": {"uv": [80, 64], "uv_size": [8, 2]},
								"east": {"uv": [80, 64], "uv_size": [8, 2]},
								"south": {"uv": [80, 64], "uv_size": [8, 2]},
								"west": {"uv": [80, 64], "uv_size": [8, 2]},
								"up": {"uv": [88, 66], "uv_size": [-8, -2]},
								"down": {"uv": [88, 66], "uv_size": [-8, -2]}
							}
						}
					]
				},
				{
					"name": "muzzledef",
					"parent": "barrel",
					"pivot": [0, 24.3, -117.05],
					"cubes": [
						{
							"origin": [-1.2, 23.1, -69.75],
							"size": [2.4, 2.4, 1],
							"inflate": -0.3,
							"pivot": [0, 24.3, -118.25],
							"rotation": [0, 0, -20],
							"uv": {
								"north": {"uv": [96, 55], "uv_size": [3, 2]},
								"east": {"uv": [96, 55], "uv_size": [3, 2]},
								"south": {"uv": [96, 55], "uv_size": [3, 2]},
								"west": {"uv": [96, 55], "uv_size": [3, 2]},
								"up": {"uv": [99, 57], "uv_size": [-3, -2]},
								"down": {"uv": [99, 57], "uv_size": [-3, -2]}
							}
						},
						{
							"origin": [-1.1, 23.2, -72.05],
							"size": [2.2, 2.2, 2.9],
							"inflate": -0.3,
							"pivot": [0, 24.3, -118.65],
							"rotation": [0, 0, -20],
							"uv": {
								"north": {"uv": [96, 55], "uv_size": [3, 2]},
								"east": {"uv": [96, 55], "uv_size": [3, 2]},
								"south": {"uv": [96, 55], "uv_size": [3, 2]},
								"west": {"uv": [96, 55], "uv_size": [3, 2]},
								"up": {"uv": [99, 57], "uv_size": [-3, -2]},
								"down": {"uv": [99, 57], "uv_size": [-3, -2]}
							}
						},
						{
							"origin": [-1.2, 23.1, -71.05],
							"size": [2.4, 2.4, 1],
							"inflate": -0.3,
							"pivot": [0, 24.3, -119.55],
							"rotation": [0, 0, -20],
							"uv": {
								"north": {"uv": [96, 55], "uv_size": [3, 2]},
								"east": {"uv": [96, 55], "uv_size": [3, 2]},
								"south": {"uv": [96, 55], "uv_size": [3, 2]},
								"west": {"uv": [96, 55], "uv_size": [3, 2]},
								"up": {"uv": [99, 57], "uv_size": [-3, -2]},
								"down": {"uv": [99, 57], "uv_size": [-3, -2]}
							}
						},
						{
							"origin": [-1.2, 23.1, -71.75],
							"size": [2.4, 2.4, 1],
							"inflate": -0.3,
							"pivot": [0, 24.3, -120.25],
							"rotation": [0, 0, -20],
							"uv": {
								"north": {"uv": [96, 55], "uv_size": [3, 2]},
								"east": {"uv": [96, 55], "uv_size": [3, 2]},
								"south": {"uv": [96, 55], "uv_size": [3, 2]},
								"west": {"uv": [96, 55], "uv_size": [3, 2]},
								"up": {"uv": [99, 57], "uv_size": [-3, -2]},
								"down": {"uv": [99, 57], "uv_size": [-3, -2]}
							}
						},
						{
							"origin": [0.2, 23.2, -74.35],
							"size": [0.9, 1.1, 2.9],
							"inflate": -0.3,
							"pivot": [0, 24.3, -120.95],
							"rotation": [0, 0, -20],
							"uv": {
								"north": {"uv": [96, 55], "uv_size": [3, 2]},
								"east": {"uv": [96, 55], "uv_size": [3, 2]},
								"south": {"uv": [96, 55], "uv_size": [3, 2]},
								"west": {"uv": [96, 55], "uv_size": [3, 2]},
								"up": {"uv": [99, 57], "uv_size": [-3, -2]},
								"down": {"uv": [99, 57], "uv_size": [-3, -2]}
							}
						},
						{
							"origin": [0.2, 24.3, -74.35],
							"size": [0.9, 1.1, 2.9],
							"inflate": -0.3,
							"pivot": [0, 24.3, -120.95],
							"rotation": [0, 0, -20],
							"uv": {
								"north": {"uv": [96, 55], "uv_size": [3, 2]},
								"east": {"uv": [96, 55], "uv_size": [3, 2]},
								"south": {"uv": [96, 55], "uv_size": [3, 2]},
								"west": {"uv": [96, 55], "uv_size": [3, 2]},
								"up": {"uv": [99, 57], "uv_size": [-3, -2]},
								"down": {"uv": [99, 57], "uv_size": [-3, -2]}
							}
						},
						{
							"origin": [-1.1, 24.3, -74.35],
							"size": [0.9, 1.1, 2.9],
							"inflate": -0.3,
							"pivot": [0, 24.3, -120.95],
							"rotation": [0, 0, -20],
							"uv": {
								"north": {"uv": [96, 55], "uv_size": [3, 2]},
								"east": {"uv": [96, 55], "uv_size": [3, 2]},
								"south": {"uv": [96, 55], "uv_size": [3, 2]},
								"west": {"uv": [96, 55], "uv_size": [3, 2]},
								"up": {"uv": [99, 57], "uv_size": [-3, -2]},
								"down": {"uv": [99, 57], "uv_size": [-3, -2]}
							}
						},
						{
							"origin": [-1.1, 23.2, -74.35],
							"size": [0.9, 1.1, 2.9],
							"inflate": -0.3,
							"pivot": [0, 24.3, -120.95],
							"rotation": [0, 0, -20],
							"uv": {
								"north": {"uv": [96, 55], "uv_size": [3, 2]},
								"east": {"uv": [96, 55], "uv_size": [3, 2]},
								"south": {"uv": [96, 55], "uv_size": [3, 2]},
								"west": {"uv": [96, 55], "uv_size": [3, 2]},
								"up": {"uv": [99, 57], "uv_size": [-3, -2]},
								"down": {"uv": [99, 57], "uv_size": [-3, -2]}
							}
						},
						{
							"origin": [0, 24.5, -74.35],
							"size": [0.8, 0.9, 2.9],
							"inflate": -0.3,
							"pivot": [0, 24.3, -120.95],
							"rotation": [0, 0, -20],
							"uv": {
								"north": {"uv": [96, 55], "uv_size": [3, 2]},
								"east": {"uv": [96, 55], "uv_size": [3, 2]},
								"south": {"uv": [96, 55], "uv_size": [3, 2]},
								"west": {"uv": [96, 55], "uv_size": [3, 2]},
								"up": {"uv": [99, 57], "uv_size": [-3, -2]},
								"down": {"uv": [99, 57], "uv_size": [-3, -2]}
							}
						},
						{
							"origin": [-0.8, 24.5, -74.35],
							"size": [0.8, 0.9, 2.9],
							"inflate": -0.3,
							"pivot": [0, 24.3, -120.95],
							"rotation": [0, 0, -20],
							"uv": {
								"north": {"uv": [96, 55], "uv_size": [3, 2]},
								"east": {"uv": [96, 55], "uv_size": [3, 2]},
								"south": {"uv": [96, 55], "uv_size": [3, 2]},
								"west": {"uv": [96, 55], "uv_size": [3, 2]},
								"up": {"uv": [99, 57], "uv_size": [-3, -2]},
								"down": {"uv": [99, 57], "uv_size": [-3, -2]}
							}
						},
						{
							"origin": [-0.8, 23.2, -74.35],
							"size": [0.8, 0.9, 2.9],
							"inflate": -0.3,
							"pivot": [0, 24.3, -120.95],
							"rotation": [0, 0, -20],
							"uv": {
								"north": {"uv": [96, 55], "uv_size": [3, 2]},
								"east": {"uv": [96, 55], "uv_size": [3, 2]},
								"south": {"uv": [96, 55], "uv_size": [3, 2]},
								"west": {"uv": [96, 55], "uv_size": [3, 2]},
								"up": {"uv": [99, 57], "uv_size": [-3, -2]},
								"down": {"uv": [99, 57], "uv_size": [-3, -2]}
							}
						},
						{
							"origin": [0, 23.2, -74.35],
							"size": [0.8, 0.9, 2.9],
							"inflate": -0.3,
							"pivot": [0, 24.3, -120.95],
							"rotation": [0, 0, -20],
							"uv": {
								"north": {"uv": [96, 55], "uv_size": [3, 2]},
								"east": {"uv": [96, 55], "uv_size": [3, 2]},
								"south": {"uv": [96, 55], "uv_size": [3, 2]},
								"west": {"uv": [96, 55], "uv_size": [3, 2]},
								"up": {"uv": [99, 57], "uv_size": [-3, -2]},
								"down": {"uv": [99, 57], "uv_size": [-3, -2]}
							}
						},
						{
							"origin": [0, 23.1, -74.65],
							"size": [1.2, 2.4, 1],
							"inflate": -0.3,
							"pivot": [0, 24.3, -123.15],
							"rotation": [0, 0, -20],
							"uv": {
								"north": {"uv": [96, 55], "uv_size": [3, 2]},
								"east": {"uv": [96, 55], "uv_size": [3, 2]},
								"south": {"uv": [96, 55], "uv_size": [3, 2]},
								"west": {"uv": [96, 55], "uv_size": [3, 2]},
								"up": {"uv": [99, 57], "uv_size": [-3, -2]},
								"down": {"uv": [99, 57], "uv_size": [-3, -2]}
							}
						},
						{
							"origin": [-1.2, 23.1, -74.65],
							"size": [1.2, 2.4, 1],
							"inflate": -0.3,
							"pivot": [0, 24.3, -123.15],
							"rotation": [0, 0, -20],
							"uv": {
								"north": {"uv": [96, 55], "uv_size": [3, 2]},
								"east": {"uv": [96, 55], "uv_size": [3, 2]},
								"south": {"uv": [96, 55], "uv_size": [3, 2]},
								"west": {"uv": [96, 55], "uv_size": [3, 2]},
								"up": {"uv": [99, 57], "uv_size": [-3, -2]},
								"down": {"uv": [99, 57], "uv_size": [-3, -2]}
							}
						},
						{
							"origin": [-0.6, 23.1, -74.65],
							"size": [1.2, 1.2, 1],
							"inflate": -0.3,
							"pivot": [0, 24.3, -123.15],
							"rotation": [0, 0, -20],
							"uv": {
								"north": {"uv": [96, 55], "uv_size": [3, 2]},
								"east": {"uv": [96, 55], "uv_size": [3, 2]},
								"south": {"uv": [96, 55], "uv_size": [3, 2]},
								"west": {"uv": [96, 55], "uv_size": [3, 2]},
								"up": {"uv": [99, 57], "uv_size": [-3, -2]},
								"down": {"uv": [99, 57], "uv_size": [-3, -2]}
							}
						},
						{
							"origin": [-0.6, 24.3, -74.65],
							"size": [1.2, 1.2, 1],
							"inflate": -0.3,
							"pivot": [0, 24.3, -123.15],
							"rotation": [0, 0, -20],
							"uv": {
								"north": {"uv": [96, 55], "uv_size": [3, 2]},
								"east": {"uv": [96, 55], "uv_size": [3, 2]},
								"south": {"uv": [96, 55], "uv_size": [3, 2]},
								"west": {"uv": [96, 55], "uv_size": [3, 2]},
								"up": {"uv": [99, 57], "uv_size": [-3, -2]},
								"down": {"uv": [99, 57], "uv_size": [-3, -2]}
							}
						}
					]
				},
				{
					"name": "muzzleflash",
					"parent": "main",
					"pivot": [0, 24.35, -68.25],
					"cubes": [
						{
							"origin": [-0.5, 23.85, -74.95],
							"size": [1, 1, 1],
							"inflate": -0.4,
							"uv": {
								"north": {"uv": [101, 88.5], "uv_size": [0.5, 0.5]},
								"east": {"uv": [101, 88.5], "uv_size": [0.5, 0.5]},
								"south": {"uv": [101, 88.5], "uv_size": [0.5, 0.5]},
								"west": {"uv": [101, 88.5], "uv_size": [0.5, 0.5]},
								"up": {"uv": [101.5, 89], "uv_size": [-0.5, -0.5]},
								"down": {"uv": [101.5, 89], "uv_size": [-0.5, -0.5]}
							}
						}
					]
				},
				{
					"name": "_cb_suppressor",
					"parent": "main",
					"pivot": [0.1, 24.35, -80.725],
					"cubes": [
						{
							"origin": [-0.5, 23.75, -69.325],
							"size": [1, 1, 1],
							"uv": {
								"north": {"uv": [97, 92], "uv_size": [0.5, 0.5]},
								"east": {"uv": [97, 92], "uv_size": [0.5, 0.5]},
								"south": {"uv": [97, 92], "uv_size": [0.5, 0.5]},
								"west": {"uv": [97, 92], "uv_size": [0.5, 0.5]},
								"up": {"uv": [97.5, 92.5], "uv_size": [-0.5, -0.5]},
								"down": {"uv": [97.5, 92.5], "uv_size": [-0.5, -0.5]}
							}
						}
					]
				},
				{
					"name": "_ca_barrel",
					"parent": "main",
					"pivot": [-0.3, 21.05, -26.025],
					"cubes": [
						{
							"origin": [-0.5, 23.75, -19.025],
							"size": [1, 1, 1],
							"uv": {
								"north": {"uv": [16.5, 92], "uv_size": [0.5, 0.5]},
								"east": {"uv": [16.5, 92], "uv_size": [0.5, 0.5]},
								"south": {"uv": [16.5, 92], "uv_size": [0.5, 0.5]},
								"west": {"uv": [16.5, 92], "uv_size": [0.5, 0.5]},
								"up": {"uv": [17, 92.5], "uv_size": [-0.5, -0.5]},
								"down": {"uv": [17, 92.5], "uv_size": [-0.5, -0.5]}
							}
						}
					]
				}
			]
		}
	]
}