{
	"format_version": "1.12.0",
	"minecraft:geometry": [
		{
			"description": {
				"identifier": "geometry.unknown",
				"texture_width": 128,
				"texture_height": 128,
				"visible_bounds_width": 8,
				"visible_bounds_height": 4,
				"visible_bounds_offset": [0, 1, 0]
			},
			"bones": [
				{
					"name": "main",
					"pivot": [0, 20, 0]
				},
				{
					"name": "gun",
					"parent": "main",
					"pivot": [1, 11, -1]
				},
				{
					"name": "stock",
					"parent": "gun",
					"pivot": [1, 11, -1],
					"cubes": [
						{
							"origin": [0, 24.5, 12.15],
							"size": [2, 2, 21],
							"pivot": [0, 26.5, 12.15],
							"rotation": [0, 0, 22],
							"uv": {
								"north": {"uv": [57, 34], "uv_size": [2, 2]},
								"east": {"uv": [34, 22], "uv_size": [21, 2]},
								"south": {"uv": [59, 38], "uv_size": [2, 2]},
								"west": {"uv": [36, 30], "uv_size": [21, 2]},
								"up": {"uv": [28, 36], "uv_size": [2, 21]},
								"down": {"uv": [30, 57], "uv_size": [2, -21]}
							}
						},
						{
							"origin": [1.85, 23.75, 12.15],
							"size": [2, 2, 21],
							"inflate": 0.001,
							"pivot": [1.85, 25.75, 12.15],
							"rotation": [0, 0, 85],
							"uv": {
								"north": {"uv": [98, 83], "uv_size": [2, 2]},
								"east": {"uv": [38, 36], "uv_size": [21, 2]},
								"south": {"uv": [98, 85], "uv_size": [2, 2]},
								"west": {"uv": [38, 38], "uv_size": [21, 2]},
								"up": {"uv": [40, 0], "uv_size": [2, 21]},
								"down": {"uv": [38, 61], "uv_size": [2, -21]}
							}
						},
						{
							"origin": [2.02, 21.75, 12.15],
							"size": [1, 2, 21],
							"pivot": [2.02, 23.75, 12.15],
							"rotation": [0, 0, 94],
							"uv": {
								"north": {"uv": [107, 78], "uv_size": [1, 2]},
								"east": {"uv": [44, 2], "uv_size": [21, 2]},
								"south": {"uv": [79, 107], "uv_size": [1, 2]},
								"west": {"uv": [44, 4], "uv_size": [21, 2]},
								"up": {"uv": [23, 68], "uv_size": [1, 21]},
								"down": {"uv": [24, 89], "uv_size": [1, -21]}
							}
						},
						{
							"origin": [-1.98, 11.95, 33.15],
							"size": [3.9, 11.1, 0.9],
							"uv": {
								"north": {"uv": [34, 0], "uv_size": [4, 11]},
								"east": {"uv": [6, 85], "uv_size": [1, 11]},
								"south": {"uv": [34, 11], "uv_size": [4, 11]},
								"west": {"uv": [9, 86], "uv_size": [1, 11]},
								"up": {"uv": [102, 14], "uv_size": [4, 1]},
								"down": {"uv": [102, 20], "uv_size": [4, -1]}
							}
						},
						{
							"origin": [-1.28, 20.35, 14.95],
							"size": [2.5, 2.7, 14.4],
							"uv": {
								"north": {"uv": [90, 3], "uv_size": [3, 3]},
								"east": {"uv": [44, 14], "uv_size": [14, 3]},
								"south": {"uv": [10, 90], "uv_size": [3, 3]},
								"west": {"uv": [44, 17], "uv_size": [14, 3]},
								"up": {"uv": [50, 44], "uv_size": [3, 14]},
								"down": {"uv": [53, 58], "uv_size": [3, -14]}
							}
						},
						{
							"origin": [-1.28, 20.35, 33.05],
							"size": [2.5, 2.7, 0.1],
							"uv": {
								"north": {"uv": [90, 41], "uv_size": [3, 3]},
								"east": {"uv": [27, 106], "uv_size": [1, 3]},
								"south": {"uv": [90, 44], "uv_size": [3, 3]},
								"west": {"uv": [106, 28], "uv_size": [1, 3]},
								"up": {"uv": [30, 106], "uv_size": [3, 1]},
								"down": {"uv": [106, 32], "uv_size": [3, -1]}
							}
						},
						{
							"origin": [-1.28, 21.95, 29.35],
							"size": [2.5, 1.1, 3.7],
							"uv": {
								"north": {"uv": [106, 32], "uv_size": [3, 1]},
								"east": {"uv": [102, 54], "uv_size": [4, 1]},
								"south": {"uv": [33, 106], "uv_size": [3, 1]},
								"west": {"uv": [102, 70], "uv_size": [4, 1]},
								"up": {"uv": [81, 86], "uv_size": [3, 4]},
								"down": {"uv": [36, 91], "uv_size": [3, -4]}
							}
						},
						{
							"origin": [-1.28, 20.05, 29.35],
							"size": [2.5, 1.1, 3.7],
							"uv": {
								"north": {"uv": [106, 33], "uv_size": [3, 1]},
								"east": {"uv": [102, 89], "uv_size": [4, 1]},
								"south": {"uv": [106, 34], "uv_size": [3, 1]},
								"west": {"uv": [102, 101], "uv_size": [4, 1]},
								"up": {"uv": [87, 60], "uv_size": [3, 4]},
								"down": {"uv": [87, 77], "uv_size": [3, -4]}
							}
						},
						{
							"origin": [-1.28, 20.95, 32.85],
							"size": [2.5, 0.4, 0.4],
							"pivot": [1.42, 21.15, 33.05],
							"rotation": [-45, 0, 0],
							"uv": {
								"north": {"uv": [106, 35], "uv_size": [3, 1]},
								"east": {"uv": [94, 124], "uv_size": [1, 1]},
								"south": {"uv": [106, 36], "uv_size": [3, 1]},
								"west": {"uv": [124, 94], "uv_size": [1, 1]},
								"up": {"uv": [37, 106], "uv_size": [3, 1]},
								"down": {"uv": [106, 39], "uv_size": [3, -1]}
							}
						},
						{
							"origin": [-1.28, 21.75, 32.85],
							"size": [2.5, 0.4, 0.4],
							"pivot": [1.42, 21.95, 33.05],
							"rotation": [-45, 0, 0],
							"uv": {
								"north": {"uv": [106, 39], "uv_size": [3, 1]},
								"east": {"uv": [95, 124], "uv_size": [1, 1]},
								"south": {"uv": [106, 40], "uv_size": [3, 1]},
								"west": {"uv": [124, 95], "uv_size": [1, 1]},
								"up": {"uv": [41, 106], "uv_size": [3, 1]},
								"down": {"uv": [106, 43], "uv_size": [3, -1]}
							}
						},
						{
							"origin": [-1.28, 21.75, 29.05],
							"size": [2.5, 0.4, 0.4],
							"pivot": [1.42, 21.95, 29.25],
							"rotation": [-45, 0, 0],
							"uv": {
								"north": {"uv": [106, 47], "uv_size": [3, 1]},
								"east": {"uv": [97, 124], "uv_size": [1, 1]},
								"south": {"uv": [50, 106], "uv_size": [3, 1]},
								"west": {"uv": [124, 97], "uv_size": [1, 1]},
								"up": {"uv": [106, 50], "uv_size": [3, 1]},
								"down": {"uv": [106, 52], "uv_size": [3, -1]}
							}
						},
						{
							"origin": [-1.28, 20.95, 29.05],
							"size": [2.5, 0.4, 0.4],
							"pivot": [1.42, 21.15, 29.25],
							"rotation": [-45, 0, 0],
							"uv": {
								"north": {"uv": [106, 43], "uv_size": [3, 1]},
								"east": {"uv": [96, 124], "uv_size": [1, 1]},
								"south": {"uv": [106, 44], "uv_size": [3, 1]},
								"west": {"uv": [124, 96], "uv_size": [1, 1]},
								"up": {"uv": [45, 106], "uv_size": [3, 1]},
								"down": {"uv": [106, 47], "uv_size": [3, -1]}
							}
						},
						{
							"origin": [-1.58, 19.15, 14.95],
							"size": [3.1, 0.3, 5.7],
							"uv": {
								"north": {"uv": [106, 10], "uv_size": [3, 1]},
								"east": {"uv": [94, 76], "uv_size": [6, 1]},
								"south": {"uv": [106, 11], "uv_size": [3, 1]},
								"west": {"uv": [96, 10], "uv_size": [6, 1]},
								"up": {"uv": [48, 77], "uv_size": [3, 6]},
								"down": {"uv": [77, 66], "uv_size": [3, -6]}
							}
						},
						{
							"origin": [1.52, 19.15, 14.95],
							"size": [0.2, 2.1, 5.7],
							"uv": {
								"north": {"uv": [65, 110], "uv_size": [1, 2]},
								"east": {"uv": [84, 22], "uv_size": [6, 2]},
								"south": {"uv": [110, 86], "uv_size": [1, 2]},
								"west": {"uv": [84, 47], "uv_size": [6, 2]},
								"up": {"uv": [72, 94], "uv_size": [1, 6]},
								"down": {"uv": [76, 100], "uv_size": [1, -6]}
							}
						},
						{
							"origin": [-1.78, 19.15, 14.95],
							"size": [0.2, 2.1, 5.7],
							"uv": {
								"north": {"uv": [110, 88], "uv_size": [1, 2]},
								"east": {"uv": [87, 26], "uv_size": [6, 2]},
								"south": {"uv": [110, 90], "uv_size": [1, 2]},
								"west": {"uv": [87, 28], "uv_size": [6, 2]},
								"up": {"uv": [27, 95], "uv_size": [1, 6]},
								"down": {"uv": [34, 101], "uv_size": [1, -6]}
							}
						},
						{
							"origin": [-1.48, 20.35, 17.15],
							"size": [2.9, 2.6, 1.5],
							"uv": {
								"north": {"uv": [32, 90], "uv_size": [3, 3]},
								"east": {"uv": [91, 95], "uv_size": [2, 3]},
								"south": {"uv": [90, 38], "uv_size": [3, 3]},
								"west": {"uv": [93, 95], "uv_size": [2, 3]},
								"up": {"uv": [94, 62], "uv_size": [3, 2]},
								"down": {"uv": [95, 95], "uv_size": [3, -2]}
							}
						},
						{
							"origin": [-1.68, 21.55, 17.15],
							"size": [3.3, 1.4, 1.5],
							"uv": {
								"north": {"uv": [106, 2], "uv_size": [3, 1]},
								"east": {"uv": [110, 84], "uv_size": [2, 1]},
								"south": {"uv": [106, 9], "uv_size": [3, 1]},
								"west": {"uv": [110, 85], "uv_size": [2, 1]},
								"up": {"uv": [95, 95], "uv_size": [3, 2]},
								"down": {"uv": [4, 98], "uv_size": [3, -2]}
							}
						},
						{
							"origin": [-1.28, 16.85, 28.75],
							"size": [2.5, 3.5, 4.4],
							"uv": {
								"north": {"uv": [73, 85], "uv_size": [3, 4]},
								"east": {"uv": [58, 80], "uv_size": [4, 4]},
								"south": {"uv": [86, 10], "uv_size": [3, 4]},
								"west": {"uv": [80, 60], "uv_size": [4, 4]},
								"up": {"uv": [27, 86], "uv_size": [3, 4]},
								"down": {"uv": [69, 90], "uv_size": [3, -4]}
							}
						},
						{
							"origin": [-0.98, 12.25, 32.95],
							"size": [1.9, 4.6, 0.2],
							"uv": {
								"north": {"uv": [46, 89], "uv_size": [2, 5]},
								"east": {"uv": [53, 98], "uv_size": [1, 5]},
								"south": {"uv": [56, 89], "uv_size": [2, 5]},
								"west": {"uv": [58, 98], "uv_size": [1, 5]},
								"up": {"uv": [110, 62], "uv_size": [2, 1]},
								"down": {"uv": [110, 64], "uv_size": [2, -1]}
							}
						},
						{
							"origin": [-0.98, 12.65, 32.55],
							"size": [1.9, 0.2, 0.4],
							"uv": {
								"north": {"uv": [110, 77], "uv_size": [2, 1]},
								"east": {"uv": [82, 124], "uv_size": [1, 1]},
								"south": {"uv": [110, 78], "uv_size": [2, 1]},
								"west": {"uv": [124, 82], "uv_size": [1, 1]},
								"up": {"uv": [110, 79], "uv_size": [2, 1]},
								"down": {"uv": [80, 111], "uv_size": [2, -1]}
							}
						},
						{
							"origin": [-0.98, 12.45, 32.75],
							"size": [1.9, 0.2, 0.2],
							"uv": {
								"north": {"uv": [110, 80], "uv_size": [2, 1]},
								"east": {"uv": [83, 124], "uv_size": [1, 1]},
								"south": {"uv": [110, 81], "uv_size": [2, 1]},
								"west": {"uv": [124, 83], "uv_size": [1, 1]},
								"up": {"uv": [110, 82], "uv_size": [2, 1]},
								"down": {"uv": [110, 84], "uv_size": [2, -1]}
							}
						},
						{
							"origin": [-0.98, 12.85, 32.45],
							"size": [1.9, 0.6, 0.5],
							"uv": {
								"north": {"uv": [110, 74], "uv_size": [2, 1]},
								"east": {"uv": [81, 124], "uv_size": [1, 1]},
								"south": {"uv": [110, 75], "uv_size": [2, 1]},
								"west": {"uv": [124, 81], "uv_size": [1, 1]},
								"up": {"uv": [110, 76], "uv_size": [2, 1]},
								"down": {"uv": [77, 111], "uv_size": [2, -1]}
							}
						},
						{
							"origin": [-0.98, 13.45, 31.85],
							"size": [1.9, 1.2, 1.1],
							"uv": {
								"north": {"uv": [110, 66], "uv_size": [2, 1]},
								"east": {"uv": [79, 124], "uv_size": [1, 1]},
								"south": {"uv": [110, 67], "uv_size": [2, 1]},
								"west": {"uv": [124, 79], "uv_size": [1, 1]},
								"up": {"uv": [110, 68], "uv_size": [2, 1]},
								"down": {"uv": [110, 70], "uv_size": [2, -1]}
							}
						},
						{
							"origin": [-0.98, 14.65, 30.75],
							"size": [1.9, 2.2, 2.2],
							"uv": {
								"north": {"uv": [103, 2], "uv_size": [2, 2]},
								"east": {"uv": [4, 103], "uv_size": [2, 2]},
								"south": {"uv": [103, 4], "uv_size": [2, 2]},
								"west": {"uv": [103, 6], "uv_size": [2, 2]},
								"up": {"uv": [9, 103], "uv_size": [2, 2]},
								"down": {"uv": [11, 105], "uv_size": [2, -2]}
							}
						},
						{
							"origin": [-1.28, 20.35, 21.05],
							"size": [2.5, 3.8, 8.4],
							"pivot": [1.02, 20.15, 21.05],
							"rotation": [-25, 0, 0],
							"uv": {
								"north": {"uv": [84, 80], "uv_size": [3, 4]},
								"east": {"uv": [58, 14], "uv_size": [8, 4]},
								"south": {"uv": [84, 84], "uv_size": [3, 4]},
								"west": {"uv": [61, 38], "uv_size": [8, 4]},
								"up": {"uv": [66, 8], "uv_size": [3, 8]},
								"down": {"uv": [67, 52], "uv_size": [3, -8]}
							}
						},
						{
							"origin": [-0.98, 16.75, 28.25],
							"size": [1.9, 0.2, 6.9],
							"pivot": [1.02, 16.65, 28.65],
							"rotation": [-47, 0, 0],
							"uv": {
								"north": {"uv": [110, 60], "uv_size": [2, 1]},
								"east": {"uv": [93, 32], "uv_size": [7, 1]},
								"south": {"uv": [110, 61], "uv_size": [2, 1]},
								"west": {"uv": [93, 33], "uv_size": [7, 1]},
								"up": {"uv": [48, 83], "uv_size": [2, 7]},
								"down": {"uv": [65, 90], "uv_size": [2, -7]}
							}
						},
						{
							"origin": [-0.98, 16.95, 33.25],
							"size": [1.9, 0.7, 0.7],
							"pivot": [1.02, 16.65, 28.65],
							"rotation": [-47, 0, 0],
							"uv": {
								"north": {"uv": [110, 70], "uv_size": [2, 1]},
								"east": {"uv": [80, 124], "uv_size": [1, 1]},
								"south": {"uv": [110, 71], "uv_size": [2, 1]},
								"west": {"uv": [124, 80], "uv_size": [1, 1]},
								"up": {"uv": [110, 72], "uv_size": [2, 1]},
								"down": {"uv": [110, 74], "uv_size": [2, -1]}
							}
						},
						{
							"origin": [-0.98, 16.95, 31.65],
							"size": [1.9, 1.5, 1.4],
							"pivot": [1.02, 16.65, 28.65],
							"rotation": [-47, 0, 0],
							"uv": {
								"north": {"uv": [103, 16], "uv_size": [2, 2]},
								"east": {"uv": [60, 110], "uv_size": [1, 2]},
								"south": {"uv": [25, 103], "uv_size": [2, 2]},
								"west": {"uv": [64, 110], "uv_size": [1, 2]},
								"up": {"uv": [110, 64], "uv_size": [2, 1]},
								"down": {"uv": [110, 66], "uv_size": [2, -1]}
							}
						},
						{
							"origin": [-0.98, 16.95, 28.25],
							"size": [1.9, 3.1, 3.2],
							"pivot": [1.02, 16.65, 28.65],
							"rotation": [-47, 0, 0],
							"uv": {
								"north": {"uv": [32, 95], "uv_size": [2, 3]},
								"east": {"uv": [90, 21], "uv_size": [3, 3]},
								"south": {"uv": [50, 95], "uv_size": [2, 3]},
								"west": {"uv": [25, 90], "uv_size": [3, 3]},
								"up": {"uv": [52, 95], "uv_size": [2, 3]},
								"down": {"uv": [89, 98], "uv_size": [2, -3]}
							}
						},
						{
							"origin": [-3.02, 21.75, 12.15],
							"size": [1, 2, 21],
							"pivot": [-2.02, 23.75, 12.15],
							"rotation": [0, 0, -94],
							"uv": {
								"north": {"uv": [68, 107], "uv_size": [1, 2]},
								"east": {"uv": [42, 42], "uv_size": [21, 2]},
								"south": {"uv": [107, 68], "uv_size": [1, 2]},
								"west": {"uv": [44, 0], "uv_size": [21, 2]},
								"up": {"uv": [21, 68], "uv_size": [1, 21]},
								"down": {"uv": [22, 89], "uv_size": [1, -21]}
							}
						},
						{
							"origin": [-3.02, 21.65, 33.15],
							"size": [1.02, 2.2, 0.9],
							"pivot": [-2.02, 23.75, 12.35],
							"rotation": [0, 0, -94],
							"uv": {
								"north": {"uv": [22, 110], "uv_size": [1, 2]},
								"east": {"uv": [110, 22], "uv_size": [1, 2]},
								"south": {"uv": [23, 110], "uv_size": [1, 2]},
								"west": {"uv": [24, 110], "uv_size": [1, 2]},
								"up": {"uv": [77, 124], "uv_size": [1, 1]},
								"down": {"uv": [124, 78], "uv_size": [1, -1]}
							}
						},
						{
							"origin": [-3.85, 23.75, 12.15],
							"size": [2, 2, 21],
							"inflate": 0.001,
							"pivot": [-1.85, 25.75, 12.15],
							"rotation": [0, 0, -85],
							"uv": {
								"north": {"uv": [89, 98], "uv_size": [2, 2]},
								"east": {"uv": [39, 24], "uv_size": [21, 2]},
								"south": {"uv": [91, 98], "uv_size": [2, 2]},
								"west": {"uv": [40, 40], "uv_size": [21, 2]},
								"up": {"uv": [42, 0], "uv_size": [2, 21]},
								"down": {"uv": [40, 63], "uv_size": [2, -21]}
							}
						},
						{
							"origin": [-3.85, 23.75, 33.15],
							"size": [2.05, 2.1, 0.9],
							"inflate": 0.001,
							"pivot": [-1.85, 25.75, 12.15],
							"rotation": [0, 0, -85],
							"uv": {
								"north": {"uv": [84, 102], "uv_size": [2, 2]},
								"east": {"uv": [25, 110], "uv_size": [1, 2]},
								"south": {"uv": [102, 85], "uv_size": [2, 2]},
								"west": {"uv": [110, 26], "uv_size": [1, 2]},
								"up": {"uv": [28, 110], "uv_size": [2, 1]},
								"down": {"uv": [30, 111], "uv_size": [2, -1]}
							}
						},
						{
							"origin": [-2, 24.5, 12.15],
							"size": [2, 2, 21],
							"inflate": -0.001,
							"pivot": [0, 26.5, 12.15],
							"rotation": [0, 0, -22],
							"uv": {
								"north": {"uv": [98, 81], "uv_size": [2, 2]},
								"east": {"uv": [36, 32], "uv_size": [21, 2]},
								"south": {"uv": [82, 98], "uv_size": [2, 2]},
								"west": {"uv": [36, 34], "uv_size": [21, 2]},
								"up": {"uv": [36, 36], "uv_size": [2, 21]},
								"down": {"uv": [38, 21], "uv_size": [2, -21]}
							}
						},
						{
							"origin": [0.1, 22, 12.15],
							"size": [2, 2, 21],
							"pivot": [0.1, 22, 12.15],
							"rotation": [0, 0, -22],
							"uv": {
								"north": {"uv": [102, 97], "uv_size": [2, 2]},
								"east": {"uv": [44, 10], "uv_size": [21, 2]},
								"south": {"uv": [99, 102], "uv_size": [2, 2]},
								"west": {"uv": [44, 12], "uv_size": [21, 2]},
								"up": {"uv": [46, 44], "uv_size": [2, 21]},
								"down": {"uv": [48, 65], "uv_size": [2, -21]}
							}
						},
						{
							"origin": [-2.1, 22, 12.15],
							"size": [2, 2, 21],
							"inflate": -0.001,
							"pivot": [-0.1, 22, 12.15],
							"rotation": [0, 0, 22],
							"uv": {
								"north": {"uv": [102, 95], "uv_size": [2, 2]},
								"east": {"uv": [44, 6], "uv_size": [21, 2]},
								"south": {"uv": [97, 102], "uv_size": [2, 2]},
								"west": {"uv": [44, 8], "uv_size": [21, 2]},
								"up": {"uv": [42, 44], "uv_size": [2, 21]},
								"down": {"uv": [44, 65], "uv_size": [2, -21]}
							}
						},
						{
							"origin": [-2.06, 24.5, 33.15],
							"size": [2.1, 2.1, 0.9],
							"inflate": -0.001,
							"pivot": [0, 26.5, 12.15],
							"rotation": [0, 0, -22],
							"uv": {
								"north": {"uv": [102, 87], "uv_size": [2, 2]},
								"east": {"uv": [110, 30], "uv_size": [1, 2]},
								"south": {"uv": [89, 102], "uv_size": [2, 2]},
								"west": {"uv": [32, 110], "uv_size": [1, 2]},
								"up": {"uv": [33, 110], "uv_size": [2, 1]},
								"down": {"uv": [110, 35], "uv_size": [2, -1]}
							}
						},
						{
							"origin": [2, 21.75, 33.15],
							"size": [1.02, 2.1, 0.9],
							"pivot": [2.02, 23.75, 12.35],
							"rotation": [0, 0, 94],
							"uv": {
								"north": {"uv": [40, 110], "uv_size": [1, 2]},
								"east": {"uv": [43, 110], "uv_size": [1, 2]},
								"south": {"uv": [44, 110], "uv_size": [1, 2]},
								"west": {"uv": [110, 47], "uv_size": [1, 2]},
								"up": {"uv": [78, 124], "uv_size": [1, 1]},
								"down": {"uv": [124, 79], "uv_size": [1, -1]}
							}
						},
						{
							"origin": [1.8, 23.65, 33.15],
							"size": [2.05, 2.2, 0.9],
							"inflate": 0.001,
							"pivot": [1.85, 25.75, 12.15],
							"rotation": [0, 0, 85],
							"uv": {
								"north": {"uv": [102, 93], "uv_size": [2, 2]},
								"east": {"uv": [110, 37], "uv_size": [1, 2]},
								"south": {"uv": [95, 102], "uv_size": [2, 2]},
								"west": {"uv": [39, 110], "uv_size": [1, 2]},
								"up": {"uv": [110, 39], "uv_size": [2, 1]},
								"down": {"uv": [110, 42], "uv_size": [2, -1]}
							}
						},
						{
							"origin": [-0.04, 24.5, 33.15],
							"size": [2.1, 2.1, 0.9],
							"inflate": -0.001,
							"pivot": [0, 26.5, 12.15],
							"rotation": [0, 0, 22],
							"uv": {
								"north": {"uv": [91, 102], "uv_size": [2, 2]},
								"east": {"uv": [35, 110], "uv_size": [1, 2]},
								"south": {"uv": [93, 102], "uv_size": [2, 2]},
								"west": {"uv": [36, 110], "uv_size": [1, 2]},
								"up": {"uv": [110, 35], "uv_size": [2, 1]},
								"down": {"uv": [37, 111], "uv_size": [2, -1]}
							}
						},
						{
							"origin": [-0.04, 21.9, 33.15],
							"size": [2.2, 2.1, 0.2],
							"inflate": -0.001,
							"pivot": [0, 22, 12.15],
							"rotation": [0, 0, -22],
							"uv": {
								"north": {"uv": [103, 0], "uv_size": [2, 2]},
								"east": {"uv": [110, 54], "uv_size": [1, 2]},
								"south": {"uv": [2, 103], "uv_size": [2, 2]},
								"west": {"uv": [110, 56], "uv_size": [1, 2]},
								"up": {"uv": [110, 58], "uv_size": [2, 1]},
								"down": {"uv": [110, 60], "uv_size": [2, -1]}
							}
						},
						{
							"origin": [-2.16, 21.9, 33.15],
							"size": [2.2, 2.1, 0.2],
							"inflate": -0.001,
							"pivot": [0, 22, 12.15],
							"rotation": [0, 0, 22],
							"uv": {
								"north": {"uv": [102, 99], "uv_size": [2, 2]},
								"east": {"uv": [110, 49], "uv_size": [1, 2]},
								"south": {"uv": [101, 102], "uv_size": [2, 2]},
								"west": {"uv": [110, 51], "uv_size": [1, 2]},
								"up": {"uv": [110, 45], "uv_size": [2, 1]},
								"down": {"uv": [110, 54], "uv_size": [2, -1]}
							}
						},
						{
							"origin": [-0.7, 23.65, 6],
							"size": [2, 2, 6],
							"inflate": 0.2,
							"pivot": [-0.7, 25.65, 8],
							"rotation": [0, 0, 16],
							"uv": {
								"north": {"uv": [98, 79], "uv_size": [2, 2]},
								"east": {"uv": [83, 69], "uv_size": [6, 2]},
								"south": {"uv": [80, 98], "uv_size": [2, 2]},
								"west": {"uv": [83, 71], "uv_size": [6, 2]},
								"up": {"uv": [67, 83], "uv_size": [2, 6]},
								"down": {"uv": [58, 90], "uv_size": [2, -6]}
							}
						}
					]
				},
				{
					"name": "bone14",
					"parent": "stock",
					"pivot": [-1.78, 19.15, 20.15],
					"rotation": [-27, 0, 0],
					"cubes": [
						{
							"origin": [-1.78, 19.15, 19.65],
							"size": [0.2, 2.1, 5.7],
							"uv": {
								"north": {"uv": [95, 110], "uv_size": [1, 2]},
								"east": {"uv": [87, 34], "uv_size": [6, 2]},
								"south": {"uv": [96, 110], "uv_size": [1, 2]},
								"west": {"uv": [87, 36], "uv_size": [6, 2]},
								"up": {"uv": [15, 96], "uv_size": [1, 6]},
								"down": {"uv": [16, 102], "uv_size": [1, -6]}
							}
						},
						{
							"origin": [1.52, 19.15, 19.65],
							"size": [0.2, 2.1, 5.7],
							"uv": {
								"north": {"uv": [110, 92], "uv_size": [1, 2]},
								"east": {"uv": [87, 30], "uv_size": [6, 2]},
								"south": {"uv": [94, 110], "uv_size": [1, 2]},
								"west": {"uv": [87, 32], "uv_size": [6, 2]},
								"up": {"uv": [64, 95], "uv_size": [1, 6]},
								"down": {"uv": [14, 102], "uv_size": [1, -6]}
							}
						},
						{
							"origin": [-1.58, 19.15, 19.65],
							"size": [3.1, 0.3, 5.7],
							"uv": {
								"north": {"uv": [106, 12], "uv_size": [3, 1]},
								"east": {"uv": [96, 11], "uv_size": [6, 1]},
								"south": {"uv": [106, 13], "uv_size": [3, 1]},
								"west": {"uv": [96, 14], "uv_size": [6, 1]},
								"up": {"uv": [77, 66], "uv_size": [3, 6]},
								"down": {"uv": [77, 78], "uv_size": [3, -6]}
							}
						}
					]
				},
				{
					"name": "bone15",
					"parent": "stock",
					"pivot": [-1.78, 16.85, 24.85],
					"rotation": [-69, 0, 0],
					"cubes": [
						{
							"origin": [-1.78, 16.76556, 24.31809],
							"size": [0.2, 0.4, 1.8],
							"uv": {
								"north": {"uv": [84, 124], "uv_size": [1, 1]},
								"east": {"uv": [110, 94], "uv_size": [2, 1]},
								"south": {"uv": [124, 84], "uv_size": [1, 1]},
								"west": {"uv": [110, 97], "uv_size": [2, 1]},
								"up": {"uv": [97, 110], "uv_size": [1, 2]},
								"down": {"uv": [110, 100], "uv_size": [1, -2]}
							}
						},
						{
							"origin": [1.52, 16.76556, 24.31809],
							"size": [0.2, 0.4, 1.8],
							"uv": {
								"north": {"uv": [85, 124], "uv_size": [1, 1]},
								"east": {"uv": [110, 100], "uv_size": [2, 1]},
								"south": {"uv": [124, 85], "uv_size": [1, 1]},
								"west": {"uv": [110, 102], "uv_size": [2, 1]},
								"up": {"uv": [105, 110], "uv_size": [1, 2]},
								"down": {"uv": [106, 112], "uv_size": [1, -2]}
							}
						},
						{
							"origin": [-1.78, 16.76556, 23.21809],
							"size": [0.2, 0.4, 2.9],
							"pivot": [-1.78, 17.16556, 26.11809],
							"rotation": [-24, 0, 0],
							"uv": {
								"north": {"uv": [87, 124], "uv_size": [1, 1]},
								"east": {"uv": [23, 106], "uv_size": [3, 1]},
								"south": {"uv": [124, 87], "uv_size": [1, 1]},
								"west": {"uv": [106, 24], "uv_size": [3, 1]},
								"up": {"uv": [106, 25], "uv_size": [1, 3]},
								"down": {"uv": [26, 109], "uv_size": [1, -3]}
							}
						},
						{
							"origin": [1.52, 16.76556, 23.21809],
							"size": [0.2, 0.4, 2.9],
							"pivot": [-1.78, 17.16556, 26.11809],
							"rotation": [-24, 0, 0],
							"uv": {
								"north": {"uv": [86, 124], "uv_size": [1, 1]},
								"east": {"uv": [106, 19], "uv_size": [3, 1]},
								"south": {"uv": [124, 86], "uv_size": [1, 1]},
								"west": {"uv": [106, 20], "uv_size": [3, 1]},
								"up": {"uv": [17, 106], "uv_size": [1, 3]},
								"down": {"uv": [106, 24], "uv_size": [1, -3]}
							}
						},
						{
							"origin": [-1.78, 16.46556, 24.01809],
							"size": [0.2, 0.3, 1.3],
							"pivot": [-1.78, 17.16556, 26.11809],
							"rotation": [-24, 0, 0],
							"uv": {
								"north": {"uv": [91, 124], "uv_size": [1, 1]},
								"east": {"uv": [124, 91], "uv_size": [1, 1]},
								"south": {"uv": [92, 124], "uv_size": [1, 1]},
								"west": {"uv": [124, 92], "uv_size": [1, 1]},
								"up": {"uv": [93, 124], "uv_size": [1, 1]},
								"down": {"uv": [124, 94], "uv_size": [1, -1]}
							}
						},
						{
							"origin": [1.52, 16.46556, 24.01809],
							"size": [0.2, 0.3, 1.3],
							"pivot": [-1.78, 17.16556, 26.11809],
							"rotation": [-24, 0, 0],
							"uv": {
								"north": {"uv": [88, 124], "uv_size": [1, 1]},
								"east": {"uv": [124, 88], "uv_size": [1, 1]},
								"south": {"uv": [89, 124], "uv_size": [1, 1]},
								"west": {"uv": [124, 89], "uv_size": [1, 1]},
								"up": {"uv": [90, 124], "uv_size": [1, 1]},
								"down": {"uv": [124, 91], "uv_size": [1, -1]}
							}
						},
						{
							"origin": [-1.58, 16.76556, 24.31809],
							"size": [3.1, 0.3, 1.8],
							"uv": {
								"north": {"uv": [14, 106], "uv_size": [3, 1]},
								"east": {"uv": [110, 103], "uv_size": [2, 1]},
								"south": {"uv": [106, 14], "uv_size": [3, 1]},
								"west": {"uv": [110, 106], "uv_size": [2, 1]},
								"up": {"uv": [96, 34], "uv_size": [3, 2]},
								"down": {"uv": [96, 38], "uv_size": [3, -2]}
							}
						}
					]
				},
				{
					"name": "_ca_stock",
					"parent": "main",
					"pivot": [-0.2, 21.85, -1.425],
					"cubes": [
						{
							"origin": [-0.45, 23.95, 5.975],
							"size": [1, 1, 1],
							"uv": {
								"north": {"uv": [19, 93.5], "uv_size": [1.5, 2.5]},
								"east": {"uv": [19, 93.5], "uv_size": [1.5, 2.5]},
								"south": {"uv": [19, 93.5], "uv_size": [1.5, 2.5]},
								"west": {"uv": [19, 93.5], "uv_size": [1.5, 2.5]},
								"up": {"uv": [20.5, 96], "uv_size": [-1.5, -2.5]},
								"down": {"uv": [20.5, 96], "uv_size": [-1.5, -2.5]}
							}
						}
					]
				}
			]
		}
	]
}