{
	"format_version": "1.12.0",
	"minecraft:geometry": [
		{
			"description": {
				"identifier": "geometry.unknown",
				"texture_width": 128,
				"texture_height": 128,
				"visible_bounds_width": 9,
				"visible_bounds_height": 8,
				"visible_bounds_offset": [0, 2, 0]
			},
			"bones": [
				{
					"name": "main",
					"pivot": [0, 20, 0]
				},
				{
					"name": "gun",
					"parent": "main",
					"pivot": [1, 11, -1]
				},
				{
					"name": "dustcoverdef",
					"parent": "gun",
					"pivot": [-3.35, 21.6, -8.5],
					"cubes": [
						{
							"origin": [-1.75, 16.8, 0],
							"size": [0.6, 2.1, 0.8],
							"inflate": 0.001,
							"pivot": [-0.75, 13.5, -12.1],
							"rotation": [35, 0, 0],
							"uv": {
								"north": {"uv": [30, 108], "uv_size": [1, 2]},
								"east": {"uv": [36, 108], "uv_size": [1, 2]},
								"south": {"uv": [108, 36], "uv_size": [1, 2]},
								"west": {"uv": [37, 108], "uv_size": [1, 2]},
								"up": {"uv": [76, 110], "uv_size": [1, 1]},
								"down": {"uv": [110, 77], "uv_size": [1, -1]}
							}
						},
						{
							"origin": [-1.65, 24.7, -12.1],
							"size": [1.6, 0.6, 8],
							"inflate": 0.001,
							"uv": {
								"north": {"uv": [108, 33], "uv_size": [2, 1]},
								"east": {"uv": [95, 4], "uv_size": [8, 1]},
								"south": {"uv": [34, 108], "uv_size": [2, 1]},
								"west": {"uv": [97, 38], "uv_size": [8, 1]},
								"up": {"uv": [38, 85], "uv_size": [2, 8]},
								"down": {"uv": [85, 90], "uv_size": [2, -8]}
							}
						},
						{
							"origin": [-1.75, 24.4, -12.8],
							"size": [0.7, 0.9, 8.2],
							"inflate": 0.001,
							"uv": {
								"north": {"uv": [77, 110], "uv_size": [1, 1]},
								"east": {"uv": [97, 78], "uv_size": [8, 1]},
								"south": {"uv": [110, 77], "uv_size": [1, 1]},
								"west": {"uv": [98, 0], "uv_size": [8, 1]},
								"up": {"uv": [38, 98], "uv_size": [1, 8]},
								"down": {"uv": [39, 106], "uv_size": [1, -8]}
							}
						},
						{
							"origin": [-1.64, 14.8, 7],
							"size": [0.9, 2, 3.7],
							"pivot": [-1.05, 12.9, -5.3],
							"rotation": [35, 0, 0],
							"uv": {
								"north": {"uv": [21, 108], "uv_size": [1, 2]},
								"east": {"uv": [97, 36], "uv_size": [4, 2]},
								"south": {"uv": [22, 108], "uv_size": [1, 2]},
								"west": {"uv": [97, 56], "uv_size": [4, 2]},
								"up": {"uv": [97, 103], "uv_size": [1, 4]},
								"down": {"uv": [103, 102], "uv_size": [1, -4]}
							}
						},
						{
							"origin": [-0.75, 14.8, 7.2],
							"size": [1.7, 3.91, 3.5],
							"pivot": [0.65, 12.9, -5.3],
							"rotation": [35, 0, 0],
							"uv": {
								"north": {"uv": [97, 94], "uv_size": [2, 4]},
								"east": {"uv": [91, 75], "uv_size": [3, 4]},
								"south": {"uv": [98, 27], "uv_size": [2, 4]},
								"west": {"uv": [91, 90], "uv_size": [3, 4]},
								"up": {"uv": [94, 100], "uv_size": [2, 3]},
								"down": {"uv": [96, 103], "uv_size": [2, -3]}
							}
						},
						{
							"origin": [0.94, 14.8, 7],
							"size": [0.9, 2, 3.7],
							"pivot": [1.55, 12.9, -5.3],
							"rotation": [35, 0, 0],
							"uv": {
								"north": {"uv": [20, 108], "uv_size": [1, 2]},
								"east": {"uv": [95, 32], "uv_size": [4, 2]},
								"south": {"uv": [108, 20], "uv_size": [1, 2]},
								"west": {"uv": [95, 67], "uv_size": [4, 2]},
								"up": {"uv": [95, 103], "uv_size": [1, 4]},
								"down": {"uv": [96, 107], "uv_size": [1, -4]}
							}
						},
						{
							"origin": [-4.9, 27.5, 5.4],
							"size": [0.5, 0.235, 0.13],
							"inflate": 0.001,
							"pivot": [-5.65, 22.9, -8],
							"rotation": [0, 0, 50],
							"uv": {
								"north": {"uv": [22, 110], "uv_size": [1, 1]},
								"east": {"uv": [110, 22], "uv_size": [1, 1]},
								"south": {"uv": [23, 110], "uv_size": [1, 1]},
								"west": {"uv": [110, 23], "uv_size": [1, 1]},
								"up": {"uv": [24, 110], "uv_size": [1, 1]},
								"down": {"uv": [25, 111], "uv_size": [1, -1]}
							}
						},
						{
							"origin": [-4.7, 19.5, 9.3],
							"size": [0.9, 1.85, 0.86],
							"inflate": 0.001,
							"pivot": [-5.45, 15.5, -2.8],
							"rotation": [35, 0, 19],
							"uv": {
								"north": {"uv": [23, 108], "uv_size": [1, 2]},
								"east": {"uv": [108, 24], "uv_size": [1, 2]},
								"south": {"uv": [25, 108], "uv_size": [1, 2]},
								"west": {"uv": [26, 108], "uv_size": [1, 2]},
								"up": {"uv": [109, 98], "uv_size": [1, 1]},
								"down": {"uv": [101, 110], "uv_size": [1, -1]}
							}
						},
						{
							"origin": [-4.3, 20.6, 8.1],
							"size": [0.5, 0.1, 0.8],
							"inflate": 0.001,
							"pivot": [-5.45, 16.7, -4],
							"rotation": [28, 0, 19],
							"uv": {
								"north": {"uv": [6, 110], "uv_size": [1, 1]},
								"east": {"uv": [7, 110], "uv_size": [1, 1]},
								"south": {"uv": [9, 110], "uv_size": [1, 1]},
								"west": {"uv": [110, 9], "uv_size": [1, 1]},
								"up": {"uv": [10, 110], "uv_size": [1, 1]},
								"down": {"uv": [110, 11], "uv_size": [1, -1]}
							}
						},
						{
							"origin": [-9.515, 23.7, 9.2],
							"size": [0.9, 0.7, 0.495],
							"inflate": 0.001,
							"pivot": [-10.25, 19, -3.9],
							"rotation": [30, 0, 50],
							"uv": {
								"north": {"uv": [108, 109], "uv_size": [1, 1]},
								"east": {"uv": [109, 109], "uv_size": [1, 1]},
								"south": {"uv": [110, 0], "uv_size": [1, 1]},
								"west": {"uv": [1, 110], "uv_size": [1, 1]},
								"up": {"uv": [110, 1], "uv_size": [1, 1]},
								"down": {"uv": [2, 111], "uv_size": [1, -1]}
							}
						},
						{
							"origin": [-4.9, 27.5, 5.16],
							"size": [0.9, 0.3, 0.26],
							"inflate": 0.001,
							"pivot": [-5.65, 22.9, -8.1],
							"rotation": [0, 0, 50],
							"uv": {
								"north": {"uv": [110, 14], "uv_size": [1, 1]},
								"east": {"uv": [15, 110], "uv_size": [1, 1]},
								"south": {"uv": [110, 18], "uv_size": [1, 1]},
								"west": {"uv": [110, 19], "uv_size": [1, 1]},
								"up": {"uv": [20, 110], "uv_size": [1, 1]},
								"down": {"uv": [21, 111], "uv_size": [1, -1]}
							}
						},
						{
							"origin": [-1.65, 23.2, -4.1],
							"size": [1.5, 2.1, 9.66],
							"inflate": 0.001,
							"uv": {
								"north": {"uv": [46, 108], "uv_size": [1, 2]},
								"east": {"uv": [89, 9], "uv_size": [-10, -2]},
								"south": {"uv": [108, 46], "uv_size": [1, 2]},
								"west": {"uv": [83, 56], "uv_size": [9, 2]},
								"up": {"uv": [35, 94], "uv_size": [1, 9]},
								"down": {"uv": [48, 103], "uv_size": [1, -9]}
							}
						},
						{
							"origin": [-1.86, 31.5, 5.265],
							"size": [0.9, 0.8, 0.36],
							"inflate": 0.001,
							"pivot": [-2.57, 26.9, 22],
							"rotation": [30, 0, -50],
							"uv": {
								"north": {"uv": [102, 109], "uv_size": [1, 1]},
								"east": {"uv": [103, 109], "uv_size": [1, 1]},
								"south": {"uv": [109, 103], "uv_size": [1, 1]},
								"west": {"uv": [109, 104], "uv_size": [1, 1]},
								"up": {"uv": [109, 105], "uv_size": [1, 1]},
								"down": {"uv": [109, 107], "uv_size": [1, -1]}
							}
						},
						{
							"origin": [5.06, 25.7, 5.06],
							"size": [0.9, 0.3, 0.3],
							"inflate": 0.001,
							"pivot": [4.33, 21.1, 21.9],
							"rotation": [0, 0, -50],
							"uv": {
								"north": {"uv": [26, 110], "uv_size": [1, 1]},
								"east": {"uv": [110, 26], "uv_size": [1, 1]},
								"south": {"uv": [27, 110], "uv_size": [1, 1]},
								"west": {"uv": [110, 27], "uv_size": [1, 1]},
								"up": {"uv": [28, 110], "uv_size": [1, 1]},
								"down": {"uv": [29, 111], "uv_size": [1, -1]}
							}
						},
						{
							"origin": [5.46, 25.7, 5.49],
							"size": [0.5, 0.14, 0.07],
							"inflate": 0.001,
							"pivot": [4.33, 21.1, 22.3],
							"rotation": [0, 0, -50],
							"uv": {
								"north": {"uv": [110, 33], "uv_size": [1, 1]},
								"east": {"uv": [110, 34], "uv_size": [1, 1]},
								"south": {"uv": [110, 35], "uv_size": [1, 1]},
								"west": {"uv": [36, 110], "uv_size": [1, 1]},
								"up": {"uv": [110, 36], "uv_size": [1, 1]},
								"down": {"uv": [37, 111], "uv_size": [1, -1]}
							}
						},
						{
							"origin": [-1.86, 31.42, 5.465],
							"size": [0.9, 0.2, 0.16],
							"inflate": 0.001,
							"pivot": [-2.57, 26.9, 22],
							"rotation": [30, 0, -50],
							"uv": {
								"north": {"uv": [110, 37], "uv_size": [1, 1]},
								"east": {"uv": [110, 39], "uv_size": [1, 1]},
								"south": {"uv": [110, 40], "uv_size": [1, 1]},
								"west": {"uv": [110, 41], "uv_size": [1, 1]},
								"up": {"uv": [110, 42], "uv_size": [1, 1]},
								"down": {"uv": [110, 44], "uv_size": [1, -1]}
							}
						},
						{
							"origin": [5.46, 25.7, 5.36],
							"size": [0.5, 0.235, 0.13],
							"inflate": 0.001,
							"pivot": [4.33, 21.1, 22.2],
							"rotation": [0, 0, -50],
							"uv": {
								"north": {"uv": [110, 29], "uv_size": [1, 1]},
								"east": {"uv": [30, 110], "uv_size": [1, 1]},
								"south": {"uv": [110, 30], "uv_size": [1, 1]},
								"west": {"uv": [31, 110], "uv_size": [1, 1]},
								"up": {"uv": [32, 110], "uv_size": [1, 1]},
								"down": {"uv": [110, 33], "uv_size": [1, -1]}
							}
						},
						{
							"origin": [0.35, 23.2, -4.8],
							"size": [1.5, 2.1, 10.36],
							"inflate": 0.001,
							"uv": {
								"north": {"uv": [79, 7], "uv_size": [10, 2]},
								"east": {"uv": [79, 7], "uv_size": [10, 2]},
								"south": {"uv": [79, 7], "uv_size": [10, 2]},
								"west": {"uv": [79, 7], "uv_size": [10, 2]},
								"up": {"uv": [89, 9], "uv_size": [-10, -2]},
								"down": {"uv": [89, 9], "uv_size": [-10, -2]}
							}
						},
						{
							"origin": [4.145, 19.671, 8.085],
							"size": [0.5, 0.1, 0.8],
							"inflate": 0.001,
							"pivot": [2.95, 15.8, -4],
							"rotation": [28, 0, -19],
							"uv": {
								"north": {"uv": [11, 110], "uv_size": [1, 1]},
								"east": {"uv": [110, 11], "uv_size": [1, 1]},
								"south": {"uv": [12, 110], "uv_size": [1, 1]},
								"west": {"uv": [110, 12], "uv_size": [1, 1]},
								"up": {"uv": [110, 13], "uv_size": [1, 1]},
								"down": {"uv": [14, 111], "uv_size": [1, -1]}
							}
						},
						{
							"origin": [2.1, 24.65, 6.56],
							"size": [0.9, 1.85, 1.66],
							"inflate": 0.001,
							"pivot": [1.45, 20.6, 6.1],
							"rotation": [35, 0, -19],
							"uv": {
								"north": {"uv": [27, 108], "uv_size": [1, 2]},
								"east": {"uv": [11, 104], "uv_size": [2, 2]},
								"south": {"uv": [108, 27], "uv_size": [1, 2]},
								"west": {"uv": [104, 11], "uv_size": [2, 2]},
								"up": {"uv": [28, 108], "uv_size": [1, 2]},
								"down": {"uv": [29, 110], "uv_size": [1, -2]}
							}
						},
						{
							"origin": [-4.9, 27.5, -12.8],
							"size": [0.9, 0.8, 17.96],
							"inflate": 0.001,
							"pivot": [-5.65, 22.9, -8.5],
							"rotation": [0, 0, 50],
							"uv": {
								"north": {"uv": [81, 109], "uv_size": [1, 1]},
								"east": {"uv": [70, 69], "uv_size": [30, 2]},
								"south": {"uv": [82, 109], "uv_size": [1, 1]},
								"west": {"uv": [75, 64], "uv_size": [18, 1]},
								"up": {"uv": [35, 76], "uv_size": [1, 18]},
								"down": {"uv": [56, 100], "uv_size": [1, -18]}
							}
						},
						{
							"origin": [2.37, 38.64, 3.56],
							"size": [0.8, 0.3, 0.16],
							"inflate": 0.001,
							"pivot": [1.45, 33.72, 19.9],
							"rotation": [41, 0, 18.75],
							"uv": {
								"north": {"uv": [46, 110], "uv_size": [1, 1]},
								"east": {"uv": [46, 110], "uv_size": [1, 1]},
								"south": {"uv": [46, 110], "uv_size": [1, 1]},
								"west": {"uv": [46, 110], "uv_size": [1, 1]},
								"up": {"uv": [47, 111], "uv_size": [-1, -1]},
								"down": {"uv": [47, 111], "uv_size": [-1, -1]}
							}
						},
						{
							"origin": [-0.75, 26.62, 4.26],
							"size": [1.69, 0.22, 0.2],
							"inflate": 0.001,
							"uv": {
								"north": {"uv": [108, 29], "uv_size": [2, 1]},
								"east": {"uv": [64, 110], "uv_size": [1, 1]},
								"south": {"uv": [108, 30], "uv_size": [2, 1]},
								"west": {"uv": [110, 64], "uv_size": [1, 1]},
								"up": {"uv": [32, 108], "uv_size": [2, 1]},
								"down": {"uv": [108, 33], "uv_size": [2, -1]}
							}
						},
						{
							"origin": [0.475, 33.08, 5],
							"size": [0.3, 0.08, 0.16],
							"inflate": 0.001,
							"pivot": [-0.95, 28.22, 21.4],
							"rotation": [20, 0, 18.75],
							"uv": {
								"north": {"uv": [72, 110], "uv_size": [1, 1]},
								"east": {"uv": [110, 72], "uv_size": [1, 1]},
								"south": {"uv": [73, 110], "uv_size": [1, 1]},
								"west": {"uv": [110, 73], "uv_size": [1, 1]},
								"up": {"uv": [74, 110], "uv_size": [1, 1]},
								"down": {"uv": [110, 75], "uv_size": [1, -1]}
							}
						},
						{
							"origin": [0.03, 26.82, 4.26],
							"size": [0.07, 0.07, 0.2],
							"inflate": 0.001,
							"uv": {
								"north": {"uv": [65, 110], "uv_size": [1, 1]},
								"east": {"uv": [66, 110], "uv_size": [1, 1]},
								"south": {"uv": [110, 66], "uv_size": [1, 1]},
								"west": {"uv": [67, 110], "uv_size": [1, 1]},
								"up": {"uv": [110, 67], "uv_size": [1, 1]},
								"down": {"uv": [68, 111], "uv_size": [1, -1]}
							}
						},
						{
							"origin": [2.68, 22.69, 6.72],
							"size": [0.3, 0.08, 0.16],
							"inflate": 0.001,
							"pivot": [1.25, 17.9, -5.8],
							"rotation": [20, 0, -18.75],
							"uv": {
								"north": {"uv": [110, 68], "uv_size": [1, 1]},
								"east": {"uv": [69, 110], "uv_size": [1, 1]},
								"south": {"uv": [110, 69], "uv_size": [1, 1]},
								"west": {"uv": [70, 110], "uv_size": [1, 1]},
								"up": {"uv": [71, 110], "uv_size": [1, 1]},
								"down": {"uv": [110, 72], "uv_size": [1, -1]}
							}
						},
						{
							"origin": [0, 38.94, 3.5],
							"size": [0.15, 0.1, 0.16],
							"inflate": 0.001,
							"pivot": [-1.25, 33.97, 20.2],
							"rotation": [41, 0, 0],
							"uv": {
								"north": {"uv": [110, 59], "uv_size": [1, 1]},
								"east": {"uv": [110, 59], "uv_size": [1, 1]},
								"south": {"uv": [110, 59], "uv_size": [1, 1]},
								"west": {"uv": [110, 59], "uv_size": [1, 1]},
								"up": {"uv": [111, 60], "uv_size": [-1, -1]},
								"down": {"uv": [111, 60], "uv_size": [-1, -1]}
							}
						},
						{
							"origin": [-0.045, 39.04, 3.5],
							"size": [0.23, 0.2, 0.16],
							"inflate": 0.001,
							"pivot": [-1.25, 33.97, 20.2],
							"rotation": [41, 0, 0],
							"uv": {
								"north": {"uv": [110, 52], "uv_size": [1, 1]},
								"east": {"uv": [110, 53], "uv_size": [1, 1]},
								"south": {"uv": [110, 54], "uv_size": [1, 1]},
								"west": {"uv": [110, 55], "uv_size": [1, 1]},
								"up": {"uv": [110, 56], "uv_size": [1, 1]},
								"down": {"uv": [110, 58], "uv_size": [1, -1]}
							}
						},
						{
							"origin": [3.25, 19.83, 10.65],
							"size": [0.75, 0.3, 0.165],
							"inflate": 0.001,
							"pivot": [2.25, 14.9, -1.9],
							"rotation": [41, 0, -18.75],
							"uv": {
								"north": {"uv": [49, 110], "uv_size": [1, 1]},
								"east": {"uv": [49, 110], "uv_size": [1, 1]},
								"south": {"uv": [49, 110], "uv_size": [1, 1]},
								"west": {"uv": [49, 110], "uv_size": [1, 1]},
								"up": {"uv": [50, 111], "uv_size": [-1, -1]},
								"down": {"uv": [50, 111], "uv_size": [-1, -1]}
							}
						},
						{
							"origin": [5.06, 25.7, -18.1],
							"size": [0.9, 0.8, 23.16],
							"inflate": 0.001,
							"pivot": [4.33, 21.1, -8.5],
							"rotation": [0, 0, -50],
							"uv": {
								"north": {"uv": [86, 109], "uv_size": [1, 1]},
								"east": {"uv": [70, 69], "uv_size": [30, 1]},
								"south": {"uv": [87, 109], "uv_size": [1, 1]},
								"west": {"uv": [70, 69], "uv_size": [30, 2]},
								"up": {"uv": [9, 70], "uv_size": [1, 30]},
								"down": {"uv": [10, 100], "uv_size": [1, -30]}
							}
						},
						{
							"origin": [2.03, 25.25, -18.1],
							"size": [0.9, 1.39, 22.56],
							"inflate": 0.001,
							"pivot": [1.35, 20.8, -8.5],
							"rotation": [0, 0, -19],
							"uv": {
								"north": {"uv": [88, 109], "uv_size": [1, 1]},
								"east": {"uv": [72, 48], "uv_size": [29, 1]},
								"south": {"uv": [89, 109], "uv_size": [1, 1]},
								"west": {"uv": [72, 49], "uv_size": [29, 0.7]},
								"up": {"uv": [15, 70], "uv_size": [1, 29]},
								"down": {"uv": [16, 99], "uv_size": [1, -29]}
							}
						},
						{
							"origin": [-1.43, 26.4, -18],
							"size": [0.8, 1.3, 22.26],
							"inflate": 0.001,
							"pivot": [-2.45, 22.5, -8.5],
							"rotation": [0, 0, 18.75],
							"uv": {
								"north": {"uv": [72, 49], "uv_size": [29, 0.7]},
								"east": {"uv": [72, 49], "uv_size": [29, 0.7]},
								"south": {"uv": [72, 49], "uv_size": [29, 0.7]},
								"west": {"uv": [72, 49], "uv_size": [29, 0.7]},
								"up": {"uv": [84, 56], "uv_size": [-2, -2]},
								"down": {"uv": [101, 49.7], "uv_size": [-29, -0.7]}
							}
						},
						{
							"origin": [0.97, 25.5, -18],
							"size": [0.75, 1.3, 22.26],
							"inflate": 0.001,
							"pivot": [-0.05, 21.6, -8.5],
							"rotation": [0, 0, -18.75],
							"uv": {
								"north": {"uv": [72, 49], "uv_size": [29, 0.7]},
								"east": {"uv": [72, 49], "uv_size": [29, 0.7]},
								"south": {"uv": [72, 49], "uv_size": [29, 0.7]},
								"west": {"uv": [72, 49], "uv_size": [29, 0.7]},
								"up": {"uv": [82, 56], "uv_size": [2, -2]},
								"down": {"uv": [101, 49.7], "uv_size": [-29, -0.7]}
							}
						},
						{
							"origin": [-0.045, 25.8, -18],
							"size": [0.23, 1.3, 22.26],
							"inflate": 0.001,
							"uv": {
								"north": {"uv": [72, 49], "uv_size": [29, 0.7]},
								"east": {"uv": [72, 49], "uv_size": [29, 0.7]},
								"south": {"uv": [72, 49], "uv_size": [29, 0.7]},
								"west": {"uv": [72, 49], "uv_size": [29, 0.7]},
								"up": {"uv": [82, 56], "uv_size": [2, -1]},
								"down": {"uv": [101, 49.7], "uv_size": [-29, -0.7]}
							}
						},
						{
							"origin": [-2.6, 26, -12.8],
							"size": [0.9, 1.39, 17.26],
							"inflate": 0.001,
							"pivot": [-3.35, 21.6, -8.5],
							"rotation": [0, 0, 19],
							"uv": {
								"north": {"uv": [84, 109], "uv_size": [1, 1]},
								"east": {"uv": [72, 49], "uv_size": [29, 1]},
								"south": {"uv": [85, 109], "uv_size": [1, 1]},
								"west": {"uv": [84, 18], "uv_size": [17, 1]},
								"up": {"uv": [101, 18], "uv_size": [-17, -1]},
								"down": {"uv": [24, 101], "uv_size": [1, -17]}
							}
						},
						{
							"origin": [0.25, 23.2, -11.1],
							"size": [1.6, 2.1, 6.36],
							"inflate": 0.001,
							"uv": {
								"north": {"uv": [66, 42], "uv_size": [20, 2]},
								"east": {"uv": [66, 42], "uv_size": [20, 2]},
								"south": {"uv": [66, 42], "uv_size": [20, 2]},
								"west": {"uv": [66, 42], "uv_size": [20, 2]},
								"up": {"uv": [86, 44], "uv_size": [-20, -2]},
								"down": {"uv": [86, 44], "uv_size": [-20, -2]}
							}
						},
						{
							"origin": [0.25, 24.3, -18.1],
							"size": [1.6, 1, 6.96],
							"inflate": 0.001,
							"uv": {
								"north": {"uv": [66, 42], "uv_size": [20, 2]},
								"east": {"uv": [66, 42], "uv_size": [20, 2]},
								"south": {"uv": [66, 42], "uv_size": [20, 2]},
								"west": {"uv": [66, 42], "uv_size": [20, 2]},
								"up": {"uv": [86, 44], "uv_size": [-20, -2]},
								"down": {"uv": [86, 44], "uv_size": [-20, -2]}
							}
						},
						{
							"origin": [1.85, 24, -18.1],
							"size": [0.05, 0.5, 6.96],
							"inflate": 0.001,
							"uv": {
								"north": {"uv": [71, 34], "uv_size": [20, 2]},
								"east": {"uv": [71, 34], "uv_size": [20, 2]},
								"south": {"uv": [71, 34], "uv_size": [20, 2]},
								"west": {"uv": [71, 34], "uv_size": [20, 2]},
								"up": {"uv": [91, 36], "uv_size": [-20, -2]},
								"down": {"uv": [91, 36], "uv_size": [-20, -2]}
							}
						},
						{
							"origin": [1.85, 24, -11.038],
							"size": [0.05, 0.5, 1.2],
							"inflate": 0.001,
							"pivot": [1.901, 24.501, -11.039],
							"rotation": [-70, 0, 0],
							"uv": {
								"north": {"uv": [71, 34], "uv_size": [20, 2]},
								"east": {"uv": [71, 34], "uv_size": [20, 2]},
								"south": {"uv": [71, 34], "uv_size": [20, 2]},
								"west": {"uv": [71, 34], "uv_size": [20, 2]},
								"up": {"uv": [91, 36], "uv_size": [-20, -2]},
								"down": {"uv": [91, 36], "uv_size": [-20, -2]}
							}
						},
						{
							"origin": [1.85, 23.2, -11.1],
							"size": [0.05, 0.5, 17.76],
							"inflate": 0.001,
							"uv": {
								"north": {"uv": [71, 34], "uv_size": [20, 2]},
								"east": {"uv": [71, 34], "uv_size": [20, 2]},
								"south": {"uv": [71, 34], "uv_size": [20, 2]},
								"west": {"uv": [71, 34], "uv_size": [20, 2]},
								"up": {"uv": [91, 36], "uv_size": [-20, -2]},
								"down": {"uv": [91, 36], "uv_size": [-20, -2]}
							}
						},
						{
							"origin": [-1.65, 23.2, 5.5],
							"size": [3.5, 0.46, 1.22],
							"uv": {
								"north": {"uv": [81, 78], "uv_size": [4, 5]},
								"east": {"uv": [6, 87], "uv_size": [3, 5]},
								"south": {"uv": [82, 0], "uv_size": [4, 5]},
								"west": {"uv": [40, 87], "uv_size": [3, 5]},
								"up": {"uv": [90, 24], "uv_size": [4, 3]},
								"down": {"uv": [90, 39], "uv_size": [4, -3]}
							}
						},
						{
							"origin": [-2.6, 26.5, -18.1],
							"size": [0.9, 0.89, 5.3],
							"inflate": 0.001,
							"pivot": [-3.35, 21.6, -25],
							"rotation": [0, 0, 19],
							"uv": {
								"north": {"uv": [75, 110], "uv_size": [1, 1]},
								"east": {"uv": [72, 49], "uv_size": [29, 1]},
								"south": {"uv": [110, 75], "uv_size": [1, 1]},
								"west": {"uv": [90, 16], "uv_size": [12, 1]},
								"up": {"uv": [102, 16], "uv_size": [-12, -1]},
								"down": {"uv": [51, 102], "uv_size": [1, -12]}
							}
						},
						{
							"origin": [-0.45, 16.6, 6.7],
							"size": [1.1, 1.21, 3.5],
							"pivot": [0.65, 13.9, -5.7],
							"rotation": [35, 0, 0],
							"uv": {
								"north": {"uv": [20, 116], "uv_size": [1, 1]},
								"east": {"uv": [107, 100], "uv_size": [3, 1]},
								"south": {"uv": [116, 20], "uv_size": [1, 1]},
								"west": {"uv": [107, 102], "uv_size": [3, 1]},
								"up": {"uv": [18, 108], "uv_size": [1, 3]},
								"down": {"uv": [19, 111], "uv_size": [1, -3]}
							}
						},
						{
							"origin": [-0.77, 27.4, 2.75],
							"size": [1.7, 0.3, 0.8],
							"inflate": 0.001,
							"uv": {
								"north": {"uv": [85, 112], "uv_size": [1, 1]},
								"east": {"uv": [112, 85], "uv_size": [1, 1]},
								"south": {"uv": [86, 112], "uv_size": [1, 1]},
								"west": {"uv": [112, 86], "uv_size": [1, 1]},
								"up": {"uv": [87, 112], "uv_size": [1, 1]},
								"down": {"uv": [112, 88], "uv_size": [1, -1]}
							}
						},
						{
							"origin": [-0.77, 35.57, 3],
							"size": [1.7, 0.3, 0.56],
							"inflate": 0.001,
							"pivot": [-1.15, 31, -8.6],
							"rotation": [-38, 0, 0],
							"uv": {
								"north": {"uv": [88, 112], "uv_size": [1, 1]},
								"east": {"uv": [112, 88], "uv_size": [1, 1]},
								"south": {"uv": [89, 112], "uv_size": [1, 1]},
								"west": {"uv": [112, 89], "uv_size": [1, 1]},
								"up": {"uv": [90, 112], "uv_size": [1, 1]},
								"down": {"uv": [112, 91], "uv_size": [1, -1]}
							}
						},
						{
							"origin": [2.947, 27.5, 2.75],
							"size": [0.3, 0.3, 0.8],
							"inflate": 0.001,
							"pivot": [1.36, 22.9, -9.2],
							"rotation": [0, 0, -45],
							"uv": {
								"north": {"uv": [94, 113], "uv_size": [-1, -1]},
								"east": {"uv": [94, 113], "uv_size": [-1, -1]},
								"south": {"uv": [94, 113], "uv_size": [-1, -1]},
								"west": {"uv": [94, 113], "uv_size": [-1, -1]},
								"up": {"uv": [93, 112], "uv_size": [1, 1]},
								"down": {"uv": [93, 112], "uv_size": [1, 1]}
							}
						},
						{
							"origin": [4.647, 27.5, 2.75],
							"size": [0.3, 0.3, 0.8],
							"inflate": 0.001,
							"pivot": [3.06, 22.9, -9.2],
							"rotation": [0, 0, -45],
							"uv": {
								"north": {"uv": [112, 113], "uv_size": [1, 1]},
								"east": {"uv": [112, 113], "uv_size": [1, 1]},
								"south": {"uv": [112, 113], "uv_size": [1, 1]},
								"west": {"uv": [112, 113], "uv_size": [1, 1]},
								"up": {"uv": [113, 114], "uv_size": [-1, -1]},
								"down": {"uv": [113, 114], "uv_size": [-1, -1]}
							}
						},
						{
							"origin": [2.947, 27.5, 1.45],
							"size": [0.3, 0.3, 0.6],
							"inflate": 0.001,
							"pivot": [1.36, 22.9, -10.7],
							"rotation": [0, 0, -45],
							"uv": {
								"north": {"uv": [94, 113], "uv_size": [-1, -1]},
								"east": {"uv": [94, 113], "uv_size": [-1, -1]},
								"south": {"uv": [94, 113], "uv_size": [-1, -1]},
								"west": {"uv": [94, 113], "uv_size": [-1, -1]},
								"up": {"uv": [93, 112], "uv_size": [1, 1]},
								"down": {"uv": [93, 112], "uv_size": [1, 1]}
							}
						},
						{
							"origin": [4.647, 27.5, 1.45],
							"size": [0.3, 0.3, 0.6],
							"inflate": 0.001,
							"pivot": [3.06, 22.9, -10.7],
							"rotation": [0, 0, -45],
							"uv": {
								"north": {"uv": [112, 113], "uv_size": [1, 1]},
								"east": {"uv": [112, 113], "uv_size": [1, 1]},
								"south": {"uv": [112, 113], "uv_size": [1, 1]},
								"west": {"uv": [112, 113], "uv_size": [1, 1]},
								"up": {"uv": [113, 114], "uv_size": [-1, -1]},
								"down": {"uv": [113, 114], "uv_size": [-1, -1]}
							}
						},
						{
							"origin": [-0.77, 27.4, 1.45],
							"size": [1.7, 0.3, 0.6],
							"inflate": 0.001,
							"uv": {
								"north": {"uv": [103, 112], "uv_size": [1, 1]},
								"east": {"uv": [112, 103], "uv_size": [1, 1]},
								"south": {"uv": [104, 112], "uv_size": [1, 1]},
								"west": {"uv": [112, 104], "uv_size": [1, 1]},
								"up": {"uv": [105, 112], "uv_size": [1, 1]},
								"down": {"uv": [112, 106], "uv_size": [1, -1]}
							}
						},
						{
							"origin": [4.647, 27.5, 0.15],
							"size": [0.3, 0.3, 0.6],
							"inflate": 0.001,
							"pivot": [3.06, 22.9, -12],
							"rotation": [0, 0, -45],
							"uv": {
								"north": {"uv": [112, 113], "uv_size": [1, 1]},
								"east": {"uv": [112, 113], "uv_size": [1, 1]},
								"south": {"uv": [112, 113], "uv_size": [1, 1]},
								"west": {"uv": [112, 113], "uv_size": [1, 1]},
								"up": {"uv": [113, 114], "uv_size": [-1, -1]},
								"down": {"uv": [113, 114], "uv_size": [-1, -1]}
							}
						},
						{
							"origin": [2.947, 27.5, 0.15],
							"size": [0.3, 0.3, 0.6],
							"inflate": 0.001,
							"pivot": [1.36, 22.9, -12],
							"rotation": [0, 0, -45],
							"uv": {
								"north": {"uv": [94, 113], "uv_size": [-1, -1]},
								"east": {"uv": [94, 113], "uv_size": [-1, -1]},
								"south": {"uv": [94, 113], "uv_size": [-1, -1]},
								"west": {"uv": [94, 113], "uv_size": [-1, -1]},
								"up": {"uv": [93, 112], "uv_size": [1, 1]},
								"down": {"uv": [93, 112], "uv_size": [1, 1]}
							}
						},
						{
							"origin": [-0.77, 27.4, 0.15],
							"size": [1.7, 0.3, 0.6],
							"inflate": 0.001,
							"uv": {
								"north": {"uv": [112, 112], "uv_size": [1, 1]},
								"east": {"uv": [0, 113], "uv_size": [1, 1]},
								"south": {"uv": [113, 0], "uv_size": [1, 1]},
								"west": {"uv": [1, 113], "uv_size": [1, 1]},
								"up": {"uv": [113, 1], "uv_size": [1, 1]},
								"down": {"uv": [2, 114], "uv_size": [1, -1]}
							}
						},
						{
							"origin": [4.647, 27.5, -1.15],
							"size": [0.3, 0.3, 0.6],
							"inflate": 0.001,
							"pivot": [3.06, 22.9, -13.3],
							"rotation": [0, 0, -45],
							"uv": {
								"north": {"uv": [112, 113], "uv_size": [1, 1]},
								"east": {"uv": [112, 113], "uv_size": [1, 1]},
								"south": {"uv": [112, 113], "uv_size": [1, 1]},
								"west": {"uv": [112, 113], "uv_size": [1, 1]},
								"up": {"uv": [113, 114], "uv_size": [-1, -1]},
								"down": {"uv": [113, 114], "uv_size": [-1, -1]}
							}
						},
						{
							"origin": [-0.77, 27.4, -1.15],
							"size": [1.7, 0.3, 0.6],
							"inflate": 0.001,
							"uv": {
								"north": {"uv": [113, 5], "uv_size": [1, 1]},
								"east": {"uv": [6, 113], "uv_size": [1, 1]},
								"south": {"uv": [113, 6], "uv_size": [1, 1]},
								"west": {"uv": [7, 113], "uv_size": [1, 1]},
								"up": {"uv": [113, 7], "uv_size": [1, 1]},
								"down": {"uv": [8, 114], "uv_size": [1, -1]}
							}
						},
						{
							"origin": [2.947, 27.5, -1.15],
							"size": [0.3, 0.3, 0.6],
							"inflate": 0.001,
							"pivot": [1.36, 22.9, -13.3],
							"rotation": [0, 0, -45],
							"uv": {
								"north": {"uv": [94, 113], "uv_size": [-1, -1]},
								"east": {"uv": [94, 113], "uv_size": [-1, -1]},
								"south": {"uv": [94, 113], "uv_size": [-1, -1]},
								"west": {"uv": [94, 113], "uv_size": [-1, -1]},
								"up": {"uv": [93, 112], "uv_size": [1, 1]},
								"down": {"uv": [93, 112], "uv_size": [1, 1]}
							}
						},
						{
							"origin": [4.647, 27.5, -2.45],
							"size": [0.3, 0.3, 0.6],
							"inflate": 0.001,
							"pivot": [3.06, 22.9, -14.6],
							"rotation": [0, 0, -45],
							"uv": {
								"north": {"uv": [112, 113], "uv_size": [1, 1]},
								"east": {"uv": [112, 113], "uv_size": [1, 1]},
								"south": {"uv": [112, 113], "uv_size": [1, 1]},
								"west": {"uv": [112, 113], "uv_size": [1, 1]},
								"up": {"uv": [113, 114], "uv_size": [-1, -1]},
								"down": {"uv": [113, 114], "uv_size": [-1, -1]}
							}
						},
						{
							"origin": [2.947, 27.5, -2.45],
							"size": [0.3, 0.3, 0.6],
							"inflate": 0.001,
							"pivot": [1.36, 22.9, -14.6],
							"rotation": [0, 0, -45],
							"uv": {
								"north": {"uv": [94, 113], "uv_size": [-1, -1]},
								"east": {"uv": [94, 113], "uv_size": [-1, -1]},
								"south": {"uv": [94, 113], "uv_size": [-1, -1]},
								"west": {"uv": [94, 113], "uv_size": [-1, -1]},
								"up": {"uv": [93, 112], "uv_size": [1, 1]},
								"down": {"uv": [93, 112], "uv_size": [1, 1]}
							}
						},
						{
							"origin": [-0.77, 27.4, -2.45],
							"size": [1.7, 0.3, 0.6],
							"inflate": 0.001,
							"uv": {
								"north": {"uv": [113, 17], "uv_size": [1, 1]},
								"east": {"uv": [18, 113], "uv_size": [1, 1]},
								"south": {"uv": [113, 18], "uv_size": [1, 1]},
								"west": {"uv": [19, 113], "uv_size": [1, 1]},
								"up": {"uv": [113, 19], "uv_size": [1, 1]},
								"down": {"uv": [20, 114], "uv_size": [1, -1]}
							}
						},
						{
							"origin": [4.647, 27.5, -3.75],
							"size": [0.3, 0.3, 0.6],
							"inflate": 0.001,
							"pivot": [3.06, 22.9, -15.9],
							"rotation": [0, 0, -45],
							"uv": {
								"north": {"uv": [112, 113], "uv_size": [1, 1]},
								"east": {"uv": [112, 113], "uv_size": [1, 1]},
								"south": {"uv": [112, 113], "uv_size": [1, 1]},
								"west": {"uv": [112, 113], "uv_size": [1, 1]},
								"up": {"uv": [113, 114], "uv_size": [-1, -1]},
								"down": {"uv": [113, 114], "uv_size": [-1, -1]}
							}
						},
						{
							"origin": [-0.77, 27.4, -3.75],
							"size": [1.7, 0.3, 0.6],
							"inflate": 0.001,
							"uv": {
								"north": {"uv": [113, 23], "uv_size": [1, 1]},
								"east": {"uv": [24, 113], "uv_size": [1, 1]},
								"south": {"uv": [113, 24], "uv_size": [1, 1]},
								"west": {"uv": [25, 113], "uv_size": [1, 1]},
								"up": {"uv": [113, 25], "uv_size": [1, 1]},
								"down": {"uv": [26, 114], "uv_size": [1, -1]}
							}
						},
						{
							"origin": [2.947, 27.5, -3.75],
							"size": [0.3, 0.3, 0.6],
							"inflate": 0.001,
							"pivot": [1.36, 22.9, -15.9],
							"rotation": [0, 0, -45],
							"uv": {
								"north": {"uv": [94, 113], "uv_size": [-1, -1]},
								"east": {"uv": [94, 113], "uv_size": [-1, -1]},
								"south": {"uv": [94, 113], "uv_size": [-1, -1]},
								"west": {"uv": [94, 113], "uv_size": [-1, -1]},
								"up": {"uv": [93, 112], "uv_size": [1, 1]},
								"down": {"uv": [93, 112], "uv_size": [1, 1]}
							}
						},
						{
							"origin": [4.647, 27.5, -5.05],
							"size": [0.3, 0.3, 0.6],
							"inflate": 0.001,
							"pivot": [3.06, 22.9, -17.2],
							"rotation": [0, 0, -45],
							"uv": {
								"north": {"uv": [112, 113], "uv_size": [1, 1]},
								"east": {"uv": [112, 113], "uv_size": [1, 1]},
								"south": {"uv": [112, 113], "uv_size": [1, 1]},
								"west": {"uv": [112, 113], "uv_size": [1, 1]},
								"up": {"uv": [113, 114], "uv_size": [-1, -1]},
								"down": {"uv": [113, 114], "uv_size": [-1, -1]}
							}
						},
						{
							"origin": [2.947, 27.5, -5.05],
							"size": [0.3, 0.3, 0.6],
							"inflate": 0.001,
							"pivot": [1.36, 22.9, -17.2],
							"rotation": [0, 0, -45],
							"uv": {
								"north": {"uv": [94, 113], "uv_size": [-1, -1]},
								"east": {"uv": [94, 113], "uv_size": [-1, -1]},
								"south": {"uv": [94, 113], "uv_size": [-1, -1]},
								"west": {"uv": [94, 113], "uv_size": [-1, -1]},
								"up": {"uv": [93, 112], "uv_size": [1, 1]},
								"down": {"uv": [93, 112], "uv_size": [1, 1]}
							}
						},
						{
							"origin": [-0.77, 27.4, -5.05],
							"size": [1.7, 0.3, 0.6],
							"inflate": 0.001,
							"uv": {
								"north": {"uv": [113, 35], "uv_size": [1, 1]},
								"east": {"uv": [36, 113], "uv_size": [1, 1]},
								"south": {"uv": [113, 36], "uv_size": [1, 1]},
								"west": {"uv": [37, 113], "uv_size": [1, 1]},
								"up": {"uv": [113, 37], "uv_size": [1, 1]},
								"down": {"uv": [38, 114], "uv_size": [1, -1]}
							}
						},
						{
							"origin": [4.647, 27.5, -6.35],
							"size": [0.3, 0.3, 0.6],
							"inflate": 0.001,
							"pivot": [3.06, 22.9, -18.5],
							"rotation": [0, 0, -45],
							"uv": {
								"north": {"uv": [112, 113], "uv_size": [1, 1]},
								"east": {"uv": [112, 113], "uv_size": [1, 1]},
								"south": {"uv": [112, 113], "uv_size": [1, 1]},
								"west": {"uv": [112, 113], "uv_size": [1, 1]},
								"up": {"uv": [113, 114], "uv_size": [-1, -1]},
								"down": {"uv": [113, 114], "uv_size": [-1, -1]}
							}
						},
						{
							"origin": [-0.77, 27.4, -6.35],
							"size": [1.7, 0.3, 0.6],
							"inflate": 0.001,
							"uv": {
								"north": {"uv": [113, 41], "uv_size": [1, 1]},
								"east": {"uv": [42, 113], "uv_size": [1, 1]},
								"south": {"uv": [113, 42], "uv_size": [1, 1]},
								"west": {"uv": [43, 113], "uv_size": [1, 1]},
								"up": {"uv": [113, 43], "uv_size": [1, 1]},
								"down": {"uv": [44, 114], "uv_size": [1, -1]}
							}
						},
						{
							"origin": [2.947, 27.5, -6.35],
							"size": [0.3, 0.3, 0.6],
							"inflate": 0.001,
							"pivot": [1.36, 22.9, -18.5],
							"rotation": [0, 0, -45],
							"uv": {
								"north": {"uv": [94, 113], "uv_size": [-1, -1]},
								"east": {"uv": [94, 113], "uv_size": [-1, -1]},
								"south": {"uv": [94, 113], "uv_size": [-1, -1]},
								"west": {"uv": [94, 113], "uv_size": [-1, -1]},
								"up": {"uv": [93, 112], "uv_size": [1, 1]},
								"down": {"uv": [93, 112], "uv_size": [1, 1]}
							}
						},
						{
							"origin": [4.647, 27.5, -7.65],
							"size": [0.3, 0.3, 0.6],
							"inflate": 0.001,
							"pivot": [3.06, 22.9, -19.8],
							"rotation": [0, 0, -45],
							"uv": {
								"north": {"uv": [112, 113], "uv_size": [1, 1]},
								"east": {"uv": [112, 113], "uv_size": [1, 1]},
								"south": {"uv": [112, 113], "uv_size": [1, 1]},
								"west": {"uv": [112, 113], "uv_size": [1, 1]},
								"up": {"uv": [113, 114], "uv_size": [-1, -1]},
								"down": {"uv": [113, 114], "uv_size": [-1, -1]}
							}
						},
						{
							"origin": [2.947, 27.5, -7.65],
							"size": [0.3, 0.3, 0.6],
							"inflate": 0.001,
							"pivot": [1.36, 22.9, -19.8],
							"rotation": [0, 0, -45],
							"uv": {
								"north": {"uv": [94, 113], "uv_size": [-1, -1]},
								"east": {"uv": [94, 113], "uv_size": [-1, -1]},
								"south": {"uv": [94, 113], "uv_size": [-1, -1]},
								"west": {"uv": [94, 113], "uv_size": [-1, -1]},
								"up": {"uv": [93, 112], "uv_size": [1, 1]},
								"down": {"uv": [93, 112], "uv_size": [1, 1]}
							}
						},
						{
							"origin": [-0.77, 27.4, -7.65],
							"size": [1.7, 0.3, 0.6],
							"inflate": 0.001,
							"uv": {
								"north": {"uv": [113, 53], "uv_size": [1, 1]},
								"east": {"uv": [54, 113], "uv_size": [1, 1]},
								"south": {"uv": [113, 54], "uv_size": [1, 1]},
								"west": {"uv": [55, 113], "uv_size": [1, 1]},
								"up": {"uv": [113, 55], "uv_size": [1, 1]},
								"down": {"uv": [56, 114], "uv_size": [1, -1]}
							}
						},
						{
							"origin": [4.647, 27.5, -8.95],
							"size": [0.3, 0.3, 0.6],
							"inflate": 0.001,
							"pivot": [3.06, 22.9, -21.1],
							"rotation": [0, 0, -45],
							"uv": {
								"north": {"uv": [112, 113], "uv_size": [1, 1]},
								"east": {"uv": [112, 113], "uv_size": [1, 1]},
								"south": {"uv": [112, 113], "uv_size": [1, 1]},
								"west": {"uv": [112, 113], "uv_size": [1, 1]},
								"up": {"uv": [113, 114], "uv_size": [-1, -1]},
								"down": {"uv": [113, 114], "uv_size": [-1, -1]}
							}
						},
						{
							"origin": [-0.77, 27.4, -8.95],
							"size": [1.7, 0.3, 0.6],
							"inflate": 0.001,
							"uv": {
								"north": {"uv": [113, 59], "uv_size": [1, 1]},
								"east": {"uv": [60, 113], "uv_size": [1, 1]},
								"south": {"uv": [113, 60], "uv_size": [1, 1]},
								"west": {"uv": [61, 113], "uv_size": [1, 1]},
								"up": {"uv": [113, 61], "uv_size": [1, 1]},
								"down": {"uv": [62, 114], "uv_size": [1, -1]}
							}
						},
						{
							"origin": [2.947, 27.5, -8.95],
							"size": [0.3, 0.3, 0.6],
							"inflate": 0.001,
							"pivot": [1.36, 22.9, -21.1],
							"rotation": [0, 0, -45],
							"uv": {
								"north": {"uv": [94, 113], "uv_size": [-1, -1]},
								"east": {"uv": [94, 113], "uv_size": [-1, -1]},
								"south": {"uv": [94, 113], "uv_size": [-1, -1]},
								"west": {"uv": [94, 113], "uv_size": [-1, -1]},
								"up": {"uv": [93, 112], "uv_size": [1, 1]},
								"down": {"uv": [93, 112], "uv_size": [1, 1]}
							}
						},
						{
							"origin": [4.647, 27.5, -10.25],
							"size": [0.3, 0.3, 0.6],
							"inflate": 0.001,
							"pivot": [3.06, 22.9, -22.4],
							"rotation": [0, 0, -45],
							"uv": {
								"north": {"uv": [112, 113], "uv_size": [1, 1]},
								"east": {"uv": [112, 113], "uv_size": [1, 1]},
								"south": {"uv": [112, 113], "uv_size": [1, 1]},
								"west": {"uv": [112, 113], "uv_size": [1, 1]},
								"up": {"uv": [113, 114], "uv_size": [-1, -1]},
								"down": {"uv": [113, 114], "uv_size": [-1, -1]}
							}
						},
						{
							"origin": [2.947, 27.5, -10.25],
							"size": [0.3, 0.3, 0.6],
							"inflate": 0.001,
							"pivot": [1.36, 22.9, -22.4],
							"rotation": [0, 0, -45],
							"uv": {
								"north": {"uv": [94, 113], "uv_size": [-1, -1]},
								"east": {"uv": [94, 113], "uv_size": [-1, -1]},
								"south": {"uv": [94, 113], "uv_size": [-1, -1]},
								"west": {"uv": [94, 113], "uv_size": [-1, -1]},
								"up": {"uv": [93, 112], "uv_size": [1, 1]},
								"down": {"uv": [93, 112], "uv_size": [1, 1]}
							}
						},
						{
							"origin": [-0.77, 27.4, -10.25],
							"size": [1.7, 0.3, 0.6],
							"inflate": 0.001,
							"uv": {
								"north": {"uv": [113, 71], "uv_size": [1, 1]},
								"east": {"uv": [72, 113], "uv_size": [1, 1]},
								"south": {"uv": [113, 72], "uv_size": [1, 1]},
								"west": {"uv": [73, 113], "uv_size": [1, 1]},
								"up": {"uv": [113, 73], "uv_size": [1, 1]},
								"down": {"uv": [74, 114], "uv_size": [1, -1]}
							}
						},
						{
							"origin": [4.647, 27.5, -11.55],
							"size": [0.3, 0.3, 0.6],
							"inflate": 0.001,
							"pivot": [3.06, 22.9, -23.7],
							"rotation": [0, 0, -45],
							"uv": {
								"north": {"uv": [112, 113], "uv_size": [1, 1]},
								"east": {"uv": [112, 113], "uv_size": [1, 1]},
								"south": {"uv": [112, 113], "uv_size": [1, 1]},
								"west": {"uv": [112, 113], "uv_size": [1, 1]},
								"up": {"uv": [113, 114], "uv_size": [-1, -1]},
								"down": {"uv": [113, 114], "uv_size": [-1, -1]}
							}
						},
						{
							"origin": [-0.77, 27.4, -11.55],
							"size": [1.7, 0.3, 0.6],
							"inflate": 0.001,
							"uv": {
								"north": {"uv": [113, 77], "uv_size": [1, 1]},
								"east": {"uv": [78, 113], "uv_size": [1, 1]},
								"south": {"uv": [113, 78], "uv_size": [1, 1]},
								"west": {"uv": [79, 113], "uv_size": [1, 1]},
								"up": {"uv": [113, 79], "uv_size": [1, 1]},
								"down": {"uv": [80, 114], "uv_size": [1, -1]}
							}
						},
						{
							"origin": [2.947, 27.5, -11.55],
							"size": [0.3, 0.3, 0.6],
							"inflate": 0.001,
							"pivot": [1.36, 22.9, -23.7],
							"rotation": [0, 0, -45],
							"uv": {
								"north": {"uv": [94, 113], "uv_size": [-1, -1]},
								"east": {"uv": [94, 113], "uv_size": [-1, -1]},
								"south": {"uv": [94, 113], "uv_size": [-1, -1]},
								"west": {"uv": [94, 113], "uv_size": [-1, -1]},
								"up": {"uv": [93, 112], "uv_size": [1, 1]},
								"down": {"uv": [93, 112], "uv_size": [1, 1]}
							}
						},
						{
							"origin": [4.647, 27.5, -12.85],
							"size": [0.3, 0.3, 0.6],
							"inflate": 0.001,
							"pivot": [3.06, 22.9, -25],
							"rotation": [0, 0, -45],
							"uv": {
								"north": {"uv": [112, 113], "uv_size": [1, 1]},
								"east": {"uv": [112, 113], "uv_size": [1, 1]},
								"south": {"uv": [112, 113], "uv_size": [1, 1]},
								"west": {"uv": [112, 113], "uv_size": [1, 1]},
								"up": {"uv": [113, 114], "uv_size": [-1, -1]},
								"down": {"uv": [113, 114], "uv_size": [-1, -1]}
							}
						},
						{
							"origin": [2.947, 27.5, -12.85],
							"size": [0.3, 0.3, 0.6],
							"inflate": 0.001,
							"pivot": [1.36, 22.9, -25],
							"rotation": [0, 0, -45],
							"uv": {
								"north": {"uv": [94, 113], "uv_size": [-1, -1]},
								"east": {"uv": [94, 113], "uv_size": [-1, -1]},
								"south": {"uv": [94, 113], "uv_size": [-1, -1]},
								"west": {"uv": [94, 113], "uv_size": [-1, -1]},
								"up": {"uv": [93, 112], "uv_size": [1, 1]},
								"down": {"uv": [93, 112], "uv_size": [1, 1]}
							}
						},
						{
							"origin": [-0.77, 27.4, -12.85],
							"size": [1.7, 0.3, 0.6],
							"inflate": 0.001,
							"uv": {
								"north": {"uv": [113, 89], "uv_size": [1, 1]},
								"east": {"uv": [90, 113], "uv_size": [1, 1]},
								"south": {"uv": [113, 90], "uv_size": [1, 1]},
								"west": {"uv": [91, 113], "uv_size": [1, 1]},
								"up": {"uv": [113, 91], "uv_size": [1, 1]},
								"down": {"uv": [92, 114], "uv_size": [1, -1]}
							}
						},
						{
							"origin": [4.647, 27.5, -14.15],
							"size": [0.3, 0.3, 0.6],
							"inflate": 0.001,
							"pivot": [3.06, 22.9, -26.3],
							"rotation": [0, 0, -45],
							"uv": {
								"north": {"uv": [112, 113], "uv_size": [1, 1]},
								"east": {"uv": [112, 113], "uv_size": [1, 1]},
								"south": {"uv": [112, 113], "uv_size": [1, 1]},
								"west": {"uv": [112, 113], "uv_size": [1, 1]},
								"up": {"uv": [113, 114], "uv_size": [-1, -1]},
								"down": {"uv": [113, 114], "uv_size": [-1, -1]}
							}
						},
						{
							"origin": [-0.77, 27.4, -14.15],
							"size": [1.7, 0.3, 0.6],
							"inflate": 0.001,
							"uv": {
								"north": {"uv": [113, 95], "uv_size": [1, 1]},
								"east": {"uv": [96, 113], "uv_size": [1, 1]},
								"south": {"uv": [113, 96], "uv_size": [1, 1]},
								"west": {"uv": [97, 113], "uv_size": [1, 1]},
								"up": {"uv": [113, 97], "uv_size": [1, 1]},
								"down": {"uv": [98, 114], "uv_size": [1, -1]}
							}
						},
						{
							"origin": [2.947, 27.5, -14.15],
							"size": [0.3, 0.3, 0.6],
							"inflate": 0.001,
							"pivot": [1.36, 22.9, -26.3],
							"rotation": [0, 0, -45],
							"uv": {
								"north": {"uv": [94, 113], "uv_size": [-1, -1]},
								"east": {"uv": [94, 113], "uv_size": [-1, -1]},
								"south": {"uv": [94, 113], "uv_size": [-1, -1]},
								"west": {"uv": [94, 113], "uv_size": [-1, -1]},
								"up": {"uv": [93, 112], "uv_size": [1, 1]},
								"down": {"uv": [93, 112], "uv_size": [1, 1]}
							}
						},
						{
							"origin": [4.647, 27.5, -15.45],
							"size": [0.3, 0.3, 0.6],
							"inflate": 0.001,
							"pivot": [3.06, 22.9, -27.6],
							"rotation": [0, 0, -45],
							"uv": {
								"north": {"uv": [112, 113], "uv_size": [1, 1]},
								"east": {"uv": [112, 113], "uv_size": [1, 1]},
								"south": {"uv": [112, 113], "uv_size": [1, 1]},
								"west": {"uv": [112, 113], "uv_size": [1, 1]},
								"up": {"uv": [113, 114], "uv_size": [-1, -1]},
								"down": {"uv": [113, 114], "uv_size": [-1, -1]}
							}
						},
						{
							"origin": [2.947, 27.5, -15.45],
							"size": [0.3, 0.3, 0.6],
							"inflate": 0.001,
							"pivot": [1.36, 22.9, -27.6],
							"rotation": [0, 0, -45],
							"uv": {
								"north": {"uv": [94, 113], "uv_size": [-1, -1]},
								"east": {"uv": [94, 113], "uv_size": [-1, -1]},
								"south": {"uv": [94, 113], "uv_size": [-1, -1]},
								"west": {"uv": [94, 113], "uv_size": [-1, -1]},
								"up": {"uv": [93, 112], "uv_size": [1, 1]},
								"down": {"uv": [93, 112], "uv_size": [1, 1]}
							}
						},
						{
							"origin": [-0.77, 27.4, -15.45],
							"size": [1.7, 0.3, 0.6],
							"inflate": 0.001,
							"uv": {
								"north": {"uv": [113, 107], "uv_size": [1, 1]},
								"east": {"uv": [108, 113], "uv_size": [1, 1]},
								"south": {"uv": [113, 108], "uv_size": [1, 1]},
								"west": {"uv": [109, 113], "uv_size": [1, 1]},
								"up": {"uv": [113, 109], "uv_size": [1, 1]},
								"down": {"uv": [110, 114], "uv_size": [1, -1]}
							}
						},
						{
							"origin": [4.647, 27.5, -16.75],
							"size": [0.3, 0.3, 0.6],
							"inflate": 0.001,
							"pivot": [3.06, 22.9, -28.9],
							"rotation": [0, 0, -45],
							"uv": {
								"north": {"uv": [112, 113], "uv_size": [1, 1]},
								"east": {"uv": [112, 113], "uv_size": [1, 1]},
								"south": {"uv": [112, 113], "uv_size": [1, 1]},
								"west": {"uv": [112, 113], "uv_size": [1, 1]},
								"up": {"uv": [113, 114], "uv_size": [-1, -1]},
								"down": {"uv": [113, 114], "uv_size": [-1, -1]}
							}
						},
						{
							"origin": [-0.57, 27.4, -16.75],
							"size": [1.3, 0.3, 0.6],
							"inflate": 0.001,
							"uv": {
								"north": {"uv": [0, 114], "uv_size": [1, 1]},
								"east": {"uv": [114, 0], "uv_size": [1, 1]},
								"south": {"uv": [1, 114], "uv_size": [1, 1]},
								"west": {"uv": [114, 1], "uv_size": [1, 1]},
								"up": {"uv": [2, 114], "uv_size": [1, 1]},
								"down": {"uv": [114, 3], "uv_size": [1, -1]}
							}
						},
						{
							"origin": [2.947, 27.5, -16.75],
							"size": [0.3, 0.3, 0.6],
							"inflate": 0.001,
							"pivot": [1.36, 22.9, -28.9],
							"rotation": [0, 0, -45],
							"uv": {
								"north": {"uv": [94, 113], "uv_size": [-1, -1]},
								"east": {"uv": [94, 113], "uv_size": [-1, -1]},
								"south": {"uv": [94, 113], "uv_size": [-1, -1]},
								"west": {"uv": [94, 113], "uv_size": [-1, -1]},
								"up": {"uv": [93, 112], "uv_size": [1, 1]},
								"down": {"uv": [93, 112], "uv_size": [1, 1]}
							}
						},
						{
							"origin": [-0.77, 26.8, -17.99],
							"size": [1.7, 0.6, 22.06],
							"inflate": 0.001,
							"uv": {
								"north": {"uv": [73, 10], "uv_size": [29, 1]},
								"east": {"uv": [73, 10], "uv_size": [29, 1]},
								"south": {"uv": [73, 10], "uv_size": [29, 1]},
								"west": {"uv": [73, 10], "uv_size": [29, 1]},
								"up": {"uv": [102, 11], "uv_size": [-29, -1]},
								"down": {"uv": [102, 11], "uv_size": [-29, -1]}
							}
						}
					]
				},
				{
					"name": "_ca_dustcover",
					"parent": "main",
					"pivot": [-0.2, 21.85, -2.925],
					"cubes": [
						{"origin": [-0.45, 23.15, 4.875], "size": [1, 1, 1], "uv": [24, 121]}
					]
				}
			]
		}
	]
}