{
	"format_version": "1.12.0",
	"minecraft:geometry": [
		{
			"description": {
				"identifier": "geometry.unknown",
				"texture_width": 32,
				"texture_height": 32,
				"visible_bounds_width": 8,
				"visible_bounds_height": 4,
				"visible_bounds_offset": [0, 1, 0]
			},
			"bones": [
				{
					"name": "main",
					"pivot": [0, 20, 62.9]
				},
				{
					"name": "gun",
					"parent": "main",
					"pivot": [1, 10.5, 34],
					"cubes": [
						{
							"origin": [-1.45575, 18.98925, -3.125],
							"size": [2.8215, 1.2705, 4.29],
							"uv": {
								"north": {"uv": [14, 6], "uv_size": [3, 1]},
								"east": {"uv": [6, 0], "uv_size": [11, 1]},
								"south": {"uv": [14, 7], "uv_size": [3, 1]},
								"west": {"uv": [6, 1], "uv_size": [11, 1]},
								"up": {"uv": [0, 0], "uv_size": [3, 11]},
								"down": {"uv": [3, 11], "uv_size": [3, -11]}
							}
						},
						{
							"origin": [-1.2467, 16.15965, -0.0449],
							"size": [2.40341, 2.02094, 1.0998],
							"inflate": -0.001,
							"pivot": [1.57475, 17.83425, -0.045],
							"rotation": [133.75, 0, 0],
							"uv": {
								"north": {"uv": [8, 14], "uv_size": [3, 1]},
								"east": {"uv": [5, 11], "uv_size": [1, 1]},
								"south": {"uv": [14, 8], "uv_size": [3, 1]},
								"west": {"uv": [4, 13], "uv_size": [1, 1]},
								"up": {"uv": [14, 9], "uv_size": [3, 1]},
								"down": {"uv": [14, 11], "uv_size": [3, -1]}
							}
						},
						{
							"origin": [-1.2467, 16.15965, -3.0149],
							"size": [2.40341, 2.13644, 1.0998],
							"inflate": -0.001,
							"pivot": [1.57475, 17.83425, -1.915],
							"rotation": [-133.75, 0, 0],
							"uv": {
								"north": {"uv": [17, 8], "uv_size": [-3, 1]},
								"east": {"uv": [6, 11], "uv_size": [-1, 1]},
								"south": {"uv": [11, 14], "uv_size": [-3, 1]},
								"west": {"uv": [5, 13], "uv_size": [-1, 1]},
								"up": {"uv": [14, 10], "uv_size": [3, -1]},
								"down": {"uv": [14, 10], "uv_size": [3, 1]}
							}
						},
						{
							"origin": [-1.1945, 17.5455, -2.465],
							"size": [2.299, 0.1155, 0.22],
							"pivot": [1.1045, 18.52725, -4.555],
							"rotation": [48.5, 0, 0],
							"uv": {
								"north": {"uv": [11, 14], "uv_size": [2, 1]},
								"east": {"uv": [16, 12], "uv_size": [1, 1]},
								"south": {"uv": [14, 11], "uv_size": [2, 1]},
								"west": {"uv": [16, 13], "uv_size": [1, 1]},
								"up": {"uv": [14, 12], "uv_size": [2, 1]},
								"down": {"uv": [13, 15], "uv_size": [2, -1]}
							}
						}
					]
				},
				{
					"name": "bone",
					"parent": "gun",
					"pivot": [0.6865, 11.886, 27.73],
					"cubes": [
						{
							"origin": [-1.22615, 14.9173, -1.67235],
							"size": [2.42208, 4.13934, 1.44956],
							"uv": {
								"north": {"uv": [2, 11], "uv_size": [3, 2]},
								"east": {"uv": [12, 6], "uv_size": [2, 2]},
								"south": {"uv": [12, 2], "uv_size": [3, 2]},
								"west": {"uv": [8, 12], "uv_size": [2, 2]},
								"up": {"uv": [12, 4], "uv_size": [3, 2]},
								"down": {"uv": [5, 14], "uv_size": [3, -2]}
							}
						},
						{
							"origin": [-1.22615, 14.1088, -1.67235],
							"size": [2.42208, 0.44334, 1.44956],
							"uv": {
								"north": {"uv": [2, 11], "uv_size": [3, 2]},
								"east": {"uv": [12, 6], "uv_size": [2, 2]},
								"south": {"uv": [12, 2], "uv_size": [3, 2]},
								"west": {"uv": [8, 12], "uv_size": [2, 2]},
								"up": {"uv": [12, 4], "uv_size": [3, 2]},
								"down": {"uv": [5, 14], "uv_size": [3, -2]}
							}
						},
						{
							"origin": [-1.33065, 13.3003, -1.78235],
							"size": [2.63108, 0.44334, 1.66956],
							"uv": {
								"north": {"uv": [2, 11], "uv_size": [3, 2]},
								"east": {"uv": [12, 6], "uv_size": [2, 2]},
								"south": {"uv": [12, 2], "uv_size": [3, 2]},
								"west": {"uv": [8, 12], "uv_size": [2, 2]},
								"up": {"uv": [12, 4], "uv_size": [3, 2]},
								"down": {"uv": [5, 14], "uv_size": [3, -2]}
							}
						},
						{
							"origin": [0.78055, 13.3003, -2.28625],
							"size": [0.70015, 0.44334, 0.56956],
							"pivot": [0.76864, 13.72575, -2.28625],
							"rotation": [0, -42, 0],
							"uv": {
								"north": {"uv": [2, 11], "uv_size": [3, 2]},
								"east": {"uv": [12, 6], "uv_size": [2, 2]},
								"south": {"uv": [12, 2], "uv_size": [3, 2]},
								"west": {"uv": [8, 12], "uv_size": [2, 2]},
								"up": {"uv": [12, 4], "uv_size": [3, 2]},
								"down": {"uv": [5, 14], "uv_size": [3, -2]}
							}
						},
						{
							"origin": [-1.49755, 13.3003, -2.322],
							"size": [0.70015, 0.44334, 0.56956],
							"pivot": [-0.75414, 13.72575, -2.28625],
							"rotation": [0, 42, 0],
							"uv": {
								"north": {"uv": [5, 11], "uv_size": [-3, 2]},
								"east": {"uv": [10, 12], "uv_size": [-2, 2]},
								"south": {"uv": [15, 2], "uv_size": [-3, 2]},
								"west": {"uv": [14, 6], "uv_size": [-2, 2]},
								"up": {"uv": [15, 4], "uv_size": [-3, 2]},
								"down": {"uv": [8, 14], "uv_size": [-3, -2]}
							}
						},
						{
							"origin": [-1.4662, 13.3003, -0.1715],
							"size": [0.70015, 0.44334, 0.56956],
							"pivot": [-0.75414, 13.72575, 0.32625],
							"rotation": [0, -42, 0],
							"uv": {
								"north": {"uv": [12, 2], "uv_size": [3, 2]},
								"east": {"uv": [8, 12], "uv_size": [2, 2]},
								"south": {"uv": [2, 11], "uv_size": [3, 2]},
								"west": {"uv": [12, 6], "uv_size": [2, 2]},
								"up": {"uv": [15, 6], "uv_size": [-3, -2]},
								"down": {"uv": [8, 12], "uv_size": [-3, 2]}
							}
						},
						{
							"origin": [0.71785, 13.3003, -0.1275],
							"size": [0.70015, 0.44334, 0.56956],
							"pivot": [0.66414, 13.72575, 0.32625],
							"rotation": [0, 42, 0],
							"uv": {
								"north": {"uv": [15, 2], "uv_size": [-3, 2]},
								"east": {"uv": [14, 6], "uv_size": [-2, 2]},
								"south": {"uv": [5, 11], "uv_size": [-3, 2]},
								"west": {"uv": [10, 12], "uv_size": [-2, 2]},
								"up": {"uv": [12, 6], "uv_size": [3, -2]},
								"down": {"uv": [5, 12], "uv_size": [3, 2]}
							}
						},
						{
							"origin": [0.71785, 12.6073, -0.1275],
							"size": [0.70015, 0.44334, 0.56956],
							"pivot": [0.66414, 13.03275, 0.32625],
							"rotation": [0, 42, 0],
							"uv": {
								"north": {"uv": [15, 2], "uv_size": [-3, 2]},
								"east": {"uv": [14, 6], "uv_size": [-2, 2]},
								"south": {"uv": [5, 11], "uv_size": [-3, 2]},
								"west": {"uv": [10, 12], "uv_size": [-2, 2]},
								"up": {"uv": [12, 6], "uv_size": [3, -2]},
								"down": {"uv": [5, 12], "uv_size": [3, 2]}
							}
						},
						{
							"origin": [-1.4662, 12.6073, -0.1715],
							"size": [0.70015, 0.44334, 0.56956],
							"pivot": [-0.75414, 13.03275, 0.32625],
							"rotation": [0, -42, 0],
							"uv": {
								"north": {"uv": [12, 2], "uv_size": [3, 2]},
								"east": {"uv": [8, 12], "uv_size": [2, 2]},
								"south": {"uv": [2, 11], "uv_size": [3, 2]},
								"west": {"uv": [12, 6], "uv_size": [2, 2]},
								"up": {"uv": [15, 6], "uv_size": [-3, -2]},
								"down": {"uv": [8, 12], "uv_size": [-3, 2]}
							}
						},
						{
							"origin": [-1.49755, 12.6073, -2.322],
							"size": [0.70015, 0.44334, 0.56956],
							"pivot": [-0.75414, 13.03275, -2.28625],
							"rotation": [0, 42, 0],
							"uv": {
								"north": {"uv": [5, 11], "uv_size": [-3, 2]},
								"east": {"uv": [10, 12], "uv_size": [-2, 2]},
								"south": {"uv": [15, 2], "uv_size": [-3, 2]},
								"west": {"uv": [14, 6], "uv_size": [-2, 2]},
								"up": {"uv": [15, 4], "uv_size": [-3, 2]},
								"down": {"uv": [8, 14], "uv_size": [-3, -2]}
							}
						},
						{
							"origin": [0.78055, 12.6073, -2.28625],
							"size": [0.70015, 0.44334, 0.56956],
							"pivot": [0.76864, 13.03275, -2.28625],
							"rotation": [0, -42, 0],
							"uv": {
								"north": {"uv": [2, 11], "uv_size": [3, 2]},
								"east": {"uv": [12, 6], "uv_size": [2, 2]},
								"south": {"uv": [12, 2], "uv_size": [3, 2]},
								"west": {"uv": [8, 12], "uv_size": [2, 2]},
								"up": {"uv": [12, 4], "uv_size": [3, 2]},
								"down": {"uv": [5, 14], "uv_size": [3, -2]}
							}
						},
						{
							"origin": [0.71785, 11.7988, -0.1275],
							"size": [0.70015, 0.44334, 0.56956],
							"pivot": [0.66414, 12.22425, 0.32625],
							"rotation": [0, 42, 0],
							"uv": {
								"north": {"uv": [15, 2], "uv_size": [-3, 2]},
								"east": {"uv": [14, 6], "uv_size": [-2, 2]},
								"south": {"uv": [5, 11], "uv_size": [-3, 2]},
								"west": {"uv": [10, 12], "uv_size": [-2, 2]},
								"up": {"uv": [12, 6], "uv_size": [3, -2]},
								"down": {"uv": [5, 12], "uv_size": [3, 2]}
							}
						},
						{
							"origin": [-1.4662, 11.7988, -0.1715],
							"size": [0.70015, 0.44334, 0.56956],
							"pivot": [-0.75414, 12.22425, 0.32625],
							"rotation": [0, -42, 0],
							"uv": {
								"north": {"uv": [12, 2], "uv_size": [3, 2]},
								"east": {"uv": [8, 12], "uv_size": [2, 2]},
								"south": {"uv": [2, 11], "uv_size": [3, 2]},
								"west": {"uv": [12, 6], "uv_size": [2, 2]},
								"up": {"uv": [15, 6], "uv_size": [-3, -2]},
								"down": {"uv": [8, 12], "uv_size": [-3, 2]}
							}
						},
						{
							"origin": [-1.49755, 11.7988, -2.322],
							"size": [0.70015, 0.44334, 0.56956],
							"pivot": [-0.75414, 12.22425, -2.28625],
							"rotation": [0, 42, 0],
							"uv": {
								"north": {"uv": [5, 11], "uv_size": [-3, 2]},
								"east": {"uv": [10, 12], "uv_size": [-2, 2]},
								"south": {"uv": [15, 2], "uv_size": [-3, 2]},
								"west": {"uv": [14, 6], "uv_size": [-2, 2]},
								"up": {"uv": [15, 4], "uv_size": [-3, 2]},
								"down": {"uv": [8, 14], "uv_size": [-3, -2]}
							}
						},
						{
							"origin": [0.78055, 11.7988, -2.28625],
							"size": [0.70015, 0.44334, 0.56956],
							"pivot": [0.76864, 12.22425, -2.28625],
							"rotation": [0, -42, 0],
							"uv": {
								"north": {"uv": [2, 11], "uv_size": [3, 2]},
								"east": {"uv": [12, 6], "uv_size": [2, 2]},
								"south": {"uv": [12, 2], "uv_size": [3, 2]},
								"west": {"uv": [8, 12], "uv_size": [2, 2]},
								"up": {"uv": [12, 4], "uv_size": [3, 2]},
								"down": {"uv": [5, 14], "uv_size": [3, -2]}
							}
						},
						{
							"origin": [0.61335, 10.9903, -0.2375],
							"size": [0.70015, 0.44334, 0.56956],
							"pivot": [0.55964, 11.41575, 0.21625],
							"rotation": [0, 42, 0],
							"uv": {
								"north": {"uv": [15, 2], "uv_size": [-3, 2]},
								"east": {"uv": [14, 6], "uv_size": [-2, 2]},
								"south": {"uv": [5, 11], "uv_size": [-3, 2]},
								"west": {"uv": [10, 12], "uv_size": [-2, 2]},
								"up": {"uv": [12, 6], "uv_size": [3, -2]},
								"down": {"uv": [5, 12], "uv_size": [3, 2]}
							}
						},
						{
							"origin": [-1.3617, 10.9903, -0.2815],
							"size": [0.70015, 0.44334, 0.56956],
							"pivot": [-0.64964, 11.41575, 0.21625],
							"rotation": [0, -42, 0],
							"uv": {
								"north": {"uv": [12, 2], "uv_size": [3, 2]},
								"east": {"uv": [8, 12], "uv_size": [2, 2]},
								"south": {"uv": [2, 11], "uv_size": [3, 2]},
								"west": {"uv": [12, 6], "uv_size": [2, 2]},
								"up": {"uv": [15, 6], "uv_size": [-3, -2]},
								"down": {"uv": [8, 12], "uv_size": [-3, 2]}
							}
						},
						{
							"origin": [-1.39305, 10.9903, -2.212],
							"size": [0.70015, 0.44334, 0.56956],
							"pivot": [-0.64964, 11.41575, -2.17625],
							"rotation": [0, 42, 0],
							"uv": {
								"north": {"uv": [5, 11], "uv_size": [-3, 2]},
								"east": {"uv": [10, 12], "uv_size": [-2, 2]},
								"south": {"uv": [15, 2], "uv_size": [-3, 2]},
								"west": {"uv": [14, 6], "uv_size": [-2, 2]},
								"up": {"uv": [15, 4], "uv_size": [-3, 2]},
								"down": {"uv": [8, 14], "uv_size": [-3, -2]}
							}
						},
						{
							"origin": [0.67605, 10.9903, -2.17625],
							"size": [0.70015, 0.44334, 0.56956],
							"pivot": [0.66414, 11.41575, -2.17625],
							"rotation": [0, -42, 0],
							"uv": {
								"north": {"uv": [2, 11], "uv_size": [3, 2]},
								"east": {"uv": [12, 6], "uv_size": [2, 2]},
								"south": {"uv": [12, 2], "uv_size": [3, 2]},
								"west": {"uv": [8, 12], "uv_size": [2, 2]},
								"up": {"uv": [12, 4], "uv_size": [3, 2]},
								"down": {"uv": [5, 14], "uv_size": [3, -2]}
							}
						},
						{
							"origin": [-1.3617, 10.1818, -0.2815],
							"size": [0.70015, 0.44334, 0.56956],
							"pivot": [-0.64964, 10.60725, 0.21625],
							"rotation": [0, -42, 0],
							"uv": {
								"north": {"uv": [12, 2], "uv_size": [3, 2]},
								"east": {"uv": [8, 12], "uv_size": [2, 2]},
								"south": {"uv": [2, 11], "uv_size": [3, 2]},
								"west": {"uv": [12, 6], "uv_size": [2, 2]},
								"up": {"uv": [15, 6], "uv_size": [-3, -2]},
								"down": {"uv": [8, 12], "uv_size": [-3, 2]}
							}
						},
						{
							"origin": [-1.39305, 10.1818, -2.212],
							"size": [0.70015, 0.44334, 0.56956],
							"pivot": [-0.64964, 10.60725, -2.17625],
							"rotation": [0, 42, 0],
							"uv": {
								"north": {"uv": [5, 11], "uv_size": [-3, 2]},
								"east": {"uv": [10, 12], "uv_size": [-2, 2]},
								"south": {"uv": [15, 2], "uv_size": [-3, 2]},
								"west": {"uv": [14, 6], "uv_size": [-2, 2]},
								"up": {"uv": [15, 4], "uv_size": [-3, 2]},
								"down": {"uv": [8, 14], "uv_size": [-3, -2]}
							}
						},
						{
							"origin": [0.67605, 10.1818, -2.17625],
							"size": [0.70015, 0.44334, 0.56956],
							"pivot": [0.66414, 10.60725, -2.17625],
							"rotation": [0, -42, 0],
							"uv": {
								"north": {"uv": [2, 11], "uv_size": [3, 2]},
								"east": {"uv": [12, 6], "uv_size": [2, 2]},
								"south": {"uv": [12, 2], "uv_size": [3, 2]},
								"west": {"uv": [8, 12], "uv_size": [2, 2]},
								"up": {"uv": [12, 4], "uv_size": [3, 2]},
								"down": {"uv": [5, 14], "uv_size": [3, -2]}
							}
						},
						{
							"origin": [0.61335, 10.1818, -0.2375],
							"size": [0.70015, 0.44334, 0.56956],
							"pivot": [0.55964, 10.60725, 0.21625],
							"rotation": [0, 42, 0],
							"uv": {
								"north": {"uv": [15, 2], "uv_size": [-3, 2]},
								"east": {"uv": [14, 6], "uv_size": [-2, 2]},
								"south": {"uv": [5, 11], "uv_size": [-3, 2]},
								"west": {"uv": [10, 12], "uv_size": [-2, 2]},
								"up": {"uv": [12, 6], "uv_size": [3, -2]},
								"down": {"uv": [5, 12], "uv_size": [3, 2]}
							}
						},
						{
							"origin": [-1.3617, 14.1088, -0.2815],
							"size": [0.70015, 0.44334, 0.56956],
							"pivot": [-0.64964, 14.53425, 0.21625],
							"rotation": [0, -42, 0],
							"uv": {
								"north": {"uv": [12, 2], "uv_size": [3, 2]},
								"east": {"uv": [8, 12], "uv_size": [2, 2]},
								"south": {"uv": [2, 11], "uv_size": [3, 2]},
								"west": {"uv": [12, 6], "uv_size": [2, 2]},
								"up": {"uv": [15, 6], "uv_size": [-3, -2]},
								"down": {"uv": [8, 12], "uv_size": [-3, 2]}
							}
						},
						{
							"origin": [-1.39305, 14.1088, -2.212],
							"size": [0.70015, 0.44334, 0.56956],
							"pivot": [-0.64964, 14.53425, -2.17625],
							"rotation": [0, 42, 0],
							"uv": {
								"north": {"uv": [5, 11], "uv_size": [-3, 2]},
								"east": {"uv": [10, 12], "uv_size": [-2, 2]},
								"south": {"uv": [15, 2], "uv_size": [-3, 2]},
								"west": {"uv": [14, 6], "uv_size": [-2, 2]},
								"up": {"uv": [15, 4], "uv_size": [-3, 2]},
								"down": {"uv": [8, 14], "uv_size": [-3, -2]}
							}
						},
						{
							"origin": [0.67605, 14.1088, -2.17625],
							"size": [0.70015, 0.44334, 0.56956],
							"pivot": [0.66414, 14.53425, -2.17625],
							"rotation": [0, -42, 0],
							"uv": {
								"north": {"uv": [2, 11], "uv_size": [3, 2]},
								"east": {"uv": [12, 6], "uv_size": [2, 2]},
								"south": {"uv": [12, 2], "uv_size": [3, 2]},
								"west": {"uv": [8, 12], "uv_size": [2, 2]},
								"up": {"uv": [12, 4], "uv_size": [3, 2]},
								"down": {"uv": [5, 14], "uv_size": [3, -2]}
							}
						},
						{
							"origin": [0.61335, 14.1088, -0.2375],
							"size": [0.70015, 0.44334, 0.56956],
							"pivot": [0.55964, 14.53425, 0.21625],
							"rotation": [0, 42, 0],
							"uv": {
								"north": {"uv": [15, 2], "uv_size": [-3, 2]},
								"east": {"uv": [14, 6], "uv_size": [-2, 2]},
								"south": {"uv": [5, 11], "uv_size": [-3, 2]},
								"west": {"uv": [10, 12], "uv_size": [-2, 2]},
								"up": {"uv": [12, 6], "uv_size": [3, -2]},
								"down": {"uv": [5, 12], "uv_size": [3, 2]}
							}
						},
						{
							"origin": [-1.3617, 14.9173, -0.2815],
							"size": [0.70015, 4.13934, 0.56956],
							"pivot": [-0.64964, 15.34275, 0.21625],
							"rotation": [0, -42, 0],
							"uv": {
								"north": {"uv": [12, 2], "uv_size": [3, 2]},
								"east": {"uv": [8, 12], "uv_size": [2, 2]},
								"south": {"uv": [2, 11], "uv_size": [3, 2]},
								"west": {"uv": [12, 6], "uv_size": [2, 2]},
								"up": {"uv": [15, 6], "uv_size": [-3, -2]},
								"down": {"uv": [8, 12], "uv_size": [-3, 2]}
							}
						},
						{
							"origin": [-1.39305, 14.9173, -2.212],
							"size": [0.70015, 4.13934, 0.56956],
							"pivot": [-0.64964, 15.34275, -2.17625],
							"rotation": [0, 42, 0],
							"uv": {
								"north": {"uv": [5, 11], "uv_size": [-3, 2]},
								"east": {"uv": [10, 12], "uv_size": [-2, 2]},
								"south": {"uv": [15, 2], "uv_size": [-3, 2]},
								"west": {"uv": [14, 6], "uv_size": [-2, 2]},
								"up": {"uv": [15, 4], "uv_size": [-3, 2]},
								"down": {"uv": [8, 14], "uv_size": [-3, -2]}
							}
						},
						{
							"origin": [0.67605, 14.9173, -2.17625],
							"size": [0.70015, 4.13934, 0.56956],
							"pivot": [0.66414, 15.34275, -2.17625],
							"rotation": [0, -42, 0],
							"uv": {
								"north": {"uv": [2, 11], "uv_size": [3, 2]},
								"east": {"uv": [12, 6], "uv_size": [2, 2]},
								"south": {"uv": [12, 2], "uv_size": [3, 2]},
								"west": {"uv": [8, 12], "uv_size": [2, 2]},
								"up": {"uv": [12, 4], "uv_size": [3, 2]},
								"down": {"uv": [5, 14], "uv_size": [3, -2]}
							}
						},
						{
							"origin": [0.61335, 14.9173, -0.2375],
							"size": [0.70015, 4.13934, 0.56956],
							"pivot": [0.55964, 15.34275, 0.21625],
							"rotation": [0, 42, 0],
							"uv": {
								"north": {"uv": [15, 2], "uv_size": [-3, 2]},
								"east": {"uv": [14, 6], "uv_size": [-2, 2]},
								"south": {"uv": [5, 11], "uv_size": [-3, 2]},
								"west": {"uv": [10, 12], "uv_size": [-2, 2]},
								"up": {"uv": [12, 6], "uv_size": [3, -2]},
								"down": {"uv": [5, 12], "uv_size": [3, 2]}
							}
						},
						{
							"origin": [-1.33065, 12.6073, -1.78235],
							"size": [2.63108, 0.44334, 1.66956],
							"uv": {
								"north": {"uv": [2, 11], "uv_size": [3, 2]},
								"east": {"uv": [12, 6], "uv_size": [2, 2]},
								"south": {"uv": [12, 2], "uv_size": [3, 2]},
								"west": {"uv": [8, 12], "uv_size": [2, 2]},
								"up": {"uv": [12, 4], "uv_size": [3, 2]},
								"down": {"uv": [5, 14], "uv_size": [3, -2]}
							}
						},
						{
							"origin": [-1.33065, 11.7988, -1.78235],
							"size": [2.63108, 0.44334, 1.66956],
							"uv": {
								"north": {"uv": [2, 11], "uv_size": [3, 2]},
								"east": {"uv": [12, 6], "uv_size": [2, 2]},
								"south": {"uv": [12, 2], "uv_size": [3, 2]},
								"west": {"uv": [8, 12], "uv_size": [2, 2]},
								"up": {"uv": [12, 4], "uv_size": [3, 2]},
								"down": {"uv": [5, 14], "uv_size": [3, -2]}
							}
						},
						{
							"origin": [-1.22615, 10.9903, -1.67235],
							"size": [2.42208, 0.44334, 1.44956],
							"uv": {
								"north": {"uv": [2, 11], "uv_size": [3, 2]},
								"east": {"uv": [12, 6], "uv_size": [2, 2]},
								"south": {"uv": [12, 2], "uv_size": [3, 2]},
								"west": {"uv": [8, 12], "uv_size": [2, 2]},
								"up": {"uv": [12, 4], "uv_size": [3, 2]},
								"down": {"uv": [5, 14], "uv_size": [3, -2]}
							}
						},
						{
							"origin": [-1.22615, 10.1818, -1.67235],
							"size": [2.42208, 0.44334, 1.44956],
							"uv": {
								"north": {"uv": [2, 11], "uv_size": [3, 2]},
								"east": {"uv": [12, 6], "uv_size": [2, 2]},
								"south": {"uv": [12, 2], "uv_size": [3, 2]},
								"west": {"uv": [8, 12], "uv_size": [2, 2]},
								"up": {"uv": [12, 4], "uv_size": [3, 2]},
								"down": {"uv": [5, 14], "uv_size": [3, -2]}
							}
						},
						{
							"origin": [-1.12165, 10.4128, -1.56235],
							"size": [2.21308, 4.60134, 1.22956],
							"uv": {
								"north": {"uv": [2, 11], "uv_size": [3, 2]},
								"east": {"uv": [12, 6], "uv_size": [2, 2]},
								"south": {"uv": [12, 2], "uv_size": [3, 2]},
								"west": {"uv": [8, 12], "uv_size": [2, 2]},
								"up": {"uv": [12, 4], "uv_size": [3, 2]},
								"down": {"uv": [5, 14], "uv_size": [3, -2]}
							}
						},
						{
							"origin": [-0.70273, 14.9173, -2.17624],
							"size": [1.37708, 4.13934, 2.43956],
							"uv": {
								"north": {"uv": [8, 12], "uv_size": [2, 2]},
								"east": {"uv": [2, 11], "uv_size": [3, 2]},
								"south": {"uv": [12, 6], "uv_size": [2, 2]},
								"west": {"uv": [12, 2], "uv_size": [3, 2]},
								"up": {"uv": [12, 4], "uv_size": [3, 2]},
								"down": {"uv": [5, 14], "uv_size": [3, -2]}
							}
						},
						{
							"origin": [-0.59823, 10.4128, -2.06624],
							"size": [1.16808, 4.60134, 2.21956],
							"uv": {
								"north": {"uv": [8, 12], "uv_size": [2, 2]},
								"east": {"uv": [2, 11], "uv_size": [3, 2]},
								"south": {"uv": [12, 6], "uv_size": [2, 2]},
								"west": {"uv": [12, 2], "uv_size": [3, 2]},
								"up": {"uv": [12, 4], "uv_size": [3, 2]},
								"down": {"uv": [5, 14], "uv_size": [3, -2]}
							}
						},
						{
							"origin": [-0.70273, 14.1088, -2.17624],
							"size": [1.37708, 0.44334, 2.43956],
							"uv": {
								"north": {"uv": [8, 12], "uv_size": [2, 2]},
								"east": {"uv": [2, 11], "uv_size": [3, 2]},
								"south": {"uv": [12, 6], "uv_size": [2, 2]},
								"west": {"uv": [12, 2], "uv_size": [3, 2]},
								"up": {"uv": [12, 4], "uv_size": [3, 2]},
								"down": {"uv": [5, 14], "uv_size": [3, -2]}
							}
						},
						{
							"origin": [-0.80723, 13.3003, -2.28624],
							"size": [1.58608, 0.44334, 2.65956],
							"uv": {
								"north": {"uv": [8, 12], "uv_size": [2, 2]},
								"east": {"uv": [2, 11], "uv_size": [3, 2]},
								"south": {"uv": [12, 6], "uv_size": [2, 2]},
								"west": {"uv": [12, 2], "uv_size": [3, 2]},
								"up": {"uv": [12, 4], "uv_size": [3, 2]},
								"down": {"uv": [5, 14], "uv_size": [3, -2]}
							}
						},
						{
							"origin": [-0.80723, 12.6073, -2.28624],
							"size": [1.58608, 0.44334, 2.65956],
							"uv": {
								"north": {"uv": [8, 12], "uv_size": [2, 2]},
								"east": {"uv": [2, 11], "uv_size": [3, 2]},
								"south": {"uv": [12, 6], "uv_size": [2, 2]},
								"west": {"uv": [12, 2], "uv_size": [3, 2]},
								"up": {"uv": [12, 4], "uv_size": [3, 2]},
								"down": {"uv": [5, 14], "uv_size": [3, -2]}
							}
						},
						{
							"origin": [-0.80723, 11.7988, -2.28624],
							"size": [1.58608, 0.44334, 2.65956],
							"uv": {
								"north": {"uv": [8, 12], "uv_size": [2, 2]},
								"east": {"uv": [2, 11], "uv_size": [3, 2]},
								"south": {"uv": [12, 6], "uv_size": [2, 2]},
								"west": {"uv": [12, 2], "uv_size": [3, 2]},
								"up": {"uv": [12, 4], "uv_size": [3, 2]},
								"down": {"uv": [5, 14], "uv_size": [3, -2]}
							}
						},
						{
							"origin": [-0.70273, 10.9903, -2.17624],
							"size": [1.37708, 0.44334, 2.43956],
							"uv": {
								"north": {"uv": [8, 12], "uv_size": [2, 2]},
								"east": {"uv": [2, 11], "uv_size": [3, 2]},
								"south": {"uv": [12, 6], "uv_size": [2, 2]},
								"west": {"uv": [12, 2], "uv_size": [3, 2]},
								"up": {"uv": [12, 4], "uv_size": [3, 2]},
								"down": {"uv": [5, 14], "uv_size": [3, -2]}
							}
						},
						{
							"origin": [-0.70273, 10.1818, -2.17624],
							"size": [1.37708, 0.44334, 2.43956],
							"uv": {
								"north": {"uv": [8, 12], "uv_size": [2, 2]},
								"east": {"uv": [2, 11], "uv_size": [3, 2]},
								"south": {"uv": [12, 6], "uv_size": [2, 2]},
								"west": {"uv": [12, 2], "uv_size": [3, 2]},
								"up": {"uv": [12, 4], "uv_size": [3, 2]},
								"down": {"uv": [5, 14], "uv_size": [3, -2]}
							}
						}
					]
				},
				{
					"name": "_ca_grip",
					"parent": "main",
					"pivot": [-1.2, 22.225, 5.55],
					"cubes": [
						{
							"origin": [-0.7, 19.2, -1.4],
							"size": [1, 1, 1],
							"uv": {
								"north": {"uv": [20, 24], "uv_size": [1, 1]},
								"east": {"uv": [20, 24], "uv_size": [1, 1]},
								"south": {"uv": [17, 27], "uv_size": [1, 1]},
								"west": {"uv": [22, 8], "uv_size": [1, 1]},
								"up": {"uv": [6, 24], "uv_size": [1, 1]},
								"down": {"uv": [23, 12], "uv_size": [1, -1]}
							}
						}
					]
				}
			]
		}
	]
}