{
	"format_version": "1.12.0",
	"minecraft:geometry": [
		{
			"description": {
				"identifier": "geometry.unknown",
				"texture_width": 256,
				"texture_height": 256,
				"visible_bounds_width": 8,
				"visible_bounds_height": 4,
				"visible_bounds_offset": [0, 1, 0]
			},
			"bones": [
				{
					"name": "main",
					"pivot": [0, 20, 0]
				},
				{
					"name": "gun",
					"parent": "main",
					"pivot": [1, 11, -1]
				},
				{
					"name": "barrel",
					"parent": "gun",
					"pivot": [0, 24.3, -67.05],
					"cubes": [
						{
							"origin": [-1, 23.3, -45.65],
							"size": [2, 2, 27.6],
							"inflate": -0.3,
							"pivot": [0, 24.3, -67.05],
							"rotation": [0, 0, -20],
							"uv": {
								"north": {"uv": [12, 2], "uv_size": [36, 2]},
								"east": {"uv": [12, 2], "uv_size": [36, 2]},
								"south": {"uv": [12, 2], "uv_size": [36, 2]},
								"west": {"uv": [12, 2], "uv_size": [36, 2]},
								"up": {"uv": [48, 4], "uv_size": [-36, -2]},
								"down": {"uv": [48, 4], "uv_size": [-36, -2]}
							}
						}
					]
				},
				{
					"name": "muzzledef",
					"parent": "barrel",
					"pivot": [0, 24.3, -71.15],
					"cubes": [
						{
							"origin": [-1.2, 23.1, -46.05],
							"size": [2.4, 2.4, 1],
							"inflate": -0.3,
							"pivot": [0, 24.3, -62.25],
							"rotation": [0, 0, -20],
							"uv": {
								"north": {"uv": [88, 102], "uv_size": [4, 1]},
								"east": {"uv": [88, 102], "uv_size": [4, 1]},
								"south": {"uv": [88, 102], "uv_size": [4, 1]},
								"west": {"uv": [88, 102], "uv_size": [4, 1]},
								"up": {"uv": [92, 103], "uv_size": [-4, -1]},
								"down": {"uv": [92, 103], "uv_size": [-4, -1]}
							}
						},
						{
							"origin": [0.3, 24.2, -49.85],
							"size": [0.8, 1.2, 4.4],
							"inflate": -0.3,
							"pivot": [0, 24.3, -62.65],
							"rotation": [0, 0, -20],
							"uv": {
								"north": {"uv": [88, 102], "uv_size": [4, 1]},
								"east": {"uv": [88, 102], "uv_size": [4, 1]},
								"south": {"uv": [88, 102], "uv_size": [4, 1]},
								"west": {"uv": [88, 102], "uv_size": [4, 1]},
								"up": {"uv": [92, 103], "uv_size": [-4, -1]},
								"down": {"uv": [92, 103], "uv_size": [-4, -1]}
							}
						},
						{
							"origin": [0.3, 23.9, -47.35],
							"size": [0.8, 0.9, 1.9],
							"inflate": -0.3,
							"pivot": [0, 24.3, -60.15],
							"rotation": [0, 0, -20],
							"uv": {
								"north": {"uv": [88, 102], "uv_size": [4, 1]},
								"east": {"uv": [88, 102], "uv_size": [4, 1]},
								"south": {"uv": [88, 102], "uv_size": [4, 1]},
								"west": {"uv": [88, 102], "uv_size": [4, 1]},
								"up": {"uv": [92, 103], "uv_size": [-4, -1]},
								"down": {"uv": [92, 103], "uv_size": [-4, -1]}
							}
						},
						{
							"origin": [0.3, 23.4, -49.85],
							"size": [0.8, 1.1, 4.4],
							"inflate": -0.3,
							"pivot": [0, 24.3, -62.65],
							"rotation": [0, 0, -20],
							"uv": {
								"north": {"uv": [88, 102], "uv_size": [4, 1]},
								"east": {"uv": [88, 102], "uv_size": [4, 1]},
								"south": {"uv": [88, 102], "uv_size": [4, 1]},
								"west": {"uv": [88, 102], "uv_size": [4, 1]},
								"up": {"uv": [92, 103], "uv_size": [-4, -1]},
								"down": {"uv": [92, 103], "uv_size": [-4, -1]}
							}
						},
						{
							"origin": [-1.1, 23.2, -49.85],
							"size": [2.2, 0.8, 4.4],
							"inflate": -0.3,
							"pivot": [0, 24.3, -62.65],
							"rotation": [0, 0, -20],
							"uv": {
								"north": {"uv": [88, 102], "uv_size": [4, 1]},
								"east": {"uv": [88, 102], "uv_size": [4, 1]},
								"south": {"uv": [88, 102], "uv_size": [4, 1]},
								"west": {"uv": [88, 102], "uv_size": [4, 1]},
								"up": {"uv": [92, 103], "uv_size": [-4, -1]},
								"down": {"uv": [92, 103], "uv_size": [-4, -1]}
							}
						},
						{
							"origin": [0.3, 23.9, -49.85],
							"size": [0.8, 0.9, 1.9],
							"inflate": -0.3,
							"pivot": [0, 24.3, -62.65],
							"rotation": [0, 0, -20],
							"uv": {
								"north": {"uv": [88, 102], "uv_size": [4, 1]},
								"east": {"uv": [88, 102], "uv_size": [4, 1]},
								"south": {"uv": [88, 102], "uv_size": [4, 1]},
								"west": {"uv": [88, 102], "uv_size": [4, 1]},
								"up": {"uv": [92, 103], "uv_size": [-4, -1]},
								"down": {"uv": [92, 103], "uv_size": [-4, -1]}
							}
						},
						{
							"origin": [-1.1, 23.4, -49.85],
							"size": [0.8, 1.1, 4.4],
							"inflate": -0.3,
							"pivot": [0, 24.3, -62.65],
							"rotation": [0, 0, -20],
							"uv": {
								"north": {"uv": [88, 102], "uv_size": [4, 1]},
								"east": {"uv": [88, 102], "uv_size": [4, 1]},
								"south": {"uv": [88, 102], "uv_size": [4, 1]},
								"west": {"uv": [88, 102], "uv_size": [4, 1]},
								"up": {"uv": [92, 103], "uv_size": [-4, -1]},
								"down": {"uv": [92, 103], "uv_size": [-4, -1]}
							}
						},
						{
							"origin": [-1.1, 23.9, -49.85],
							"size": [0.8, 0.9, 1.9],
							"inflate": -0.3,
							"pivot": [0, 24.3, -62.65],
							"rotation": [0, 0, -20],
							"uv": {
								"north": {"uv": [88, 102], "uv_size": [4, 1]},
								"east": {"uv": [88, 102], "uv_size": [4, 1]},
								"south": {"uv": [88, 102], "uv_size": [4, 1]},
								"west": {"uv": [88, 102], "uv_size": [4, 1]},
								"up": {"uv": [92, 103], "uv_size": [-4, -1]},
								"down": {"uv": [92, 103], "uv_size": [-4, -1]}
							}
						},
						{
							"origin": [-1.1, 24.2, -49.85],
							"size": [0.8, 1.2, 4.4],
							"inflate": -0.3,
							"pivot": [0, 24.3, -62.65],
							"rotation": [0, 0, -20],
							"uv": {
								"north": {"uv": [88, 102], "uv_size": [4, 1]},
								"east": {"uv": [88, 102], "uv_size": [4, 1]},
								"south": {"uv": [88, 102], "uv_size": [4, 1]},
								"west": {"uv": [88, 102], "uv_size": [4, 1]},
								"up": {"uv": [92, 103], "uv_size": [-4, -1]},
								"down": {"uv": [92, 103], "uv_size": [-4, -1]}
							}
						},
						{
							"origin": [-1.1, 23.9, -47.35],
							"size": [0.8, 0.9, 1.9],
							"inflate": -0.3,
							"pivot": [0, 24.3, -60.15],
							"rotation": [0, 0, -20],
							"uv": {
								"north": {"uv": [88, 102], "uv_size": [4, 1]},
								"east": {"uv": [88, 102], "uv_size": [4, 1]},
								"south": {"uv": [88, 102], "uv_size": [4, 1]},
								"west": {"uv": [88, 102], "uv_size": [4, 1]},
								"up": {"uv": [92, 103], "uv_size": [-4, -1]},
								"down": {"uv": [92, 103], "uv_size": [-4, -1]}
							}
						},
						{
							"origin": [-0.9, 24.6, -49.85],
							"size": [1.8, 0.8, 4.4],
							"inflate": -0.3,
							"pivot": [0, 24.3, -62.65],
							"rotation": [0, 0, -20],
							"uv": {
								"north": {"uv": [88, 102], "uv_size": [4, 1]},
								"east": {"uv": [88, 102], "uv_size": [4, 1]},
								"south": {"uv": [88, 102], "uv_size": [4, 1]},
								"west": {"uv": [88, 102], "uv_size": [4, 1]},
								"up": {"uv": [92, 103], "uv_size": [-4, -1]},
								"down": {"uv": [92, 103], "uv_size": [-4, -1]}
							}
						}
					]
				},
				{
					"name": "muzzleflash",
					"parent": "main",
					"pivot": [0, 24.35, -68.25],
					"cubes": [
						{
							"origin": [-0.5, 23.85, -50.25],
							"size": [1, 1, 1],
							"inflate": -0.4,
							"uv": {
								"north": {"uv": [93, 200], "uv_size": [1, 1]},
								"east": {"uv": [93, 200], "uv_size": [1, 1]},
								"south": {"uv": [93, 200], "uv_size": [1, 1]},
								"west": {"uv": [93, 200], "uv_size": [1, 1]},
								"up": {"uv": [94, 201], "uv_size": [-1, -1]},
								"down": {"uv": [94, 201], "uv_size": [-1, -1]}
							}
						}
					]
				},
				{
					"name": "_cb_suppressor",
					"parent": "main",
					"pivot": [-0.2, 24.35, -59.925],
					"cubes": [
						{"origin": [-0.5, 23.85, -46.425], "size": [1, 1, 1], "uv": [100, 209]}
					]
				},
				{
					"name": "_ca_barrel",
					"parent": "main",
					"pivot": [-0.3, 22.25, -25.425],
					"cubes": [
						{"origin": [-0.5, 23.95, -18.425], "size": [1, 1, 1], "uv": [51, 203]}
					]
				}
			]
		}
	]
}