{
	"format_version": "1.12.0",
	"minecraft:geometry": [
		{
			"description": {
				"identifier": "geometry.unknown",
				"texture_width": 128,
				"texture_height": 128,
				"visible_bounds_width": 11,
				"visible_bounds_height": 4,
				"visible_bounds_offset": [0, 1, 0]
			},
			"bones": [
				{
					"name": "main",
					"pivot": [0, 20, 0]
				},
				{
					"name": "gun",
					"parent": "main",
					"pivot": [1, 11, -1]
				},
				{
					"name": "stock",
					"parent": "gun",
					"pivot": [0, 0, 0],
					"cubes": [
						{
							"origin": [2.43, 25.65, 10.9],
							"size": [1.08, 0.1, 0.3],
							"pivot": [2.43, 26.05, -13.1],
							"rotation": [0.27597, -6.07605, -22.0845],
							"uv": {
								"north": {"uv": [93, 82], "uv_size": [1, 1]},
								"east": {"uv": [78, 18], "uv_size": [5, 1]},
								"south": {"uv": [83, 93], "uv_size": [1, 1]},
								"west": {"uv": [78, 26], "uv_size": [5, 1]},
								"up": {"uv": [79, 28], "uv_size": [1, 5]},
								"down": {"uv": [30, 84], "uv_size": [1, -5]}
							}
						},
						{
							"origin": [-0.664, 24.25, 6.5],
							"size": [1.436, 2.1, 0.3],
							"inflate": 0.2,
							"pivot": [-0.756, 26.25, 8],
							"rotation": [-19, 0, 0],
							"uv": {
								"north": {"uv": [35, 81], "uv_size": [-1, -6]},
								"east": {"uv": [78, 26], "uv_size": [1, 1]},
								"south": {"uv": [35, 81], "uv_size": [-1, -6]},
								"west": {"uv": [78, 26], "uv_size": [2, 1]},
								"up": {"uv": [34, 75], "uv_size": [1, 6]},
								"down": {"uv": [34, 75], "uv_size": [1, 6]}
							}
						},
						{
							"origin": [-0.664, 24.25, 7.2],
							"size": [1.436, 2.1, 5.5],
							"inflate": 0.2,
							"pivot": [-0.756, 26.25, 8],
							"rotation": [-19, 0, 0],
							"uv": {
								"north": {"uv": [82, 30], "uv_size": [1, 2]},
								"east": {"uv": [78, 26], "uv_size": [1, 1]},
								"south": {"uv": [82, 32], "uv_size": [1, 2]},
								"west": {"uv": [78, 26], "uv_size": [2, 1]},
								"up": {"uv": [34, 75], "uv_size": [1, 6]},
								"down": {"uv": [35, 81], "uv_size": [1, -6]}
							}
						},
						{
							"origin": [2.646, 24.45, 5.9],
							"size": [1.08, 0.3, 1.1],
							"pivot": [2.646, 25.35, -13.1],
							"rotation": [-0.99801, -6.00015, -10.01755],
							"uv": {
								"north": {"uv": [93, 82], "uv_size": [1, 1]},
								"east": {"uv": [78, 18], "uv_size": [5, 1]},
								"south": {"uv": [83, 93], "uv_size": [1, 1]},
								"west": {"uv": [78, 26], "uv_size": [2, 1]},
								"up": {"uv": [79, 28], "uv_size": [1, 5]},
								"down": {"uv": [30, 84], "uv_size": [1, -5]}
							}
						},
						{
							"origin": [2.646, 24.45, 7],
							"size": [1.08, 0.3, 1.4],
							"pivot": [2.646, 25.35, -13.1],
							"rotation": [-0.99801, -6.00015, -10.01755],
							"uv": {
								"north": {"uv": [93, 82], "uv_size": [1, 1]},
								"east": {"uv": [78, 18], "uv_size": [5, 1]},
								"south": {"uv": [83, 93], "uv_size": [1, 1]},
								"west": {"uv": [78, 26], "uv_size": [1, 1]},
								"up": {"uv": [79, 28], "uv_size": [1, 5]},
								"down": {"uv": [30, 84], "uv_size": [1, -5]}
							}
						},
						{
							"origin": [2.646, 24.55, 8.4],
							"size": [1.08, 0.2, 0.6],
							"pivot": [2.646, 25.35, -13.1],
							"rotation": [-0.99801, -6.00015, -10.01755],
							"uv": {
								"north": {"uv": [93, 82], "uv_size": [1, 1]},
								"east": {"uv": [78, 18], "uv_size": [5, 1]},
								"south": {"uv": [83, 93], "uv_size": [1, 1]},
								"west": {"uv": [78, 26], "uv_size": [1, 1]},
								"up": {"uv": [79, 28], "uv_size": [1, 5]},
								"down": {"uv": [30, 84], "uv_size": [1, -5]}
							}
						},
						{
							"origin": [2.646, 24.65, 9.05],
							"size": [1.08, 0.1, 5.7],
							"pivot": [2.646, 25.35, -13.1],
							"rotation": [-0.99801, -6.00015, -10.01755],
							"uv": {
								"north": {"uv": [93, 82], "uv_size": [1, 1]},
								"east": {"uv": [78, 18], "uv_size": [5, 1]},
								"south": {"uv": [83, 93], "uv_size": [1, 1]},
								"west": {"uv": [78, 26], "uv_size": [2, 1]},
								"up": {"uv": [79, 28], "uv_size": [1, 5]},
								"down": {"uv": [30, 84], "uv_size": [1, -5]}
							}
						},
						{
							"origin": [2.646, 24.75, 5.9],
							"size": [1.08, 0.9, 1.1],
							"pivot": [2.646, 25.35, -13.1],
							"rotation": [-0.99801, -6.00015, -10.01755],
							"uv": {
								"north": {"uv": [83, 26], "uv_size": [-5, 1]},
								"east": {"uv": [83, 26], "uv_size": [-5, 1]},
								"south": {"uv": [83, 26], "uv_size": [-5, 1]},
								"west": {"uv": [78, 26], "uv_size": [2, 1]},
								"up": {"uv": [78, 27], "uv_size": [5, -1]},
								"down": {"uv": [78, 27], "uv_size": [5, -1]}
							}
						},
						{
							"origin": [2.646, 24.75, 7],
							"size": [1.08, 0.9, 6.1],
							"pivot": [2.646, 25.35, -13.1],
							"rotation": [-0.99801, -6.00015, -10.01755],
							"uv": {
								"north": {"uv": [93, 82], "uv_size": [1, 1]},
								"east": {"uv": [78, 18], "uv_size": [5, 1]},
								"south": {"uv": [83, 93], "uv_size": [1, 1]},
								"west": {"uv": [78, 26], "uv_size": [5, 1]},
								"up": {"uv": [79, 28], "uv_size": [1, 5]},
								"down": {"uv": [30, 84], "uv_size": [1, -5]}
							}
						},
						{
							"origin": [2.646, 24.55, 9],
							"size": [1.08, 0.2, 0.05],
							"pivot": [2.646, 25.35, -13.1],
							"rotation": [-0.99801, -6.00015, -10.01755],
							"uv": {
								"north": {"uv": [93, 82], "uv_size": [1, 1]},
								"east": {"uv": [78, 18], "uv_size": [5, 1]},
								"south": {"uv": [83, 93], "uv_size": [1, 1]},
								"west": {"uv": [78, 26], "uv_size": [5, 1]},
								"up": {"uv": [79, 28], "uv_size": [1, 5]},
								"down": {"uv": [30, 84], "uv_size": [1, -5]}
							}
						},
						{
							"origin": [2.43, 25.35, 10.9],
							"size": [1.08, 0.3, 0.8],
							"pivot": [2.43, 26.05, -13.1],
							"rotation": [0.27597, -6.07605, -22.0845],
							"uv": {
								"north": {"uv": [93, 82], "uv_size": [1, 1]},
								"east": {"uv": [78, 18], "uv_size": [5, 1]},
								"south": {"uv": [83, 93], "uv_size": [1, 1]},
								"west": {"uv": [78, 26], "uv_size": [5, 1]},
								"up": {"uv": [79, 28], "uv_size": [1, 5]},
								"down": {"uv": [30, 84], "uv_size": [1, -5]}
							}
						},
						{
							"origin": [2.43, 25.35, 10.7],
							"size": [1.08, 0.5, 0.2],
							"pivot": [2.43, 26.05, -13.1],
							"rotation": [0.27597, -6.07605, -22.0845],
							"uv": {
								"north": {"uv": [93, 82], "uv_size": [1, 1]},
								"east": {"uv": [78, 18], "uv_size": [5, 1]},
								"south": {"uv": [83, 93], "uv_size": [1, 1]},
								"west": {"uv": [78, 26], "uv_size": [5, 1]},
								"up": {"uv": [79, 28], "uv_size": [1, 5]},
								"down": {"uv": [30, 84], "uv_size": [1, -5]}
							}
						},
						{
							"origin": [2.43, 25.35, 5.9],
							"size": [1.08, 0.6, 1.1],
							"pivot": [2.43, 26.05, -13.1],
							"rotation": [0.27597, -6.07605, -22.0845],
							"uv": {
								"north": {"uv": [83, 26], "uv_size": [-5, 1]},
								"east": {"uv": [83, 26], "uv_size": [-5, 1]},
								"south": {"uv": [83, 26], "uv_size": [-5, 1]},
								"west": {"uv": [78, 26], "uv_size": [2, 1]},
								"up": {"uv": [78, 27], "uv_size": [5, -1]},
								"down": {"uv": [78, 27], "uv_size": [5, -1]}
							}
						},
						{
							"origin": [2.43, 25.35, 7],
							"size": [1.08, 0.6, 3.7],
							"pivot": [2.43, 26.05, -13.1],
							"rotation": [0.27597, -6.07605, -22.0845],
							"uv": {
								"north": {"uv": [93, 82], "uv_size": [1, 1]},
								"east": {"uv": [78, 18], "uv_size": [5, 1]},
								"south": {"uv": [83, 93], "uv_size": [1, 1]},
								"west": {"uv": [78, 26], "uv_size": [3, 1]},
								"up": {"uv": [79, 28], "uv_size": [1, 5]},
								"down": {"uv": [30, 84], "uv_size": [1, -5]}
							}
						},
						{
							"origin": [1.1828, 26.25, 6.6],
							"size": [0.14, 0.1, 0.2],
							"inflate": 0.2,
							"pivot": [0.81, 26.25, 8],
							"rotation": [-7.74869, 18.14015, 72.08154],
							"uv": {
								"north": {"uv": [35, 81], "uv_size": [-1, -6]},
								"east": {"uv": [35, 81], "uv_size": [-1, -6]},
								"south": {"uv": [35, 81], "uv_size": [-1, -6]},
								"west": {"uv": [35, 81], "uv_size": [-1, -6]},
								"up": {"uv": [80, 27], "uv_size": [-2, -1]},
								"down": {"uv": [34, 75], "uv_size": [1, 6]}
							}
						},
						{
							"origin": [1.1828, 26.25, 7.2],
							"size": [0.14, 0.1, 4.5],
							"inflate": 0.2,
							"pivot": [0.81, 26.25, 8],
							"rotation": [-7.74869, 18.14015, 72.08154],
							"uv": {
								"north": {"uv": [82, 30], "uv_size": [1, 2]},
								"east": {"uv": [66, 4], "uv_size": [6, 2]},
								"south": {"uv": [82, 32], "uv_size": [1, 2]},
								"west": {"uv": [66, 53], "uv_size": [6, 2]},
								"up": {"uv": [80, 27], "uv_size": [-2, -1]},
								"down": {"uv": [35, 81], "uv_size": [1, -6]}
							}
						},
						{
							"origin": [2.43, 25.95, 7],
							"size": [1.08, 0.9, 1.2],
							"pivot": [2.43, 26.05, -13.1],
							"rotation": [-0.68149, -6.04413, -13.03388],
							"uv": {
								"north": {"uv": [93, 82], "uv_size": [1, 1]},
								"east": {"uv": [78, 18], "uv_size": [5, 1]},
								"south": {"uv": [83, 93], "uv_size": [1, 1]},
								"west": {"uv": [78, 26], "uv_size": [2, 1]},
								"up": {"uv": [79, 28], "uv_size": [1, 5]},
								"down": {"uv": [30, 84], "uv_size": [1, -5]}
							}
						},
						{
							"origin": [2.43, 25.95, 5.9],
							"size": [1.08, 0.9, 1.1],
							"pivot": [2.43, 26.05, -13.1],
							"rotation": [-0.68149, -6.04413, -13.03388],
							"uv": {
								"north": {"uv": [83, 26], "uv_size": [-5, 1]},
								"east": {"uv": [83, 26], "uv_size": [-5, 1]},
								"south": {"uv": [83, 26], "uv_size": [-5, 1]},
								"west": {"uv": [78, 26], "uv_size": [2, 1]},
								"up": {"uv": [78, 27], "uv_size": [5, -1]},
								"down": {"uv": [78, 27], "uv_size": [5, -1]}
							}
						},
						{
							"origin": [1.496, 26.25, 6.1],
							"size": [0.032, 0.35, 0.2],
							"inflate": 0.2,
							"pivot": [0.756, 25.05, -9.5],
							"rotation": [0, 0, -21],
							"uv": {
								"north": {"uv": [80, 36], "uv_size": [2, 2]},
								"east": {"uv": [45, 9], "uv_size": [18, 2]},
								"south": {"uv": [80, 49], "uv_size": [2, 2]},
								"west": {"uv": [78, 26], "uv_size": [2, 1]},
								"up": {"uv": [26, 34], "uv_size": [2, 18]},
								"down": {"uv": [12, 58], "uv_size": [2, -18]}
							}
						},
						{
							"origin": [0.8588, 26.25, 6.6],
							"size": [-0.076, 0.1, 0.2],
							"inflate": 0.2,
							"pivot": [0.81, 26.25, 8],
							"rotation": [-5.74869, 18.14015, 72.08154],
							"uv": {
								"north": {"uv": [35, 81], "uv_size": [-1, -6]},
								"east": {"uv": [35, 81], "uv_size": [-1, -6]},
								"south": {"uv": [35, 81], "uv_size": [-1, -6]},
								"west": {"uv": [35, 81], "uv_size": [-1, -6]},
								"up": {"uv": [80, 27], "uv_size": [-2, -1]},
								"down": {"uv": [34, 75], "uv_size": [1, 6]}
							}
						},
						{
							"origin": [0.8588, 26.25, 7.2],
							"size": [-0.076, 0.1, 4.9],
							"inflate": 0.2,
							"pivot": [0.81, 26.25, 8],
							"rotation": [-5.74869, 18.14015, 72.08154],
							"uv": {
								"north": {"uv": [82, 30], "uv_size": [1, 2]},
								"east": {"uv": [66, 4], "uv_size": [6, 2]},
								"south": {"uv": [82, 32], "uv_size": [1, 2]},
								"west": {"uv": [66, 53], "uv_size": [6, 2]},
								"up": {"uv": [80, 27], "uv_size": [-2, -1]},
								"down": {"uv": [35, 81], "uv_size": [1, -6]}
							}
						},
						{
							"origin": [-0.556, 18.95, 6],
							"size": [1.328, 5.2, 0.7],
							"inflate": 0.2,
							"uv": {
								"north": {"uv": [50, 39], "uv_size": [6, 4]},
								"east": {"uv": [50, 39], "uv_size": [6, 4]},
								"south": {"uv": [50, 39], "uv_size": [6, 4]},
								"west": {"uv": [50, 39], "uv_size": [6, 4]},
								"up": {"uv": [56, 43], "uv_size": [-6, -4]},
								"down": {"uv": [56, 43], "uv_size": [-6, -4]}
							}
						},
						{
							"origin": [-1.412, 18.95, 6],
							"size": [1.428, 4.9, 0.7],
							"inflate": 0.2,
							"pivot": [-1.512, 22.25, 8],
							"rotation": [0, 8, 0],
							"uv": {
								"north": {"uv": [78, 26], "uv_size": [1, 1]},
								"east": {"uv": [78, 26], "uv_size": [1, 1]},
								"south": {"uv": [78, 26], "uv_size": [1, 1]},
								"west": {"uv": [78, 26], "uv_size": [1, 1]},
								"up": {"uv": [79, 27], "uv_size": [-1, -1]},
								"down": {"uv": [79, 27], "uv_size": [-1, -1]}
							}
						},
						{
							"origin": [0.092, 18.95, 5.9],
							"size": [1.428, 4.9, 0.7],
							"inflate": 0.2,
							"pivot": [-0.108, 22.25, 7.9],
							"rotation": [0, -8, 0],
							"uv": {
								"north": {"uv": [44, 55], "uv_size": [6, 4]},
								"east": {"uv": [44, 55], "uv_size": [6, 4]},
								"south": {"uv": [44, 55], "uv_size": [6, 4]},
								"west": {"uv": [78, 26], "uv_size": [1, 1]},
								"up": {"uv": [50, 59], "uv_size": [-6, -4]},
								"down": {"uv": [50, 59], "uv_size": [-6, -4]}
							}
						},
						{
							"origin": [-1.412, 18.95, 7.1],
							"size": [1.428, 4.9, 5.3],
							"inflate": 0.2,
							"pivot": [-1.512, 22.25, 8],
							"rotation": [0, 8, 0],
							"uv": {
								"north": {"uv": [80, 32], "uv_size": [1, 4]},
								"east": {"uv": [60, 20], "uv_size": [-4.7, 3.6]},
								"south": {"uv": [80, 45], "uv_size": [1, 4]},
								"west": {"uv": [22, 52], "uv_size": [6, 4]},
								"up": {"uv": [76, 74], "uv_size": [1, 6]},
								"down": {"uv": [75, 82], "uv_size": [1, -6]}
							}
						},
						{
							"origin": [-0.556, 18.95, 7.1],
							"size": [1.328, 5.2, 4.9],
							"inflate": 0.2,
							"uv": {
								"north": {"uv": [8, 80], "uv_size": [1, 4]},
								"east": {"uv": [50, 39], "uv_size": [6, 4]},
								"south": {"uv": [12, 80], "uv_size": [1, 4]},
								"west": {"uv": [44, 51], "uv_size": [6, 4]},
								"up": {"uv": [73, 76], "uv_size": [1, 6]},
								"down": {"uv": [74, 82], "uv_size": [1, -6]}
							}
						},
						{
							"origin": [0.092, 18.95, 7],
							"size": [1.428, 4.9, 5.3],
							"inflate": 0.2,
							"pivot": [-0.108, 22.25, 7.9],
							"rotation": [0, -8, 0],
							"uv": {
								"north": {"uv": [47, 80], "uv_size": [1, 4]},
								"east": {"uv": [53, 4], "uv_size": [6, 4]},
								"south": {"uv": [48, 80], "uv_size": [1, 4]},
								"west": {"uv": [55.3, 20], "uv_size": [4.7, 3.6]},
								"up": {"uv": [26, 77], "uv_size": [1, 6]},
								"down": {"uv": [27, 83], "uv_size": [1, -6]}
							}
						},
						{
							"origin": [-0.781, 18.75, 11.4],
							"size": [1.68, 4.4, 6],
							"inflate": 0.2,
							"pivot": [-0.108, 21.35, 13.4],
							"rotation": [-22.5, 0, 0],
							"uv": {
								"north": {"uv": [45, 11], "uv_size": [18, 2]},
								"east": {"uv": [62.8, 11], "uv_size": [-6, 3]},
								"south": {"uv": [45, 11], "uv_size": [18, 2]},
								"west": {"uv": [56.8, 11], "uv_size": [6, 3]},
								"up": {"uv": [63, 13], "uv_size": [-18, -2]},
								"down": {"uv": [63, 13], "uv_size": [-18, -2]}
							}
						},
						{
							"origin": [-0.753, 20.65, 11.6],
							"size": [1.65, 4, 6.5],
							"inflate": 0.2,
							"pivot": [-0.108, 22.85, 13.6],
							"rotation": [-6.5, 0, 0],
							"uv": {
								"north": {"uv": [45, 11], "uv_size": [18, 2]},
								"east": {"uv": [45, 11], "uv_size": [18, 2]},
								"south": {"uv": [45, 11], "uv_size": [18, 2]},
								"west": {"uv": [45, 11], "uv_size": [18, 2]},
								"up": {"uv": [63, 13], "uv_size": [-18, -2]},
								"down": {"uv": [63, 13], "uv_size": [-18, -2]}
							}
						},
						{
							"origin": [-0.771, 17.75, 15.8],
							"size": [1.65, 6.5, 17.8],
							"inflate": 0.2,
							"uv": {
								"north": {"uv": [45, 11], "uv_size": [18, 3]},
								"east": {"uv": [45, 11], "uv_size": [18, 3]},
								"south": {"uv": [45, 11], "uv_size": [18, 3]},
								"west": {"uv": [45, 11], "uv_size": [18, 3]},
								"up": {"uv": [63, 14], "uv_size": [-18, -3]},
								"down": {"uv": [63, 14], "uv_size": [-18, -3]}
							}
						},
						{
							"origin": [-0.6856, 24.45, 6.1],
							"size": [1.436, 2.4, 0.2],
							"inflate": 0.2,
							"uv": {
								"north": {"uv": [80, 36], "uv_size": [2, 2]},
								"east": {"uv": [78, 26], "uv_size": [1, 1]},
								"south": {"uv": [80, 49], "uv_size": [2, 2]},
								"west": {"uv": [45, 11], "uv_size": [18, 2]},
								"up": {"uv": [26, 34], "uv_size": [2, 18]},
								"down": {"uv": [12, 58], "uv_size": [2, -18]}
							}
						},
						{
							"origin": [-0.772, 7.65, 34],
							"size": [1.652, 2.7, 15.3],
							"inflate": 0.2,
							"pivot": [-0.108, 7.65, 32.9],
							"rotation": [87, 0, 0],
							"uv": {
								"north": {"uv": [45, 11], "uv_size": [18, 2]},
								"east": {"uv": [45, 11], "uv_size": [18, 2]},
								"south": {"uv": [45, 11], "uv_size": [18, 2]},
								"west": {"uv": [45, 11], "uv_size": [18, 2]},
								"up": {"uv": [63, 13], "uv_size": [-18, -2]},
								"down": {"uv": [63, 13], "uv_size": [-18, -2]}
							}
						},
						{
							"origin": [-0.664, 8.85, 34.4],
							"size": [1.436, 0.6, 16.7],
							"inflate": 0.2,
							"pivot": [-0.108, 7.65, 34.7],
							"rotation": [87, 0, 0],
							"uv": {
								"north": {"uv": [93, 85], "uv_size": [1, 1]},
								"east": {"uv": [63, 23], "uv_size": [16, 1]},
								"south": {"uv": [86, 93], "uv_size": [1, 1]},
								"west": {"uv": [63, 24], "uv_size": [16, 1]},
								"up": {"uv": [63, 57], "uv_size": [1, 16]},
								"down": {"uv": [55, 80], "uv_size": [1, -16]}
							}
						},
						{
							"origin": [-0.772, 3.75, 36.5],
							"size": [1.652, 1.4, 2.1],
							"inflate": 0.2,
							"pivot": [-0.108, 3.85, 32.9],
							"rotation": [90, 0, 0],
							"uv": {
								"north": {"uv": [45, 11], "uv_size": [18, 2]},
								"east": {"uv": [45, 11], "uv_size": [18, 2]},
								"south": {"uv": [45, 11], "uv_size": [18, 2]},
								"west": {"uv": [45, 11], "uv_size": [18, 2]},
								"up": {"uv": [63, 13], "uv_size": [-18, -2]},
								"down": {"uv": [63, 13], "uv_size": [-18, -2]}
							}
						},
						{
							"origin": [-0.773, 18.15, 13.4],
							"size": [1.654, 2.9, 21.8],
							"inflate": 0.2,
							"pivot": [-0.108, 19.35, 15.4],
							"rotation": [-33, 0, 0],
							"uv": {
								"north": {"uv": [45, 11], "uv_size": [18, 3]},
								"east": {"uv": [45, 11], "uv_size": [18, 3]},
								"south": {"uv": [45, 11], "uv_size": [18, 3]},
								"west": {"uv": [45, 11], "uv_size": [18, 3]},
								"up": {"uv": [63, 14], "uv_size": [-18, -3]},
								"down": {"uv": [63, 14], "uv_size": [-18, -3]}
							}
						},
						{
							"origin": [-0.773, 21.45, 21.7],
							"size": [1.654, 5, 10.3],
							"inflate": 0.2,
							"pivot": [-0.108, 19.35, 15.4],
							"rotation": [-33, 0, 0],
							"uv": {
								"north": {"uv": [45, 11], "uv_size": [7, 3]},
								"east": {"uv": [45, 11], "uv_size": [7, 3]},
								"south": {"uv": [45, 11], "uv_size": [7, 3]},
								"west": {"uv": [45, 11], "uv_size": [7, 3]},
								"up": {"uv": [52, 14], "uv_size": [-7, -3]},
								"down": {"uv": [52, 14], "uv_size": [-7, -3]}
							}
						},
						{
							"origin": [0.58277, 26.84779, 5.7],
							"size": [0.5, 0.6, 0.85],
							"pivot": [0.63, 26.85, 6.4],
							"rotation": [-6.96398, -16.00742, -65.12678],
							"uv": {
								"north": {"uv": [35, 81], "uv_size": [-1, -6]},
								"east": {"uv": [35, 81], "uv_size": [-1, -6]},
								"south": {"uv": [35, 81], "uv_size": [-1, -6]},
								"west": {"uv": [35, 81], "uv_size": [-1, -2]},
								"up": {"uv": [34, 75], "uv_size": [1, 6]},
								"down": {"uv": [34, 75], "uv_size": [1, 6]}
							}
						},
						{
							"origin": [-0.18, 26.95, 5.9],
							"size": [0.46, 0.76, 0.9],
							"pivot": [0.05, 27.75, 5.9],
							"rotation": [-19, 0, 0],
							"uv": {
								"north": {"uv": [83, 46], "uv_size": [2, 1]},
								"east": {"uv": [50, 37], "uv_size": [26, 1]},
								"south": {"uv": [83, 47], "uv_size": [2, 1]},
								"west": {"uv": [50, 38], "uv_size": [26, 1]},
								"up": {"uv": [34, 79], "uv_size": [1, 2]},
								"down": {"uv": [2, 57], "uv_size": [2, -26]}
							}
						},
						{
							"origin": [-0.98277, 26.84779, 5.7],
							"size": [0.5, 0.6, 0.85],
							"pivot": [-0.53, 26.85, 6.4],
							"rotation": [-6.96398, 16.00742, 65.12678],
							"uv": {
								"north": {"uv": [35, 81], "uv_size": [-1, -6]},
								"east": {"uv": [34, 81], "uv_size": [1, -2]},
								"south": {"uv": [35, 81], "uv_size": [-1, -6]},
								"west": {"uv": [35, 81], "uv_size": [-1, -6]},
								"up": {"uv": [34, 75], "uv_size": [1, 6]},
								"down": {"uv": [34, 75], "uv_size": [1, 6]}
							}
						},
						{
							"origin": [-0.15456, 26.99869, 5.8],
							"size": [1.2, 0.4, 0.8],
							"pivot": [1.05, 26.95, 6.2],
							"rotation": [-12.0445, -4.89047, -33.95791],
							"uv": {
								"north": {"uv": [83, 26], "uv_size": [-5, 1]},
								"east": {"uv": [83, 26], "uv_size": [-5, 1]},
								"south": {"uv": [83, 26], "uv_size": [-5, 1]},
								"west": {"uv": [78, 26], "uv_size": [2, 1]},
								"up": {"uv": [78, 27], "uv_size": [5, -1]},
								"down": {"uv": [78, 27], "uv_size": [5, -1]}
							}
						}
					]
				},
				{
					"name": "shitonstock2",
					"parent": "stock",
					"pivot": [-0.65, 26.25, 8],
					"rotation": [0, 180, 0],
					"cubes": [
						{
							"origin": [1.134, 24.45, 7.6],
							"size": [1.08, 0.3, 1.5],
							"pivot": [1.134, 25.35, 29.1],
							"rotation": [0.99801, 6.00015, -10.01755],
							"uv": {
								"north": {"uv": [84, 93], "uv_size": [-1, 1]},
								"east": {"uv": [83, 18], "uv_size": [-5, 1]},
								"south": {"uv": [94, 82], "uv_size": [-1, 1]},
								"west": {"uv": [78, 26], "uv_size": [1, 1]},
								"up": {"uv": [79, 33], "uv_size": [1, -5]},
								"down": {"uv": [30, 79], "uv_size": [1, 5]}
							}
						},
						{
							"origin": [1.134, 24.45, 9.1],
							"size": [1.08, 0.3, 1],
							"pivot": [1.134, 25.35, 29.1],
							"rotation": [0.99801, 6.00015, -10.01755],
							"uv": {
								"north": {"uv": [84, 93], "uv_size": [-1, 1]},
								"east": {"uv": [83, 18], "uv_size": [-5, 1]},
								"south": {"uv": [94, 82], "uv_size": [-1, 1]},
								"west": {"uv": [78, 26], "uv_size": [1, 1]},
								"up": {"uv": [79, 33], "uv_size": [1, -5]},
								"down": {"uv": [30, 79], "uv_size": [1, 5]}
							}
						},
						{
							"origin": [1.134, 24.55, 7],
							"size": [1.08, 0.2, 0.6],
							"pivot": [1.134, 25.35, 29.1],
							"rotation": [0.99801, 6.00015, -10.01755],
							"uv": {
								"north": {"uv": [84, 93], "uv_size": [-1, 1]},
								"east": {"uv": [83, 18], "uv_size": [-5, 1]},
								"south": {"uv": [94, 82], "uv_size": [-1, 1]},
								"west": {"uv": [78, 26], "uv_size": [1, 1]},
								"up": {"uv": [79, 33], "uv_size": [1, -5]},
								"down": {"uv": [30, 79], "uv_size": [1, 5]}
							}
						},
						{
							"origin": [1.134, 24.65, 2.65],
							"size": [1.08, 0.1, 4.3],
							"pivot": [1.134, 25.35, 29.1],
							"rotation": [0.99801, 6.00015, -10.01755],
							"uv": {
								"north": {"uv": [84, 93], "uv_size": [-1, 1]},
								"east": {"uv": [83, 18], "uv_size": [-5, 1]},
								"south": {"uv": [94, 82], "uv_size": [-1, 1]},
								"west": {"uv": [78, 26], "uv_size": [1, 1]},
								"up": {"uv": [79, 33], "uv_size": [1, -5]},
								"down": {"uv": [30, 79], "uv_size": [1, 5]}
							}
						},
						{
							"origin": [1.134, 24.75, 9.1],
							"size": [1.08, 0.9, 1],
							"pivot": [1.134, 25.35, 29.1],
							"rotation": [0.99801, 6.00015, -10.01755],
							"uv": {
								"north": {"uv": [83, 26], "uv_size": [-5, 1]},
								"east": {"uv": [83, 26], "uv_size": [-5, 1]},
								"south": {"uv": [83, 26], "uv_size": [-5, 1]},
								"west": {"uv": [78, 26], "uv_size": [2, 1]},
								"up": {"uv": [78, 27], "uv_size": [5, -1]},
								"down": {"uv": [78, 27], "uv_size": [5, -1]}
							}
						},
						{
							"origin": [1.134, 24.75, 2.7],
							"size": [1.08, 0.9, 6.4],
							"pivot": [1.134, 25.35, 29.1],
							"rotation": [0.99801, 6.00015, -10.01755],
							"uv": {
								"north": {"uv": [84, 93], "uv_size": [-1, 1]},
								"east": {"uv": [83, 18], "uv_size": [-5, 1]},
								"south": {"uv": [94, 82], "uv_size": [-1, 1]},
								"west": {"uv": [78, 26], "uv_size": [5, 1]},
								"up": {"uv": [79, 33], "uv_size": [1, -5]},
								"down": {"uv": [30, 79], "uv_size": [1, 5]}
							}
						},
						{
							"origin": [1.134, 24.55, 6.95],
							"size": [1.08, 0.2, 0.05],
							"pivot": [1.134, 25.35, 29.1],
							"rotation": [0.99801, 6.00015, -10.01755],
							"uv": {
								"north": {"uv": [84, 93], "uv_size": [-1, 1]},
								"east": {"uv": [83, 18], "uv_size": [-5, 1]},
								"south": {"uv": [94, 82], "uv_size": [-1, 1]},
								"west": {"uv": [78, 26], "uv_size": [1, 1]},
								"up": {"uv": [79, 33], "uv_size": [1, -5]},
								"down": {"uv": [30, 79], "uv_size": [1, 5]}
							}
						},
						{
							"origin": [0.918, 25.35, 4.3],
							"size": [1.08, 0.3, 0.8],
							"pivot": [0.918, 26.05, 29.1],
							"rotation": [-0.27597, 6.07605, -22.0845],
							"uv": {
								"north": {"uv": [84, 93], "uv_size": [-1, 1]},
								"east": {"uv": [83, 18], "uv_size": [-5, 1]},
								"south": {"uv": [94, 82], "uv_size": [-1, 1]},
								"west": {"uv": [83, 26], "uv_size": [-5, 1]},
								"up": {"uv": [79, 33], "uv_size": [1, -5]},
								"down": {"uv": [30, 79], "uv_size": [1, 5]}
							}
						},
						{
							"origin": [0.918, 25.35, 5.1],
							"size": [1.08, 0.5, 0.2],
							"pivot": [0.918, 26.05, 29.1],
							"rotation": [-0.27597, 6.07605, -22.0845],
							"uv": {
								"north": {"uv": [84, 93], "uv_size": [-1, 1]},
								"east": {"uv": [83, 18], "uv_size": [-5, 1]},
								"south": {"uv": [94, 82], "uv_size": [-1, 1]},
								"west": {"uv": [83, 26], "uv_size": [-5, 1]},
								"up": {"uv": [79, 33], "uv_size": [1, -5]},
								"down": {"uv": [30, 79], "uv_size": [1, 5]}
							}
						},
						{
							"origin": [0.918, 25.35, 9.1],
							"size": [1.08, 0.6, 1],
							"pivot": [0.918, 26.05, 29.1],
							"rotation": [-0.27597, 6.07605, -22.0845],
							"uv": {
								"north": {"uv": [83, 26], "uv_size": [-5, 1]},
								"east": {"uv": [83, 26], "uv_size": [-5, 1]},
								"south": {"uv": [83, 26], "uv_size": [-5, 1]},
								"west": {"uv": [78, 26], "uv_size": [2, 1]},
								"up": {"uv": [78, 27], "uv_size": [5, -1]},
								"down": {"uv": [78, 27], "uv_size": [5, -1]}
							}
						},
						{
							"origin": [0.918, 25.35, 5.3],
							"size": [1.08, 0.6, 3.8],
							"pivot": [0.918, 26.05, 29.1],
							"rotation": [-0.27597, 6.07605, -22.0845],
							"uv": {
								"north": {"uv": [84, 93], "uv_size": [-1, 1]},
								"east": {"uv": [83, 18], "uv_size": [-5, 1]},
								"south": {"uv": [94, 82], "uv_size": [-1, 1]},
								"west": {"uv": [78, 26], "uv_size": [3, 1]},
								"up": {"uv": [79, 33], "uv_size": [1, -5]},
								"down": {"uv": [30, 79], "uv_size": [1, 5]}
							}
						},
						{
							"origin": [-0.3292, 26.25, 9.2],
							"size": [0.14, 0.1, 0.2],
							"inflate": 0.2,
							"pivot": [-0.702, 26.25, 8],
							"rotation": [7.74869, -18.14015, 72.08154],
							"uv": {
								"north": {"uv": [35, 75], "uv_size": [-1, 6]},
								"east": {"uv": [35, 75], "uv_size": [-1, 6]},
								"south": {"uv": [35, 75], "uv_size": [-1, 6]},
								"west": {"uv": [35, 75], "uv_size": [-1, 6]},
								"up": {"uv": [79, 27], "uv_size": [-1, -1]},
								"down": {"uv": [34, 81], "uv_size": [1, -6]}
							}
						},
						{
							"origin": [-0.3292, 26.25, 4.3],
							"size": [0.14, 0.1, 4.5],
							"inflate": 0.2,
							"pivot": [-0.702, 26.25, 8],
							"rotation": [7.74869, -18.14015, 72.08154],
							"uv": {
								"north": {"uv": [83, 32], "uv_size": [-1, 2]},
								"east": {"uv": [72, 4], "uv_size": [-6, 2]},
								"south": {"uv": [83, 30], "uv_size": [-1, 2]},
								"west": {"uv": [72, 53], "uv_size": [-6, 2]},
								"up": {"uv": [79, 27], "uv_size": [-1, -1]},
								"down": {"uv": [35, 75], "uv_size": [1, 6]}
							}
						},
						{
							"origin": [0.918, 25.95, 9.1],
							"size": [1.08, 0.9, 1],
							"pivot": [0.918, 26.05, 29.1],
							"rotation": [0.68149, 6.04413, -13.03388],
							"uv": {
								"north": {"uv": [83, 26], "uv_size": [-5, 1]},
								"east": {"uv": [83, 26], "uv_size": [-5, 1]},
								"south": {"uv": [83, 26], "uv_size": [-5, 1]},
								"west": {"uv": [78, 26], "uv_size": [2, 1]},
								"up": {"uv": [78, 27], "uv_size": [5, -1]},
								"down": {"uv": [78, 27], "uv_size": [5, -1]}
							}
						},
						{
							"origin": [0.918, 25.95, 7.8],
							"size": [1.08, 0.9, 1.3],
							"pivot": [0.918, 26.05, 29.1],
							"rotation": [0.68149, 6.04413, -13.03388],
							"uv": {
								"north": {"uv": [84, 93], "uv_size": [-1, 1]},
								"east": {"uv": [83, 18], "uv_size": [-5, 1]},
								"south": {"uv": [94, 82], "uv_size": [-1, 1]},
								"west": {"uv": [78, 26], "uv_size": [2, 1]},
								"up": {"uv": [79, 33], "uv_size": [1, -5]},
								"down": {"uv": [30, 79], "uv_size": [1, 5]}
							}
						},
						{
							"origin": [-0.016, 26.25, 9.7],
							"size": [0.032, 0.35, 0.2],
							"inflate": 0.2,
							"pivot": [-0.756, 25.05, 25.5],
							"rotation": [0, 0, -21],
							"uv": {
								"north": {"uv": [82, 49], "uv_size": [-2, 2]},
								"east": {"uv": [63, 9], "uv_size": [-18, 2]},
								"south": {"uv": [82, 36], "uv_size": [-2, 2]},
								"west": {"uv": [78, 26], "uv_size": [1, 1]},
								"up": {"uv": [26, 52], "uv_size": [2, -18]},
								"down": {"uv": [12, 40], "uv_size": [2, 18]}
							}
						},
						{
							"origin": [-0.6532, 26.25, 9.2],
							"size": [-0.076, 0, 0.2],
							"inflate": 0.2,
							"pivot": [-0.702, 26.25, 8],
							"rotation": [5.74869, -18.14015, 72.08154],
							"uv": {
								"north": {"uv": [35, 75], "uv_size": [-1, 6]},
								"east": {"uv": [35, 75], "uv_size": [-1, 6]},
								"south": {"uv": [35, 75], "uv_size": [-1, 6]},
								"west": {"uv": [35, 75], "uv_size": [-1, 6]},
								"up": {"uv": [34, 81], "uv_size": [1, -6]},
								"down": {"uv": [34, 81], "uv_size": [1, -6]}
							}
						},
						{
							"origin": [-0.6532, 26.25, 3.9],
							"size": [-0.076, 0, 4.9],
							"inflate": 0.2,
							"pivot": [-0.702, 26.25, 8],
							"rotation": [5.74869, -18.14015, 72.08154],
							"uv": {
								"north": {"uv": [83, 32], "uv_size": [-1, 2]},
								"east": {"uv": [72, 4], "uv_size": [-6, 2]},
								"south": {"uv": [83, 30], "uv_size": [-1, 2]},
								"west": {"uv": [72, 53], "uv_size": [-6, 2]},
								"up": {"uv": [34, 81], "uv_size": [1, -6]},
								"down": {"uv": [35, 75], "uv_size": [1, 6]}
							}
						}
					]
				},
				{
					"name": "shitonstock",
					"parent": "stock",
					"pivot": [0.75, 26.25, 8]
				},
				{
					"name": "bone36",
					"parent": "stock",
					"pivot": [-0.53, 26.45, 7.1],
					"rotation": [-11, 0, 0],
					"cubes": [
						{
							"origin": [0.58277, 26.34779, 6.3],
							"size": [0.5, 0.7, 1.05],
							"pivot": [0.63, 26.45, 7.1],
							"rotation": [-6.96398, -16.00742, -65.12678],
							"uv": {
								"north": {"uv": [35, 81], "uv_size": [-1, -6]},
								"east": {"uv": [35, 81], "uv_size": [-1, -6]},
								"south": {"uv": [35, 81], "uv_size": [-1, -6]},
								"west": {"uv": [35, 81], "uv_size": [-1, -2]},
								"up": {"uv": [34, 75], "uv_size": [1, 6]},
								"down": {"uv": [34, 75], "uv_size": [1, 6]}
							}
						},
						{
							"origin": [-0.18, 26.55, 6.5],
							"size": [0.46, 0.76, 1.1],
							"pivot": [0.05, 27.35, 6.6],
							"rotation": [-19, 0, 0],
							"uv": {
								"north": {"uv": [83, 46], "uv_size": [2, 1]},
								"east": {"uv": [50, 37], "uv_size": [26, 1]},
								"south": {"uv": [83, 47], "uv_size": [2, 1]},
								"west": {"uv": [50, 38], "uv_size": [26, 1]},
								"up": {"uv": [0, 31], "uv_size": [2, 26]},
								"down": {"uv": [2, 57], "uv_size": [2, -26]}
							}
						},
						{
							"origin": [-0.98277, 26.34779, 6.3],
							"size": [0.5, 0.7, 1.05],
							"pivot": [-0.53, 26.45, 7.1],
							"rotation": [-6.96398, 16.00742, 65.12678],
							"uv": {
								"north": {"uv": [35, 81], "uv_size": [-1, -6]},
								"east": {"uv": [34, 81], "uv_size": [1, -2]},
								"south": {"uv": [35, 81], "uv_size": [-1, -6]},
								"west": {"uv": [35, 81], "uv_size": [-1, -6]},
								"up": {"uv": [34, 75], "uv_size": [1, 6]},
								"down": {"uv": [34, 75], "uv_size": [1, 6]}
							}
						}
					]
				},
				{
					"name": "bone37",
					"parent": "stock",
					"pivot": [0.07, 26.85, 7.4],
					"cubes": [
						{
							"origin": [0.58277, 26.29789, 7.38184],
							"size": [0.5, 0.7, 5.85],
							"pivot": [0.63, 26.40011, 7.18184],
							"rotation": [-6.96398, -16.00742, -65.12678],
							"uv": {
								"north": {"uv": [35, 81], "uv_size": [-1, -6]},
								"east": {"uv": [35, 81], "uv_size": [-1, -6]},
								"south": {"uv": [35, 81], "uv_size": [-1, -6]},
								"west": {"uv": [35, 81], "uv_size": [-1, -2]},
								"up": {"uv": [34, 75], "uv_size": [1, 6]},
								"down": {"uv": [34, 75], "uv_size": [1, 6]}
							}
						},
						{
							"origin": [-0.18, 26.50011, 7.58184],
							"size": [0.46, 0.76, 5.9],
							"pivot": [0.05, 27.30011, 6.68184],
							"rotation": [-17.5, 0, 0],
							"uv": {
								"north": {"uv": [83, 46], "uv_size": [2, 1]},
								"east": {"uv": [50, 37], "uv_size": [26, 1]},
								"south": {"uv": [83, 47], "uv_size": [2, 1]},
								"west": {"uv": [50, 38], "uv_size": [26, 1]},
								"up": {"uv": [34, 79], "uv_size": [1, 2]},
								"down": {"uv": [2, 57], "uv_size": [2, -26]}
							}
						},
						{
							"origin": [-0.98277, 26.29789, 7.38184],
							"size": [0.5, 0.7, 5.85],
							"pivot": [-0.53, 26.40011, 7.18184],
							"rotation": [-6.96398, 16.00742, 65.12678],
							"uv": {
								"north": {"uv": [35, 81], "uv_size": [-1, -6]},
								"east": {"uv": [34, 81], "uv_size": [1, -2]},
								"south": {"uv": [35, 81], "uv_size": [-1, -6]},
								"west": {"uv": [35, 81], "uv_size": [-1, -6]},
								"up": {"uv": [34, 75], "uv_size": [1, 6]},
								"down": {"uv": [34, 75], "uv_size": [1, 6]}
							}
						}
					]
				},
				{
					"name": "bone38",
					"parent": "stock",
					"pivot": [0.07, 25.15, 12.9],
					"rotation": [11, 0, 0],
					"cubes": [
						{
							"origin": [0.58277, 24.59789, 12.88184],
							"size": [0.5, 0.7, 4.85],
							"pivot": [0.63, 24.70011, 12.68184],
							"rotation": [-6.96398, -16.00742, -65.12678],
							"uv": {
								"north": {"uv": [35, 81], "uv_size": [-1, -6]},
								"east": {"uv": [35, 81], "uv_size": [-1, -6]},
								"south": {"uv": [35, 81], "uv_size": [-1, -6]},
								"west": {"uv": [35, 81], "uv_size": [-1, -2]},
								"up": {"uv": [34, 75], "uv_size": [1, 6]},
								"down": {"uv": [34, 75], "uv_size": [1, 6]}
							}
						},
						{
							"origin": [-0.18, 24.80011, 13.08184],
							"size": [0.46, 0.76, 4.9],
							"pivot": [0.05, 25.60011, 12.18184],
							"rotation": [-17.5, 0, 0],
							"uv": {
								"north": {"uv": [83, 46], "uv_size": [2, 1]},
								"east": {"uv": [50, 37], "uv_size": [26, 1]},
								"south": {"uv": [83, 47], "uv_size": [2, 1]},
								"west": {"uv": [50, 38], "uv_size": [26, 1]},
								"up": {"uv": [34, 79], "uv_size": [1, 2]},
								"down": {"uv": [2, 57], "uv_size": [2, -26]}
							}
						},
						{
							"origin": [-0.98277, 24.59789, 12.88184],
							"size": [0.5, 0.7, 4.85],
							"pivot": [-0.53, 24.70011, 12.68184],
							"rotation": [-6.96398, 16.00742, 65.12678],
							"uv": {
								"north": {"uv": [35, 81], "uv_size": [-1, -6]},
								"east": {"uv": [34, 81], "uv_size": [1, -2]},
								"south": {"uv": [35, 81], "uv_size": [-1, -6]},
								"west": {"uv": [35, 81], "uv_size": [-1, -6]},
								"up": {"uv": [34, 75], "uv_size": [1, 6]},
								"down": {"uv": [34, 75], "uv_size": [1, 6]}
							}
						}
					]
				},
				{
					"name": "bone39",
					"parent": "stock",
					"pivot": [0.07, 24.75, 17.9],
					"rotation": [17.5, 0, 0],
					"cubes": [
						{
							"origin": [0.58277, 24.04459, 17.65002],
							"size": [0.5, 0.7, 15.95],
							"pivot": [0.63, 24.1468, 17.45002],
							"rotation": [-6.96398, -16.00742, -65.12678],
							"uv": {
								"north": {"uv": [35, 81], "uv_size": [-1, -6]},
								"east": {"uv": [35, 81], "uv_size": [-1, -6]},
								"south": {"uv": [35, 81], "uv_size": [-1, -6]},
								"west": {"uv": [35, 81], "uv_size": [-1, -2]},
								"up": {"uv": [34, 75], "uv_size": [1, 6]},
								"down": {"uv": [34, 75], "uv_size": [1, 6]}
							}
						},
						{
							"origin": [-0.18, 24.2468, 17.85002],
							"size": [0.46, 0.76, 16],
							"pivot": [0.05, 25.0468, 16.95002],
							"rotation": [-17.5, 0, 0],
							"uv": {
								"north": {"uv": [83, 46], "uv_size": [2, 1]},
								"east": {"uv": [50, 37], "uv_size": [26, 1]},
								"south": {"uv": [83, 47], "uv_size": [2, 1]},
								"west": {"uv": [50, 38], "uv_size": [26, 1]},
								"up": {"uv": [34, 79], "uv_size": [1, 2]},
								"down": {"uv": [2, 57], "uv_size": [2, -26]}
							}
						},
						{
							"origin": [-0.98277, 24.04459, 17.65002],
							"size": [0.5, 0.7, 15.95],
							"pivot": [-0.53, 24.1468, 17.45002],
							"rotation": [-6.96398, 16.00742, 65.12678],
							"uv": {
								"north": {"uv": [35, 81], "uv_size": [-1, -6]},
								"east": {"uv": [34, 81], "uv_size": [1, -2]},
								"south": {"uv": [35, 81], "uv_size": [-1, -6]},
								"west": {"uv": [35, 81], "uv_size": [-1, -6]},
								"up": {"uv": [34, 75], "uv_size": [1, 6]},
								"down": {"uv": [34, 75], "uv_size": [1, 6]}
							}
						}
					]
				},
				{
					"name": "_ca_stock",
					"parent": "main",
					"pivot": [-0.2, 21.35, 0.075],
					"cubes": [
						{"origin": [-0.45, 22.75, 7.875], "size": [1, 1, 1], "uv": [27, 69]}
					]
				}
			]
		}
	]
}