{
	"format_version": "1.12.0",
	"minecraft:geometry": [
		{
			"description": {
				"identifier": "geometry.unknown",
				"texture_width": 128,
				"texture_height": 128,
				"visible_bounds_width": 9,
				"visible_bounds_height": 4,
				"visible_bounds_offset": [0, 1, 0]
			},
			"bones": [
				{
					"name": "main",
					"pivot": [0, 20, 0]
				},
				{
					"name": "gun",
					"parent": "main",
					"pivot": [1, 11, -1]
				},
				{
					"name": "barrel",
					"parent": "gun",
					"pivot": [0.3, 23.5, -107.45],
					"cubes": [
						{
							"origin": [-0.9, 22.5, -40.95],
							"size": [2, 2, 24.6],
							"inflate": -0.3,
							"pivot": [0.1, 23.5, -67.05],
							"rotation": [0, 0, -20],
							"uv": {
								"north": {"uv": [79, 13], "uv_size": [2, 2]},
								"east": {"uv": [16, 0], "uv_size": [44, 2]},
								"south": {"uv": [79, 23], "uv_size": [2, 2]},
								"west": {"uv": [16, 2], "uv_size": [44, 2]},
								"up": {"uv": [16, 4], "uv_size": [2, 33]},
								"down": {"uv": [18, 48], "uv_size": [2, -44]}
							}
						},
						{
							"origin": [-1.3, 22.1, -43.15],
							"size": [2.8, 2.8, 1.3],
							"inflate": -0.3,
							"pivot": [0.1, 23.5, -93.25],
							"rotation": [0, 0, -20],
							"uv": {
								"north": {"uv": [44, 73], "uv_size": [3, 3]},
								"east": {"uv": [56, 40], "uv_size": [7, 3]},
								"south": {"uv": [73, 57], "uv_size": [3, 3]},
								"west": {"uv": [59, 4], "uv_size": [7, 3]},
								"up": {"uv": [8, 59], "uv_size": [3, 7]},
								"down": {"uv": [28, 66], "uv_size": [3, -7]}
							}
						},
						{
							"origin": [-1.1, 22.3, -42.45],
							"size": [2.4, 2.4, 2.2],
							"inflate": -0.3,
							"pivot": [0.1, 23.5, -86.75],
							"rotation": [0, 0, -20],
							"uv": {
								"north": {"uv": [44, 73], "uv_size": [3, 3]},
								"east": {"uv": [56, 40], "uv_size": [7, 3]},
								"south": {"uv": [73, 57], "uv_size": [3, 3]},
								"west": {"uv": [59, 4], "uv_size": [7, 3]},
								"up": {"uv": [8, 59], "uv_size": [3, 7]},
								"down": {"uv": [28, 66], "uv_size": [3, -7]}
							}
						},
						{
							"origin": [-1.3, 22.1, -48.95],
							"size": [2.8, 2.8, 2],
							"inflate": -0.3,
							"pivot": [0.1, 23.5, -93.25],
							"rotation": [0, 0, -20],
							"uv": {
								"north": {"uv": [44, 73], "uv_size": [3, 3]},
								"east": {"uv": [56, 40], "uv_size": [7, 3]},
								"south": {"uv": [73, 57], "uv_size": [3, 3]},
								"west": {"uv": [59, 4], "uv_size": [7, 3]},
								"up": {"uv": [8, 59], "uv_size": [3, 7]},
								"down": {"uv": [28, 66], "uv_size": [3, -7]}
							}
						},
						{
							"origin": [0.4, 23.6, -47.55],
							"size": [1.1, 1.3, 4],
							"inflate": -0.3,
							"pivot": [0.1, 23.5, -91.25],
							"rotation": [0, 0, -20],
							"uv": {
								"north": {"uv": [44, 73], "uv_size": [3, 3]},
								"east": {"uv": [56, 40], "uv_size": [7, 3]},
								"south": {"uv": [73, 57], "uv_size": [3, 3]},
								"west": {"uv": [59, 4], "uv_size": [7, 3]},
								"up": {"uv": [8, 59], "uv_size": [3, 7]},
								"down": {"uv": [28, 66], "uv_size": [3, -7]}
							}
						},
						{
							"origin": [0.9, 22.2, -47.55],
							"size": [1.1, 1.3, 4],
							"inflate": -0.3,
							"pivot": [0.6, 22.1, -91.25],
							"rotation": [0, 0, -20],
							"uv": {
								"north": {"uv": [44, 73], "uv_size": [3, 3]},
								"east": {"uv": [56, 40], "uv_size": [7, 3]},
								"south": {"uv": [73, 57], "uv_size": [3, 3]},
								"west": {"uv": [59, 4], "uv_size": [7, 3]},
								"up": {"uv": [8, 59], "uv_size": [3, 7]},
								"down": {"uv": [28, 66], "uv_size": [3, -7]}
							}
						},
						{
							"origin": [-0.7, 21.6, -47.55],
							"size": [1.1, 1.3, 4],
							"inflate": -0.3,
							"pivot": [-1, 21.5, -91.25],
							"rotation": [0, 0, -20],
							"uv": {
								"north": {"uv": [44, 73], "uv_size": [3, 3]},
								"east": {"uv": [56, 40], "uv_size": [7, 3]},
								"south": {"uv": [73, 57], "uv_size": [3, 3]},
								"west": {"uv": [59, 4], "uv_size": [7, 3]},
								"up": {"uv": [8, 59], "uv_size": [3, 7]},
								"down": {"uv": [28, 66], "uv_size": [3, -7]}
							}
						},
						{
							"origin": [-1.2, 23, -47.55],
							"size": [1.1, 1.3, 4],
							"inflate": -0.3,
							"pivot": [-1.5, 22.9, -91.25],
							"rotation": [0, 0, -20],
							"uv": {
								"north": {"uv": [44, 73], "uv_size": [3, 3]},
								"east": {"uv": [56, 40], "uv_size": [7, 3]},
								"south": {"uv": [73, 57], "uv_size": [3, 3]},
								"west": {"uv": [59, 4], "uv_size": [7, 3]},
								"up": {"uv": [8, 59], "uv_size": [3, 7]},
								"down": {"uv": [28, 66], "uv_size": [3, -7]}
							}
						},
						{
							"origin": [-1.3, 22.1, -44.15],
							"size": [2.8, 2.8, 1.3],
							"inflate": -0.3,
							"pivot": [0.1, 23.5, -94.25],
							"rotation": [0, 0, -20],
							"uv": {
								"north": {"uv": [44, 73], "uv_size": [3, 3]},
								"east": {"uv": [56, 40], "uv_size": [7, 3]},
								"south": {"uv": [73, 57], "uv_size": [3, 3]},
								"west": {"uv": [59, 4], "uv_size": [7, 3]},
								"up": {"uv": [8, 59], "uv_size": [3, 7]},
								"down": {"uv": [28, 66], "uv_size": [3, -7]}
							}
						},
						{
							"origin": [-0.9, 22.3, -43.45],
							"size": [2.4, 2.4, 0.9],
							"inflate": -0.3,
							"pivot": [0.3, 23.5, -87.75],
							"rotation": [0, 0, -20],
							"uv": {
								"north": {"uv": [44, 73], "uv_size": [3, 3]},
								"east": {"uv": [56, 40], "uv_size": [7, 3]},
								"south": {"uv": [73, 57], "uv_size": [3, 3]},
								"west": {"uv": [59, 4], "uv_size": [7, 3]},
								"up": {"uv": [8, 59], "uv_size": [3, 7]},
								"down": {"uv": [28, 66], "uv_size": [3, -7]}
							}
						}
					]
				},
				{
					"name": "_ca_barrelsig",
					"parent": "gun",
					"pivot": [-0.2, 21.35, -24.625],
					"cubes": [
						{"origin": [-0.4, 23.05, -17.625], "size": [1, 1, 1], "uv": [27, 69]}
					]
				},
				{
					"name": "muzzleflash",
					"parent": "gun",
					"pivot": [0, 24.35, -47.95],
					"cubes": [
						{
							"origin": [-0.4, 23.05, -49.55],
							"size": [1, 1, 1],
							"inflate": -0.4,
							"uv": {
								"north": {"uv": [89, 104], "uv_size": [1, 1]},
								"east": {"uv": [89, 104], "uv_size": [1, 1]},
								"south": {"uv": [89, 104], "uv_size": [1, 1]},
								"west": {"uv": [89, 104], "uv_size": [1, 1]},
								"up": {"uv": [90, 105], "uv_size": [-1, -1]},
								"down": {"uv": [90, 105], "uv_size": [-1, -1]}
							}
						}
					]
				},
				{
					"name": "_cb_suppressor",
					"parent": "gun",
					"pivot": [0.1, 23.65, -46.625],
					"cubes": [
						{"origin": [-0.2, 23.15, -41.625], "size": [1, 1, 1], "uv": [27, 69]}
					]
				}
			]
		}
	]
}