{
	"format_version": "1.12.0",
	"minecraft:geometry": [
		{
			"description": {
				"identifier": "geometry.unknown",
				"texture_width": 64,
				"texture_height": 64,
				"visible_bounds_width": 8,
				"visible_bounds_height": 5,
				"visible_bounds_offset": [0, 1.5, 0]
			},
			"bones": [
				{
					"name": "main",
					"pivot": [0, 20, 6.65]
				},
				{
					"name": "specter",
					"parent": "main",
					"pivot": [0, 26.4, -2.95],
					"cubes": [
						{
							"origin": [-1.37672, 23.45534, -5.4317],
							"size": [2.72667, 0.39102, 3.5378],
							"uv": {
								"north": {"uv": [31, 37], "uv_size": [3, 1]},
								"east": {"uv": [47, 5], "uv_size": [4, 1]},
								"south": {"uv": [49, 31], "uv_size": [3, 1]},
								"west": {"uv": [47, 6], "uv_size": [4, 1]},
								"up": {"uv": [26, 5], "uv_size": [3, 4]},
								"down": {"uv": [39, 34], "uv_size": [3, -4]}
							}
						},
						{
							"origin": [-1.38253, 23.45534, -1.94045],
							"size": [2.73248, 0.39102, 3.61926],
							"uv": {
								"north": {"uv": [40, 49], "uv_size": [3, 1]},
								"east": {"uv": [47, 28], "uv_size": [4, 1]},
								"south": {"uv": [43, 49], "uv_size": [3, 1]},
								"west": {"uv": [47, 30], "uv_size": [4, 1]},
								"up": {"uv": [40, 34], "uv_size": [3, 4]},
								"down": {"uv": [0, 45], "uv_size": [3, -4]}
							}
						},
						{
							"origin": [-1.80958, 25.26888, -5.55733],
							"size": [3.58076, 1.01935, 7.44036],
							"inflate": -0.201,
							"uv": {
								"north": {"uv": [47, 33], "uv_size": [4, 1]},
								"east": {"uv": [43, 29], "uv_size": [7, 1]},
								"south": {"uv": [47, 34], "uv_size": [4, 1]},
								"west": {"uv": [43, 36], "uv_size": [7, 1]},
								"up": {"uv": [23, 33], "uv_size": [4, 7]},
								"down": {"uv": [0, 41], "uv_size": [4, -7]}
							}
						},
						{
							"origin": [-1.46046, 23.60901, -5.55733],
							"size": [2.88251, 1.23985, 7.44036],
							"inflate": -0.201,
							"uv": {
								"north": {"uv": [47, 33], "uv_size": [4, 1]},
								"east": {"uv": [43, 29], "uv_size": [7, 1]},
								"south": {"uv": [47, 34], "uv_size": [4, 1]},
								"west": {"uv": [43, 36], "uv_size": [7, 1]},
								"up": {"uv": [23, 33], "uv_size": [4, 7]},
								"down": {"uv": [0, 41], "uv_size": [4, -7]}
							}
						},
						{
							"origin": [0.86704, 24.91976, -5.55733],
							"size": [0.90413, 0.90297, 7.44036],
							"inflate": -0.201,
							"pivot": [1.5713, 25.50368, 1.68173],
							"rotation": [0, 0, -14],
							"uv": {
								"north": {"uv": [47, 33], "uv_size": [4, 1]},
								"east": {"uv": [43, 29], "uv_size": [7, 1]},
								"south": {"uv": [47, 34], "uv_size": [4, 1]},
								"west": {"uv": [43, 36], "uv_size": [7, 1]},
								"up": {"uv": [23, 33], "uv_size": [4, 7]},
								"down": {"uv": [0, 41], "uv_size": [4, -7]}
							}
						},
						{
							"origin": [-1.77118, 24.91976, -5.55733],
							"size": [0.90413, 0.90297, 7.44036],
							"inflate": -0.201,
							"pivot": [-1.5713, 25.50368, 1.68173],
							"rotation": [0, 0, 14],
							"uv": {
								"north": {"uv": [51, 33], "uv_size": [-4, 1]},
								"east": {"uv": [50, 36], "uv_size": [-7, 1]},
								"south": {"uv": [51, 34], "uv_size": [-4, 1]},
								"west": {"uv": [50, 29], "uv_size": [-7, 1]},
								"up": {"uv": [27, 33], "uv_size": [-4, 7]},
								"down": {"uv": [4, 41], "uv_size": [-4, -7]}
							}
						},
						{
							"origin": [-1.76331, 23.24853, -5.55733],
							"size": [0.90413, 2.09735, 7.44036],
							"inflate": -0.201,
							"pivot": [-1.5713, 24.73607, 1.68173],
							"rotation": [0, 0, -14],
							"uv": {
								"north": {"uv": [51, 34], "uv_size": [-4, -1]},
								"east": {"uv": [50, 37], "uv_size": [-7, -1]},
								"south": {"uv": [51, 35], "uv_size": [-4, -1]},
								"west": {"uv": [50, 30], "uv_size": [-7, -1]},
								"up": {"uv": [4, 34], "uv_size": [-4, 7]},
								"down": {"uv": [27, 40], "uv_size": [-4, -7]}
							}
						},
						{
							"origin": [0.94364, 23.3814, -5.55733],
							"size": [0.90413, 1.97485, 7.44036],
							"inflate": -0.201,
							"pivot": [1.5713, 25.0852, 1.68173],
							"rotation": [0, 0, 14],
							"uv": {
								"north": {"uv": [47, 34], "uv_size": [4, -1]},
								"east": {"uv": [43, 30], "uv_size": [7, -1]},
								"south": {"uv": [47, 35], "uv_size": [4, -1]},
								"west": {"uv": [43, 37], "uv_size": [7, -1]},
								"up": {"uv": [0, 34], "uv_size": [4, 7]},
								"down": {"uv": [23, 40], "uv_size": [4, -7]}
							}
						},
						{
							"origin": [-1.53823, 29.11877, -5.97492],
							"size": [2.98801, 1.04222, 8.4076],
							"inflate": -0.3,
							"uv": {
								"north": {"uv": [27, 39], "uv_size": [1.1, 1]},
								"east": {"uv": [27, 30], "uv_size": [5.1, 7]},
								"south": {"uv": [15, 7], "uv_size": [1.1, 1]},
								"west": {"uv": [27, 30], "uv_size": [5.1, 7]},
								"up": {"uv": [33.2, 36], "uv_size": [-6.2, -3.8]},
								"down": {"uv": [16.1, 8], "uv_size": [-1.1, -1]}
							}
						},
						{
							"origin": [-1.53823, 25.78113, -5.97492],
							"size": [2.98801, 1.04222, 8.4076],
							"inflate": -0.3,
							"uv": {
								"north": {"uv": [27, 40], "uv_size": [1.1, -1]},
								"east": {"uv": [27, 37], "uv_size": [5.1, -7]},
								"south": {"uv": [15, 8], "uv_size": [1.1, -1]},
								"west": {"uv": [27, 37], "uv_size": [5.1, -7]},
								"up": {"uv": [16.1, 7], "uv_size": [-1.1, 1]},
								"down": {"uv": [33.2, 32.2], "uv_size": [-6.2, 3.8]}
							}
						},
						{
							"origin": [-1.74305, 29.33988, -5.1568],
							"size": [3.4861, 0.98695, 7.31193],
							"inflate": -0.3,
							"uv": {
								"north": {"uv": [9, 46], "uv_size": [3, 2]},
								"east": {"uv": [9, 46], "uv_size": [3, 2]},
								"south": {"uv": [27, 39], "uv_size": [1.1, 1]},
								"west": {"uv": [9, 46], "uv_size": [3, 2]},
								"up": {"uv": [12, 48], "uv_size": [-3, -2]},
								"down": {"uv": [12, 48], "uv_size": [-3, -2]}
							}
						},
						{
							"origin": [1.11512, 26.57016, -5.97492],
							"size": [1.13067, 2.79483, 8.4076],
							"inflate": -0.3,
							"uv": {
								"north": {"uv": [27, 39], "uv_size": [1.1, 1]},
								"east": {"uv": [15, 7], "uv_size": [1.1, 1]},
								"south": {"uv": [15, 7], "uv_size": [1.1, 1]},
								"west": {"uv": [27, 32.2], "uv_size": [6.2, 3.8]},
								"up": {"uv": [32.1, 37], "uv_size": [-5.1, -7]},
								"down": {"uv": [32.1, 37], "uv_size": [-5.1, -7]}
							}
						},
						{
							"origin": [1.42468, 26.49858, 0.21623],
							"size": [1.02011, 3.01013, 1.93889],
							"inflate": -0.3,
							"uv": {
								"north": {"uv": [27, 39], "uv_size": [1.1, 1]},
								"east": {"uv": [27, 30], "uv_size": [5.1, 7]},
								"south": {"uv": [27, 39], "uv_size": [1.1, 1]},
								"west": {"uv": [27, 32.2], "uv_size": [6.2, 3.8]},
								"up": {"uv": [32.1, 37], "uv_size": [-5.1, -7]},
								"down": {"uv": [32.1, 37], "uv_size": [-5.1, -7]}
							}
						},
						{
							"origin": [-2.44479, 26.49858, 0.21623],
							"size": [1.02011, 3.01013, 1.93889],
							"inflate": -0.3,
							"uv": {
								"north": {"uv": [28.1, 39], "uv_size": [-1.1, 1]},
								"east": {"uv": [33.2, 32.2], "uv_size": [-6.2, 3.8]},
								"south": {"uv": [27, 39], "uv_size": [1.1, 1]},
								"west": {"uv": [32.1, 30], "uv_size": [-5.1, 7]},
								"up": {"uv": [27, 37], "uv_size": [5.1, -7]},
								"down": {"uv": [27, 37], "uv_size": [5.1, -7]}
							}
						},
						{
							"origin": [-2.24579, 26.47589, -5.97492],
							"size": [1.04222, 2.97754, 8.4076],
							"inflate": -0.3,
							"uv": {
								"north": {"uv": [27, 39], "uv_size": [1.1, 1]},
								"east": {"uv": [27, 32.2], "uv_size": [6.2, 3.8]},
								"south": {"uv": [15, 7], "uv_size": [1.1, 1]},
								"west": {"uv": [15, 7], "uv_size": [1.1, 1]},
								"up": {"uv": [32.1, 37], "uv_size": [-5.1, -7]},
								"down": {"uv": [32.1, 37], "uv_size": [-5.1, -7]}
							}
						},
						{
							"origin": [-22.82694, 35.64601, -5.97492],
							"size": [1.13067, 1.59943, 8.4076],
							"inflate": -0.3,
							"pivot": [-20.4308, 7.70552, 1.95346],
							"rotation": [0, 0, 45],
							"uv": {
								"north": {"uv": [27, 39], "uv_size": [1.1, 1]},
								"east": {"uv": [27, 30], "uv_size": [5.1, 7]},
								"south": {"uv": [15, 7], "uv_size": [1.1, 1]},
								"west": {"uv": [15, 7], "uv_size": [1.1, 1]},
								"up": {"uv": [32.1, 37], "uv_size": [-5.1, -7]},
								"down": {"uv": [32.1, 37], "uv_size": [-5.1, -7]}
							}
						},
						{
							"origin": [20.63493, 38.12247, -5.97492],
							"size": [1.13067, 1.72325, 8.4076],
							"inflate": -0.3,
							"pivot": [22.9957, 10.18198, 1.95346],
							"rotation": [0, 0, -45],
							"uv": {
								"north": {"uv": [27, 39], "uv_size": [1.1, 1]},
								"east": {"uv": [15, 7], "uv_size": [1.1, 1]},
								"south": {"uv": [15, 7], "uv_size": [1.1, 1]},
								"west": {"uv": [27, 32.2], "uv_size": [6.2, 3.8]},
								"up": {"uv": [32.1, 37], "uv_size": [-5.1, -7]},
								"down": {"uv": [32.1, 37], "uv_size": [-5.1, -7]}
							}
						},
						{
							"origin": [-22.82694, 18.69669, -5.97492],
							"size": [1.13067, 1.59943, 8.4076],
							"inflate": -0.3,
							"pivot": [-20.4308, 48.2366, 1.95346],
							"rotation": [0, 0, -45],
							"uv": {
								"north": {"uv": [27, 40], "uv_size": [1.1, -1]},
								"east": {"uv": [27, 37], "uv_size": [5.1, -7]},
								"south": {"uv": [15, 8], "uv_size": [1.1, -1]},
								"west": {"uv": [15, 8], "uv_size": [1.1, -1]},
								"up": {"uv": [32.1, 30], "uv_size": [-5.1, 7]},
								"down": {"uv": [32.1, 30], "uv_size": [-5.1, 7]}
							}
						},
						{
							"origin": [20.63493, 16.0964, -5.97492],
							"size": [1.13067, 1.72325, 8.4076],
							"inflate": -0.3,
							"pivot": [22.9957, 45.76014, 1.95346],
							"rotation": [0, 0, 45],
							"uv": {
								"north": {"uv": [27, 40], "uv_size": [1.1, -1]},
								"east": {"uv": [15, 8], "uv_size": [1.1, -1]},
								"south": {"uv": [15, 8], "uv_size": [1.1, -1]},
								"west": {"uv": [27, 36], "uv_size": [6.2, -3.8]},
								"up": {"uv": [32.1, 30], "uv_size": [-5.1, 7]},
								"down": {"uv": [32.1, 30], "uv_size": [-5.1, 7]}
							}
						},
						{
							"origin": [-2.63224, 24.97806, -5.58224],
							"size": [0.93533, 2.03623, 7.47095],
							"inflate": -0.2,
							"pivot": [-2.43224, 26.81313, -5.37816],
							"rotation": [0, 0, -42],
							"uv": {
								"north": {"uv": [4, 52], "uv_size": [1, 2]},
								"east": {"uv": [42, 45], "uv_size": [3, 2]},
								"south": {"uv": [5, 52], "uv_size": [1, 2]},
								"west": {"uv": [45, 45], "uv_size": [3, 2]},
								"up": {"uv": [18, 50], "uv_size": [1, 3]},
								"down": {"uv": [19, 53], "uv_size": [1, -3]}
							}
						},
						{
							"origin": [-1.52667, 25.38538, -5.58224],
							"size": [3.06499, 1.09825, 7.47095],
							"inflate": -0.2,
							"uv": {
								"north": {"uv": [4, 52], "uv_size": [1, 2]},
								"east": {"uv": [42, 45], "uv_size": [3, 2]},
								"south": {"uv": [5, 52], "uv_size": [1, 2]},
								"west": {"uv": [45, 45], "uv_size": [3, 2]},
								"up": {"uv": [18, 50], "uv_size": [1, 3]},
								"down": {"uv": [19, 53], "uv_size": [1, -3]}
							}
						},
						{
							"origin": [-2.16674, 25.55994, -5.58224],
							"size": [0.70257, 1.10523, 2.69957],
							"inflate": -0.2,
							"pivot": [-2.43224, 26.81313, -5.37816],
							"rotation": [0, 0, -42],
							"uv": {
								"north": {"uv": [4, 52], "uv_size": [1, 2]},
								"east": {"uv": [42, 45], "uv_size": [3, 2]},
								"south": {"uv": [5, 52], "uv_size": [1, 2]},
								"west": {"uv": [45, 45], "uv_size": [3, 2]},
								"up": {"uv": [18, 50], "uv_size": [1, 3]},
								"down": {"uv": [19, 53], "uv_size": [1, -3]}
							}
						},
						{
							"origin": [1.34779, 25.55994, -5.58224],
							"size": [0.81895, 1.10523, 2.69957],
							"inflate": -0.2,
							"pivot": [2.43224, 26.81313, -5.37816],
							"rotation": [0, 0, 42],
							"uv": {
								"north": {"uv": [5, 52], "uv_size": [-1, 2]},
								"east": {"uv": [48, 45], "uv_size": [-3, 2]},
								"south": {"uv": [6, 52], "uv_size": [-1, 2]},
								"west": {"uv": [45, 45], "uv_size": [-3, 2]},
								"up": {"uv": [19, 50], "uv_size": [-1, 3]},
								"down": {"uv": [20, 53], "uv_size": [-1, -3]}
							}
						},
						{
							"origin": [1.69691, 24.97806, -5.58224],
							"size": [0.93532, 2.03623, 7.47095],
							"inflate": -0.2,
							"pivot": [2.43224, 26.81313, -5.37816],
							"rotation": [0, 0, 42],
							"uv": {
								"north": {"uv": [5, 52], "uv_size": [-1, 2]},
								"east": {"uv": [48, 45], "uv_size": [-3, 2]},
								"south": {"uv": [6, 52], "uv_size": [-1, 2]},
								"west": {"uv": [45, 45], "uv_size": [-3, 2]},
								"up": {"uv": [19, 50], "uv_size": [-1, 3]},
								"down": {"uv": [20, 53], "uv_size": [-1, -3]}
							}
						},
						{
							"origin": [1.69691, 24.97806, -4.41849],
							"size": [1.0517, 1.68711, 0.48844],
							"inflate": -0.2,
							"pivot": [2.43224, 26.81313, -5.02904],
							"rotation": [0, 0, 42],
							"uv": {
								"north": {"uv": [11, 6.2], "uv_size": [6.2, 3.8]},
								"east": {"uv": [11, 6.2], "uv_size": [6.2, 3.8]},
								"south": {"uv": [11, 6.2], "uv_size": [6.2, 3.8]},
								"west": {"uv": [11, 6.2], "uv_size": [6.2, 3.8]},
								"up": {"uv": [17.2, 10], "uv_size": [-6.2, -3.8]},
								"down": {"uv": [17.2, 10], "uv_size": [-6.2, -3.8]}
							}
						},
						{
							"origin": [1.69691, 24.97806, -3.02199],
							"size": [1.0517, 1.68711, 0.48845],
							"inflate": -0.2,
							"pivot": [2.43224, 26.81313, -3.63254],
							"rotation": [0, 0, 42],
							"uv": {
								"north": {"uv": [11, 6.2], "uv_size": [6.2, 3.8]},
								"east": {"uv": [11, 6.2], "uv_size": [6.2, 3.8]},
								"south": {"uv": [11, 6.2], "uv_size": [6.2, 3.8]},
								"west": {"uv": [11, 6.2], "uv_size": [6.2, 3.8]},
								"up": {"uv": [17.2, 10], "uv_size": [-6.2, -3.8]},
								"down": {"uv": [17.2, 10], "uv_size": [-6.2, -3.8]}
							}
						},
						{
							"origin": [1.69691, 24.97806, -3.72024],
							"size": [1.0517, 1.68711, 0.48844],
							"inflate": -0.2,
							"pivot": [2.43224, 26.81313, -4.33079],
							"rotation": [0, 0, 42],
							"uv": {
								"north": {"uv": [11, 6.2], "uv_size": [6.2, 3.8]},
								"east": {"uv": [11, 6.2], "uv_size": [6.2, 3.8]},
								"south": {"uv": [11, 6.2], "uv_size": [6.2, 3.8]},
								"west": {"uv": [11, 6.2], "uv_size": [6.2, 3.8]},
								"up": {"uv": [17.2, 10], "uv_size": [-6.2, -3.8]},
								"down": {"uv": [17.2, 10], "uv_size": [-6.2, -3.8]}
							}
						},
						{
							"origin": [1.69691, 24.97806, -2.32374],
							"size": [1.0517, 1.68711, 0.48844],
							"inflate": -0.2,
							"pivot": [2.43224, 26.81313, -2.93429],
							"rotation": [0, 0, 42],
							"uv": {
								"north": {"uv": [11, 6.2], "uv_size": [6.2, 3.8]},
								"east": {"uv": [11, 6.2], "uv_size": [6.2, 3.8]},
								"south": {"uv": [11, 6.2], "uv_size": [6.2, 3.8]},
								"west": {"uv": [11, 6.2], "uv_size": [6.2, 3.8]},
								"up": {"uv": [17.2, 10], "uv_size": [-6.2, -3.8]},
								"down": {"uv": [17.2, 10], "uv_size": [-6.2, -3.8]}
							}
						},
						{
							"origin": [1.69691, 24.97806, -0.92724],
							"size": [1.0517, 1.68711, 0.48845],
							"inflate": -0.2,
							"pivot": [2.43224, 26.81313, -1.53779],
							"rotation": [0, 0, 42],
							"uv": {
								"north": {"uv": [11, 6.2], "uv_size": [6.2, 3.8]},
								"east": {"uv": [11, 6.2], "uv_size": [6.2, 3.8]},
								"south": {"uv": [11, 6.2], "uv_size": [6.2, 3.8]},
								"west": {"uv": [11, 6.2], "uv_size": [6.2, 3.8]},
								"up": {"uv": [17.2, 10], "uv_size": [-6.2, -3.8]},
								"down": {"uv": [17.2, 10], "uv_size": [-6.2, -3.8]}
							}
						},
						{
							"origin": [1.69691, 24.97806, -1.62549],
							"size": [1.0517, 1.68711, 0.48845],
							"inflate": -0.2,
							"pivot": [2.43224, 26.81313, -2.23604],
							"rotation": [0, 0, 42],
							"uv": {
								"north": {"uv": [11, 6.2], "uv_size": [6.2, 3.8]},
								"east": {"uv": [11, 6.2], "uv_size": [6.2, 3.8]},
								"south": {"uv": [11, 6.2], "uv_size": [6.2, 3.8]},
								"west": {"uv": [11, 6.2], "uv_size": [6.2, 3.8]},
								"up": {"uv": [17.2, 10], "uv_size": [-6.2, -3.8]},
								"down": {"uv": [17.2, 10], "uv_size": [-6.2, -3.8]}
							}
						},
						{
							"origin": [1.69691, 24.97806, -0.22899],
							"size": [1.0517, 1.68711, 0.48845],
							"inflate": -0.2,
							"pivot": [2.43224, 26.81313, -0.83954],
							"rotation": [0, 0, 42],
							"uv": {
								"north": {"uv": [11, 6.2], "uv_size": [6.2, 3.8]},
								"east": {"uv": [11, 6.2], "uv_size": [6.2, 3.8]},
								"south": {"uv": [11, 6.2], "uv_size": [6.2, 3.8]},
								"west": {"uv": [11, 6.2], "uv_size": [6.2, 3.8]},
								"up": {"uv": [17.2, 10], "uv_size": [-6.2, -3.8]},
								"down": {"uv": [17.2, 10], "uv_size": [-6.2, -3.8]}
							}
						},
						{
							"origin": [1.69691, 24.97806, 0.46926],
							"size": [1.0517, 1.68711, 0.48845],
							"inflate": -0.2,
							"pivot": [2.43224, 26.81313, -0.14129],
							"rotation": [0, 0, 42],
							"uv": {
								"north": {"uv": [11, 6.2], "uv_size": [6.2, 3.8]},
								"east": {"uv": [11, 6.2], "uv_size": [6.2, 3.8]},
								"south": {"uv": [11, 6.2], "uv_size": [6.2, 3.8]},
								"west": {"uv": [11, 6.2], "uv_size": [6.2, 3.8]},
								"up": {"uv": [17.2, 10], "uv_size": [-6.2, -3.8]},
								"down": {"uv": [17.2, 10], "uv_size": [-6.2, -3.8]}
							}
						},
						{
							"origin": [-2.74861, 24.97806, -4.41849],
							"size": [1.0517, 1.68711, 0.48844],
							"inflate": -0.2,
							"pivot": [-2.43224, 26.81313, -5.02904],
							"rotation": [0, 0, -42],
							"uv": {
								"north": {"uv": [17.2, 6.2], "uv_size": [-6.2, 3.8]},
								"east": {"uv": [17.2, 6.2], "uv_size": [-6.2, 3.8]},
								"south": {"uv": [17.2, 6.2], "uv_size": [-6.2, 3.8]},
								"west": {"uv": [17.2, 6.2], "uv_size": [-6.2, 3.8]},
								"up": {"uv": [11, 10], "uv_size": [6.2, -3.8]},
								"down": {"uv": [11, 10], "uv_size": [6.2, -3.8]}
							}
						},
						{
							"origin": [-2.74861, 24.97806, -3.72024],
							"size": [1.0517, 1.68711, 0.48844],
							"inflate": -0.2,
							"pivot": [-2.43224, 26.81313, -4.33079],
							"rotation": [0, 0, -42],
							"uv": {
								"north": {"uv": [17.2, 6.2], "uv_size": [-6.2, 3.8]},
								"east": {"uv": [17.2, 6.2], "uv_size": [-6.2, 3.8]},
								"south": {"uv": [17.2, 6.2], "uv_size": [-6.2, 3.8]},
								"west": {"uv": [17.2, 6.2], "uv_size": [-6.2, 3.8]},
								"up": {"uv": [11, 10], "uv_size": [6.2, -3.8]},
								"down": {"uv": [11, 10], "uv_size": [6.2, -3.8]}
							}
						},
						{
							"origin": [-2.74861, 24.97806, -3.02199],
							"size": [1.0517, 1.68711, 0.48845],
							"inflate": -0.2,
							"pivot": [-2.43224, 26.81313, -3.63254],
							"rotation": [0, 0, -42],
							"uv": {
								"north": {"uv": [17.2, 6.2], "uv_size": [-6.2, 3.8]},
								"east": {"uv": [17.2, 6.2], "uv_size": [-6.2, 3.8]},
								"south": {"uv": [17.2, 6.2], "uv_size": [-6.2, 3.8]},
								"west": {"uv": [17.2, 6.2], "uv_size": [-6.2, 3.8]},
								"up": {"uv": [11, 10], "uv_size": [6.2, -3.8]},
								"down": {"uv": [11, 10], "uv_size": [6.2, -3.8]}
							}
						},
						{
							"origin": [-2.74861, 24.97806, -2.32374],
							"size": [1.0517, 1.68711, 0.48844],
							"inflate": -0.2,
							"pivot": [-2.43224, 26.81313, -2.93429],
							"rotation": [0, 0, -42],
							"uv": {
								"north": {"uv": [17.2, 6.2], "uv_size": [-6.2, 3.8]},
								"east": {"uv": [17.2, 6.2], "uv_size": [-6.2, 3.8]},
								"south": {"uv": [17.2, 6.2], "uv_size": [-6.2, 3.8]},
								"west": {"uv": [17.2, 6.2], "uv_size": [-6.2, 3.8]},
								"up": {"uv": [11, 10], "uv_size": [6.2, -3.8]},
								"down": {"uv": [11, 10], "uv_size": [6.2, -3.8]}
							}
						},
						{
							"origin": [-2.74861, 24.97806, -1.62549],
							"size": [1.0517, 1.68711, 0.48845],
							"inflate": -0.2,
							"pivot": [-2.43224, 26.81313, -2.23604],
							"rotation": [0, 0, -42],
							"uv": {
								"north": {"uv": [17.2, 6.2], "uv_size": [-6.2, 3.8]},
								"east": {"uv": [17.2, 6.2], "uv_size": [-6.2, 3.8]},
								"south": {"uv": [17.2, 6.2], "uv_size": [-6.2, 3.8]},
								"west": {"uv": [17.2, 6.2], "uv_size": [-6.2, 3.8]},
								"up": {"uv": [11, 10], "uv_size": [6.2, -3.8]},
								"down": {"uv": [11, 10], "uv_size": [6.2, -3.8]}
							}
						},
						{
							"origin": [-2.74861, 24.97806, -0.92724],
							"size": [1.0517, 1.68711, 0.48845],
							"inflate": -0.2,
							"pivot": [-2.43224, 26.81313, -1.53779],
							"rotation": [0, 0, -42],
							"uv": {
								"north": {"uv": [17.2, 6.2], "uv_size": [-6.2, 3.8]},
								"east": {"uv": [17.2, 6.2], "uv_size": [-6.2, 3.8]},
								"south": {"uv": [17.2, 6.2], "uv_size": [-6.2, 3.8]},
								"west": {"uv": [17.2, 6.2], "uv_size": [-6.2, 3.8]},
								"up": {"uv": [11, 10], "uv_size": [6.2, -3.8]},
								"down": {"uv": [11, 10], "uv_size": [6.2, -3.8]}
							}
						},
						{
							"origin": [-2.74861, 24.97806, -0.22899],
							"size": [1.0517, 1.68711, 0.48845],
							"inflate": -0.2,
							"pivot": [-2.43224, 26.81313, -0.83954],
							"rotation": [0, 0, -42],
							"uv": {
								"north": {"uv": [17.2, 6.2], "uv_size": [-6.2, 3.8]},
								"east": {"uv": [17.2, 6.2], "uv_size": [-6.2, 3.8]},
								"south": {"uv": [17.2, 6.2], "uv_size": [-6.2, 3.8]},
								"west": {"uv": [17.2, 6.2], "uv_size": [-6.2, 3.8]},
								"up": {"uv": [11, 10], "uv_size": [6.2, -3.8]},
								"down": {"uv": [11, 10], "uv_size": [6.2, -3.8]}
							}
						},
						{
							"origin": [-2.74861, 24.97806, 0.46926],
							"size": [1.0517, 1.68711, 0.48845],
							"inflate": -0.2,
							"pivot": [-2.43224, 26.81313, -0.14129],
							"rotation": [0, 0, -42],
							"uv": {
								"north": {"uv": [17.2, 6.2], "uv_size": [-6.2, 3.8]},
								"east": {"uv": [17.2, 6.2], "uv_size": [-6.2, 3.8]},
								"south": {"uv": [17.2, 6.2], "uv_size": [-6.2, 3.8]},
								"west": {"uv": [17.2, 6.2], "uv_size": [-6.2, 3.8]},
								"up": {"uv": [11, 10], "uv_size": [6.2, -3.8]},
								"down": {"uv": [11, 10], "uv_size": [6.2, -3.8]}
							}
						},
						{
							"origin": [-2.63212, 27.08224, -5.85269],
							"size": [1.28422, 2.35021, 0.91531],
							"inflate": -0.199,
							"pivot": [-2.43224, 26.933, -5.65281],
							"rotation": [-47.5, 0, 0],
							"uv": {
								"north": {"uv": [22, 50], "uv_size": [1, 3]},
								"east": {"uv": [9, 43], "uv_size": [3, 3]},
								"south": {"uv": [23, 50], "uv_size": [1, 3]},
								"west": {"uv": [43, 17], "uv_size": [3, 3]},
								"up": {"uv": [24, 50], "uv_size": [1, 3]},
								"down": {"uv": [25, 53], "uv_size": [1, -3]}
							}
						},
						{
							"origin": [1.3479, 27.08224, -5.85269],
							"size": [1.28422, 2.35021, 0.91531],
							"inflate": -0.199,
							"pivot": [2.43224, 26.933, -5.65281],
							"rotation": [-47.5, 0, 0],
							"uv": {
								"north": {"uv": [23, 50], "uv_size": [-1, 3]},
								"east": {"uv": [46, 17], "uv_size": [-3, 3]},
								"south": {"uv": [24, 50], "uv_size": [-1, 3]},
								"west": {"uv": [12, 43], "uv_size": [-3, 3]},
								"up": {"uv": [25, 50], "uv_size": [-1, 3]},
								"down": {"uv": [26, 53], "uv_size": [-1, -3]}
							}
						},
						{
							"origin": [1.3479, 27.66411, -4.75439],
							"size": [1.28422, 0.83734, 0.79894],
							"inflate": -0.199,
							"uv": {
								"north": {"uv": [23, 50], "uv_size": [-1, 3]},
								"east": {"uv": [46, 17], "uv_size": [-3, 3]},
								"south": {"uv": [24, 50], "uv_size": [-1, 3]},
								"west": {"uv": [12, 43], "uv_size": [-3, 3]},
								"up": {"uv": [25, 50], "uv_size": [-1, 3]},
								"down": {"uv": [26, 53], "uv_size": [-1, -3]}
							}
						},
						{
							"origin": [1.90639, 26.61197, -4.17235],
							"size": [0.72585, 2.06882, 6.16871],
							"inflate": -0.2,
							"uv": {
								"north": {"uv": [0, 27], "uv_size": [6, 2]},
								"east": {"uv": [46, 2], "uv_size": [3, 2]},
								"south": {"uv": [41, 0], "uv_size": [6, 2]},
								"west": {"uv": [3, 46], "uv_size": [3, 2]},
								"up": {"uv": [35, 0], "uv_size": [6, 3]},
								"down": {"uv": [14, 40], "uv_size": [6, -3]}
							}
						},
						{
							"origin": [-2.63224, 26.61197, -4.17235],
							"size": [0.72585, 2.06882, 6.16871],
							"inflate": -0.2,
							"uv": {
								"north": {"uv": [6, 27], "uv_size": [-6, 2]},
								"east": {"uv": [6, 46], "uv_size": [-3, 2]},
								"south": {"uv": [47, 0], "uv_size": [-6, 2]},
								"west": {"uv": [49, 2], "uv_size": [-3, 2]},
								"up": {"uv": [41, 0], "uv_size": [-6, 3]},
								"down": {"uv": [20, 40], "uv_size": [-6, -3]}
							}
						},
						{
							"origin": [-2.63224, 26.61197, -5.58224],
							"size": [1.19135, 0.76076, 1.86633],
							"inflate": -0.2,
							"uv": {
								"north": {"uv": [0, 27], "uv_size": [6, 2]},
								"east": {"uv": [46, 2], "uv_size": [3, 2]},
								"south": {"uv": [41, 0], "uv_size": [6, 2]},
								"west": {"uv": [3, 46], "uv_size": [3, 2]},
								"up": {"uv": [35, 0], "uv_size": [6, 3]},
								"down": {"uv": [14, 40], "uv_size": [6, -3]}
							}
						},
						{
							"origin": [-2.63224, 26.96109, -4.88399],
							"size": [1.19135, 0.99351, 1.16808],
							"inflate": -0.2,
							"uv": {
								"north": {"uv": [0, 27], "uv_size": [6, 2]},
								"east": {"uv": [46, 2], "uv_size": [3, 2]},
								"south": {"uv": [41, 0], "uv_size": [6, 2]},
								"west": {"uv": [3, 46], "uv_size": [3, 2]},
								"up": {"uv": [35, 0], "uv_size": [6, 3]},
								"down": {"uv": [14, 40], "uv_size": [6, -3]}
							}
						},
						{
							"origin": [1.44089, 26.96109, -4.88399],
							"size": [1.19135, 0.99351, 1.16808],
							"inflate": -0.2,
							"uv": {
								"north": {"uv": [6, 27], "uv_size": [-6, 2]},
								"east": {"uv": [6, 46], "uv_size": [-3, 2]},
								"south": {"uv": [47, 0], "uv_size": [-6, 2]},
								"west": {"uv": [49, 2], "uv_size": [-3, 2]},
								"up": {"uv": [41, 0], "uv_size": [-6, 3]},
								"down": {"uv": [20, 40], "uv_size": [-6, -3]}
							}
						},
						{
							"origin": [1.44089, 26.61197, -5.58224],
							"size": [1.19135, 0.76076, 1.86633],
							"inflate": -0.2,
							"uv": {
								"north": {"uv": [6, 27], "uv_size": [-6, 2]},
								"east": {"uv": [6, 46], "uv_size": [-3, 2]},
								"south": {"uv": [47, 0], "uv_size": [-6, 2]},
								"west": {"uv": [49, 2], "uv_size": [-3, 2]},
								"up": {"uv": [41, 0], "uv_size": [-6, 3]},
								"down": {"uv": [20, 40], "uv_size": [-6, -3]}
							}
						},
						{
							"origin": [1.32451, 26.84472, -4.30211],
							"size": [1.30772, 0.52801, 0.5862],
							"inflate": -0.2,
							"uv": {
								"north": {"uv": [0, 27], "uv_size": [6, 2]},
								"east": {"uv": [46, 2], "uv_size": [3, 2]},
								"south": {"uv": [41, 0], "uv_size": [6, 2]},
								"west": {"uv": [3, 46], "uv_size": [3, 2]},
								"up": {"uv": [35, 0], "uv_size": [6, 3]},
								"down": {"uv": [14, 40], "uv_size": [6, -3]}
							}
						},
						{
							"origin": [-2.63224, 26.84472, -4.30211],
							"size": [1.30772, 0.52801, 0.5862],
							"inflate": -0.2,
							"uv": {
								"north": {"uv": [6, 27], "uv_size": [-6, 2]},
								"east": {"uv": [6, 46], "uv_size": [-3, 2]},
								"south": {"uv": [47, 0], "uv_size": [-6, 2]},
								"west": {"uv": [49, 2], "uv_size": [-3, 2]},
								"up": {"uv": [41, 0], "uv_size": [-6, 3]},
								"down": {"uv": [20, 40], "uv_size": [-6, -3]}
							}
						},
						{
							"origin": [-23.12021, 35.53545, -5.1568],
							"size": [1.08645, 1.76084, 7.31193],
							"inflate": -0.3,
							"pivot": [-20.54717, 7.70552, 1.95346],
							"rotation": [0, 0, 45],
							"uv": {
								"north": {"uv": [12, 46], "uv_size": [-3, 2]},
								"east": {"uv": [27, 32.2], "uv_size": [6.2, 3.8]},
								"south": {"uv": [27, 39], "uv_size": [1.1, 1]},
								"west": {"uv": [12, 46], "uv_size": [-3, 2]},
								"up": {"uv": [9, 48], "uv_size": [3, -2]},
								"down": {"uv": [9, 48], "uv_size": [3, -2]}
							}
						},
						{
							"origin": [22.03376, 35.53545, -5.1568],
							"size": [1.08645, 1.76084, 7.31193],
							"inflate": -0.3,
							"pivot": [20.54717, 7.70552, 1.95346],
							"rotation": [0, 0, -45],
							"uv": {
								"north": {"uv": [9, 46], "uv_size": [3, 2]},
								"east": {"uv": [9, 46], "uv_size": [3, 2]},
								"south": {"uv": [27, 39], "uv_size": [1.1, 1]},
								"west": {"uv": [27, 32.2], "uv_size": [6.2, 3.8]},
								"up": {"uv": [12, 48], "uv_size": [-3, -2]},
								"down": {"uv": [12, 48], "uv_size": [-3, -2]}
							}
						},
						{
							"origin": [21.91738, 18.73311, -3.16679],
							"size": [1.08645, 1.76084, 5.32192],
							"inflate": -0.3,
							"pivot": [20.4308, 48.32389, 1.95346],
							"rotation": [0, 0, 45],
							"uv": {
								"north": {"uv": [9, 48], "uv_size": [3, -2]},
								"east": {"uv": [9, 48], "uv_size": [3, -2]},
								"south": {"uv": [27, 39], "uv_size": [1.1, 1]},
								"west": {"uv": [27, 32.2], "uv_size": [6.2, 3.8]},
								"up": {"uv": [12, 46], "uv_size": [-3, 2]},
								"down": {"uv": [12, 46], "uv_size": [-3, 2]}
							}
						},
						{
							"origin": [-23.00383, 18.73311, -3.16679],
							"size": [1.08645, 1.76084, 5.32192],
							"inflate": -0.3,
							"pivot": [-20.4308, 48.32389, 1.95346],
							"rotation": [0, 0, -45],
							"uv": {
								"north": {"uv": [12, 48], "uv_size": [-3, -2]},
								"east": {"uv": [27, 32.2], "uv_size": [6.2, 3.8]},
								"south": {"uv": [27, 39], "uv_size": [1.1, 1]},
								"west": {"uv": [12, 48], "uv_size": [-3, -2]},
								"up": {"uv": [9, 46], "uv_size": [3, 2]},
								"down": {"uv": [9, 46], "uv_size": [3, 2]}
							}
						},
						{
							"origin": [-1.62667, 25.70258, -3.16679],
							"size": [3.25335, 0.98695, 5.32192],
							"inflate": -0.3,
							"uv": {
								"north": {"uv": [9, 48], "uv_size": [3, -2]},
								"east": {"uv": [9, 48], "uv_size": [3, -2]},
								"south": {"uv": [27, 39], "uv_size": [1.1, 1]},
								"west": {"uv": [9, 48], "uv_size": [3, -2]},
								"up": {"uv": [12, 46], "uv_size": [-3, 2]},
								"down": {"uv": [12, 46], "uv_size": [-3, 2]}
							}
						},
						{
							"origin": [1.86217, 28.6881, -5.0568],
							"size": [0.88645, 0.73167, 0.798],
							"inflate": -0.2,
							"pivot": [2.54861, 27.78253, -3.97235],
							"rotation": [0, 0, -12],
							"uv": {
								"north": {"uv": [6, 52], "uv_size": [1, 2]},
								"east": {"uv": [6, 46], "uv_size": [3, 2]},
								"south": {"uv": [7, 52], "uv_size": [1, 2]},
								"west": {"uv": [9, 46], "uv_size": [3, 2]},
								"up": {"uv": [30, 50], "uv_size": [1, 3]},
								"down": {"uv": [34, 53], "uv_size": [1, -3]}
							}
						},
						{
							"origin": [1.86217, 28.16441, -4.17235],
							"size": [0.88645, 1.25536, 6.16871],
							"inflate": -0.2,
							"pivot": [2.54861, 27.78253, -3.97235],
							"rotation": [0, 0, -12],
							"uv": {
								"north": {"uv": [6, 52], "uv_size": [1, 2]},
								"east": {"uv": [6, 46], "uv_size": [3, 2]},
								"south": {"uv": [7, 52], "uv_size": [1, 2]},
								"west": {"uv": [9, 46], "uv_size": [3, 2]},
								"up": {"uv": [30, 50], "uv_size": [1, 3]},
								"down": {"uv": [34, 53], "uv_size": [1, -3]}
							}
						},
						{
							"origin": [1.58054, 28.04804, -3.9396],
							"size": [1.16807, 1.19484, 0.87481],
							"inflate": -0.2,
							"pivot": [2.54861, 27.78253, -3.97235],
							"rotation": [38.65552, 0, -12.2651],
							"uv": {
								"north": {"uv": [53, 19], "uv_size": [-1, 2]},
								"east": {"uv": [53, 21], "uv_size": [-1, 2]},
								"south": {"uv": [22, 52], "uv_size": [-1, 2]},
								"west": {"uv": [21, 52], "uv_size": [-1, 2]},
								"up": {"uv": [54, 13], "uv_size": [-1, 1]},
								"down": {"uv": [15, 54], "uv_size": [-1, -1]}
							}
						},
						{
							"origin": [1.86217, 28.6881, -4.72514],
							"size": [0.88645, 0.73167, 1.01911],
							"inflate": -0.2,
							"pivot": [2.54861, 27.78253, -3.97235],
							"rotation": [0, 0, -12],
							"uv": {
								"north": {"uv": [6, 52], "uv_size": [1, 2]},
								"east": {"uv": [6, 46], "uv_size": [3, 2]},
								"south": {"uv": [7, 52], "uv_size": [1, 2]},
								"west": {"uv": [9, 46], "uv_size": [3, 2]},
								"up": {"uv": [30, 50], "uv_size": [1, 3]},
								"down": {"uv": [34, 53], "uv_size": [1, -3]}
							}
						},
						{
							"origin": [1.46416, 28.04804, -4.17235],
							"size": [1.28445, 1.34962, 0.66533],
							"inflate": -0.2,
							"pivot": [2.54861, 27.78253, -3.97235],
							"rotation": [38.65552, 0, -12.2651],
							"uv": {
								"north": {"uv": [53, 19], "uv_size": [-1, 2]},
								"east": {"uv": [53, 21], "uv_size": [-1, 2]},
								"south": {"uv": [22, 52], "uv_size": [-1, 2]},
								"west": {"uv": [21, 52], "uv_size": [-1, 2]},
								"up": {"uv": [54, 13], "uv_size": [-1, 1]},
								"down": {"uv": [15, 54], "uv_size": [-1, -1]}
							}
						},
						{
							"origin": [1.46416, 28.04804, -4.75423],
							"size": [1.28445, 0.76775, 0.66533],
							"inflate": -0.2,
							"pivot": [2.54861, 27.78253, -4.55423],
							"rotation": [0.65552, 0, -12.2651],
							"uv": {
								"north": {"uv": [53, 19], "uv_size": [-1, 2]},
								"east": {"uv": [53, 21], "uv_size": [-1, 2]},
								"south": {"uv": [22, 52], "uv_size": [-1, 2]},
								"west": {"uv": [21, 52], "uv_size": [-1, 2]},
								"up": {"uv": [54, 13], "uv_size": [-1, 1]},
								"down": {"uv": [15, 54], "uv_size": [-1, -1]}
							}
						},
						{
							"origin": [-2.74861, 28.04804, -4.75423],
							"size": [1.28445, 0.76775, 0.66533],
							"inflate": -0.2,
							"pivot": [-2.54861, 27.78253, -4.55423],
							"rotation": [0.65552, 0, 12.2651],
							"uv": {
								"north": {"uv": [52, 19], "uv_size": [1, 2]},
								"east": {"uv": [20, 52], "uv_size": [1, 2]},
								"south": {"uv": [21, 52], "uv_size": [1, 2]},
								"west": {"uv": [52, 21], "uv_size": [1, 2]},
								"up": {"uv": [53, 13], "uv_size": [1, 1]},
								"down": {"uv": [14, 54], "uv_size": [1, -1]}
							}
						},
						{
							"origin": [-2.63212, 27.66411, -4.75439],
							"size": [1.28422, 0.83734, 0.79894],
							"inflate": -0.199,
							"uv": {
								"north": {"uv": [22, 50], "uv_size": [1, 3]},
								"east": {"uv": [9, 43], "uv_size": [3, 3]},
								"south": {"uv": [23, 50], "uv_size": [1, 3]},
								"west": {"uv": [43, 17], "uv_size": [3, 3]},
								"up": {"uv": [24, 50], "uv_size": [1, 3]},
								"down": {"uv": [25, 53], "uv_size": [1, -3]}
							}
						},
						{
							"origin": [-2.74861, 28.04804, -4.17235],
							"size": [1.16807, 1.34962, 0.66533],
							"inflate": -0.2,
							"pivot": [-2.54861, 27.78253, -3.97235],
							"rotation": [38.65552, 0, 12.2651],
							"uv": {
								"north": {"uv": [52, 19], "uv_size": [1, 2]},
								"east": {"uv": [20, 52], "uv_size": [1, 2]},
								"south": {"uv": [21, 52], "uv_size": [1, 2]},
								"west": {"uv": [52, 21], "uv_size": [1, 2]},
								"up": {"uv": [53, 13], "uv_size": [1, 1]},
								"down": {"uv": [14, 54], "uv_size": [1, -1]}
							}
						},
						{
							"origin": [-2.74861, 28.04804, -3.9396],
							"size": [1.16807, 1.19484, 0.87481],
							"inflate": -0.2,
							"pivot": [-2.54861, 27.78253, -3.97235],
							"rotation": [38.65552, 0, 12.2651],
							"uv": {
								"north": {"uv": [52, 19], "uv_size": [1, 2]},
								"east": {"uv": [20, 52], "uv_size": [1, 2]},
								"south": {"uv": [21, 52], "uv_size": [1, 2]},
								"west": {"uv": [52, 21], "uv_size": [1, 2]},
								"up": {"uv": [53, 13], "uv_size": [1, 1]},
								"down": {"uv": [14, 54], "uv_size": [1, -1]}
							}
						},
						{
							"origin": [-2.74861, 28.6881, -4.72514],
							"size": [0.88645, 0.73167, 1.01911],
							"inflate": -0.2,
							"pivot": [-2.54861, 27.78253, -3.97235],
							"rotation": [0, 0, 12],
							"uv": {
								"north": {"uv": [7, 52], "uv_size": [-1, 2]},
								"east": {"uv": [12, 46], "uv_size": [-3, 2]},
								"south": {"uv": [8, 52], "uv_size": [-1, 2]},
								"west": {"uv": [9, 46], "uv_size": [-3, 2]},
								"up": {"uv": [31, 50], "uv_size": [-1, 3]},
								"down": {"uv": [35, 53], "uv_size": [-1, -3]}
							}
						},
						{
							"origin": [-2.74861, 28.16441, -4.17235],
							"size": [0.88645, 1.25536, 6.16871],
							"inflate": -0.2,
							"pivot": [-2.54861, 27.78253, -3.97235],
							"rotation": [0, 0, 12],
							"uv": {
								"north": {"uv": [7, 52], "uv_size": [-1, 2]},
								"east": {"uv": [12, 46], "uv_size": [-3, 2]},
								"south": {"uv": [8, 52], "uv_size": [-1, 2]},
								"west": {"uv": [9, 46], "uv_size": [-3, 2]},
								"up": {"uv": [31, 50], "uv_size": [-1, 3]},
								"down": {"uv": [35, 53], "uv_size": [-1, -3]}
							}
						},
						{
							"origin": [-2.74861, 28.6881, -5.0568],
							"size": [0.88645, 0.73167, 0.798],
							"inflate": -0.2,
							"pivot": [-2.54861, 27.78253, -3.97235],
							"rotation": [0, 0, 12],
							"uv": {
								"north": {"uv": [7, 52], "uv_size": [-1, 2]},
								"east": {"uv": [12, 46], "uv_size": [-3, 2]},
								"south": {"uv": [8, 52], "uv_size": [-1, 2]},
								"west": {"uv": [9, 46], "uv_size": [-3, 2]},
								"up": {"uv": [31, 50], "uv_size": [-1, 3]},
								"down": {"uv": [35, 53], "uv_size": [-1, -3]}
							}
						},
						{
							"origin": [-6.18275, 24.36, -6.60187],
							"size": [6.545, 8.4275, 8.4275],
							"inflate": -3.4,
							"pivot": [-2.2125, 28.4075, -3.43313],
							"rotation": [-27.5, 0, 0],
							"uv": {
								"north": {"uv": [15, 7], "uv_size": [1.1, 1]},
								"east": {"uv": [15, 7], "uv_size": [1.1, 1]},
								"south": {"uv": [15, 7], "uv_size": [1.1, 1]},
								"west": {"uv": [15, 7], "uv_size": [1.1, 1]},
								"up": {"uv": [16.1, 8], "uv_size": [-1.1, -1]},
								"down": {"uv": [16.1, 8], "uv_size": [-1.1, -1]}
							}
						},
						{
							"origin": [-3.1025, 27.9525, -3.84062],
							"size": [1.135, 1.9075, 1.9075],
							"inflate": -0.2,
							"pivot": [-2.3775, 27.48125, -4.31188],
							"rotation": [-27.5, 0, 0],
							"uv": {
								"north": {"uv": [32, 44], "uv_size": [2, 3]},
								"east": {"uv": [3, 43], "uv_size": [3, 3]},
								"south": {"uv": [25, 45], "uv_size": [2, 3]},
								"west": {"uv": [27, 32.2], "uv_size": [6.2, 3.8]},
								"up": {"uv": [27, 45], "uv_size": [2, 3]},
								"down": {"uv": [34, 48], "uv_size": [2, -3]}
							}
						}
					]
				},
				{
					"name": "specter2",
					"parent": "specter",
					"pivot": [0.57955, 31.01427, -1.30853],
					"rotation": [0, 0, -90],
					"cubes": [
						{
							"origin": [-3.31412, 28.33929, -3.20962],
							"size": [6.44622, 7.3842, 7.3842],
							"inflate": -3.4,
							"pivot": [1.19866, 31.87661, -0.49041],
							"rotation": [-27.5, 0, 0],
							"uv": {
								"north": {"uv": [15, 7], "uv_size": [1.1, 1]},
								"east": {"uv": [15, 7], "uv_size": [1.1, 1]},
								"south": {"uv": [15, 7], "uv_size": [1.1, 1]},
								"west": {"uv": [15, 7], "uv_size": [1.1, 1]},
								"up": {"uv": [16.1, 8], "uv_size": [-1.1, -1]},
								"down": {"uv": [16.1, 8], "uv_size": [-1.1, -1]}
							}
						},
						{
							"origin": [-0.6911, 31.32283, -0.99997],
							"size": [0.85153, 2.03623, 2.03623],
							"inflate": -0.2,
							"pivot": [0.57955, 31.01427, -1.30853],
							"rotation": [-27.5, 0, 0],
							"uv": {
								"north": {"uv": [32, 44], "uv_size": [2, 3]},
								"east": {"uv": [3, 43], "uv_size": [3, 3]},
								"south": {"uv": [25, 45], "uv_size": [2, 3]},
								"west": {"uv": [27, 32.2], "uv_size": [6.2, 3.8]},
								"up": {"uv": [27, 45], "uv_size": [2, 3]},
								"down": {"uv": [34, 48], "uv_size": [2, -3]}
							}
						},
						{
							"origin": [-0.6911, 31.67195, -2.97835],
							"size": [0.73516, 1.33798, 1.33798],
							"inflate": -0.2,
							"pivot": [0.57955, 31.01427, -3.63603],
							"rotation": [-27.5, 0, 0],
							"uv": {
								"north": {"uv": [11, 6.2], "uv_size": [6.2, 3.8]},
								"east": {"uv": [11, 6.2], "uv_size": [6.2, 3.8]},
								"south": {"uv": [11, 6.2], "uv_size": [6.2, 3.8]},
								"west": {"uv": [11, 6.2], "uv_size": [6.2, 3.8]},
								"up": {"uv": [17.2, 10], "uv_size": [-6.2, -3.8]},
								"down": {"uv": [17.2, 10], "uv_size": [-6.2, -3.8]}
							}
						},
						{
							"origin": [-0.6911, 31.67195, -4.95672],
							"size": [0.73516, 1.33798, 1.33798],
							"inflate": -0.2,
							"pivot": [0.57955, 31.01427, -5.61441],
							"rotation": [-27.5, 0, 0],
							"uv": {
								"north": {"uv": [11, 6.2], "uv_size": [6.2, 3.8]},
								"east": {"uv": [11, 6.2], "uv_size": [6.2, 3.8]},
								"south": {"uv": [11, 6.2], "uv_size": [6.2, 3.8]},
								"west": {"uv": [11, 6.2], "uv_size": [6.2, 3.8]},
								"up": {"uv": [17.2, 10], "uv_size": [-6.2, -3.8]},
								"down": {"uv": [17.2, 10], "uv_size": [-6.2, -3.8]}
							}
						}
					]
				},
				{
					"name": "_ca_scope",
					"parent": "main",
					"pivot": [0, 25.78, -1.87],
					"cubes": [
						{
							"origin": [-0.24, 23.786, -2.1565],
							"size": [0.76, 0.76, 0.76],
							"uv": {
								"north": {"uv": [53, 14], "uv_size": [1, 1]},
								"east": {"uv": [15, 53], "uv_size": [1, 1]},
								"south": {"uv": [53, 15], "uv_size": [1, 1]},
								"west": {"uv": [16, 53], "uv_size": [1, 1]},
								"up": {"uv": [53, 16], "uv_size": [1, 1]},
								"down": {"uv": [17, 54], "uv_size": [1, -1]}
							}
						}
					]
				},
				{
					"name": "scope",
					"parent": "main",
					"pivot": [-0.04, 27.98, 8.69],
					"cubes": [
						{
							"origin": [-0.52, 27.5, 7.11],
							"size": [0.96, 0.96, 0.96],
							"inflate": -0.4,
							"uv": {
								"north": {"uv": [60, 19], "uv_size": [1, 1]},
								"east": {"uv": [23, 56], "uv_size": [1, 1]},
								"south": {"uv": [58, 18], "uv_size": [1, 1]},
								"west": {"uv": [24, 57], "uv_size": [1, 1]},
								"up": {"uv": [58, 23], "uv_size": [1, 1]},
								"down": {"uv": [26, 60], "uv_size": [1, -1]}
							}
						}
					]
				}
			]
		}
	]
}