{
	"format_version": "1.12.0",
	"minecraft:geometry": [
		{
			"description": {
				"identifier": "geometry.unknown",
				"texture_width": 128,
				"texture_height": 128,
				"visible_bounds_width": 8,
				"visible_bounds_height": 4,
				"visible_bounds_offset": [0, 1, 0]
			},
			"bones": [
				{
					"name": "main",
					"pivot": [0, 20, 0]
				},
				{
					"name": "gun",
					"parent": "main",
					"pivot": [1, 11, -1]
				},
				{
					"name": "dustcover",
					"parent": "gun",
					"pivot": [2.75, 34.9, 1.2],
					"cubes": [
						{
							"origin": [-0.05, 27, -9.4],
							"size": [0.1, 0.595, 12.7],
							"inflate": -0.002,
							"uv": {
								"north": {"uv": [70, 39], "uv_size": [-2, -14]},
								"east": {"uv": [70, 39], "uv_size": [-2, -14]},
								"south": {"uv": [70, 39], "uv_size": [-2, -14]},
								"west": {"uv": [70, 39], "uv_size": [-2, -14]},
								"up": {"uv": [68, 25], "uv_size": [2, 14]},
								"down": {"uv": [68, 25], "uv_size": [2, 14]}
							}
						},
						{
							"origin": [-0.038, 27.5, 3.3],
							"size": [0.083, 0.15, 0.1],
							"inflate": -0.002,
							"pivot": [0, 27.5, 3.4],
							"rotation": [53, 0, 0],
							"uv": {
								"north": {"uv": [70, 39], "uv_size": [-2, -14]},
								"east": {"uv": [70, 39], "uv_size": [-2, -14]},
								"south": {"uv": [70, 39], "uv_size": [-2, -14]},
								"west": {"uv": [70, 39], "uv_size": [-2, -14]},
								"up": {"uv": [68, 25], "uv_size": [2, 14]},
								"down": {"uv": [68, 25], "uv_size": [2, 14]}
							}
						},
						{
							"origin": [-0.055, 27.6, 3.3],
							"size": [0.11, 0.05, 0.1],
							"inflate": -0.002,
							"pivot": [0, 27.5, 3.4],
							"rotation": [53, 0, 0],
							"uv": {
								"north": {"uv": [70, 39], "uv_size": [-2, -14]},
								"east": {"uv": [70, 39], "uv_size": [-2, -14]},
								"south": {"uv": [70, 39], "uv_size": [-2, -14]},
								"west": {"uv": [70, 39], "uv_size": [-2, -14]},
								"up": {"uv": [68, 25], "uv_size": [2, 14]},
								"down": {"uv": [68, 25], "uv_size": [2, 14]}
							}
						},
						{
							"origin": [-0.055, 27.58, 3.3],
							"size": [0.1, 0.03, 0.1],
							"inflate": -0.002,
							"pivot": [0, 27.5, 3.4],
							"rotation": [53, 0, 0],
							"uv": {
								"north": {"uv": [70, 39], "uv_size": [-2, -14]},
								"east": {"uv": [70, 39], "uv_size": [-2, -14]},
								"south": {"uv": [70, 39], "uv_size": [-2, -14]},
								"west": {"uv": [70, 39], "uv_size": [-2, -14]},
								"up": {"uv": [68, 25], "uv_size": [2, 14]},
								"down": {"uv": [68, 25], "uv_size": [2, 14]}
							}
						},
						{
							"origin": [-0.02, 27.47, 3.3],
							"size": [0.05, 0.04, 0.1],
							"inflate": -0.002,
							"pivot": [0, 27.5, 3.4],
							"rotation": [53, 0, 0],
							"uv": {
								"north": {"uv": [70, 39], "uv_size": [-2, -14]},
								"east": {"uv": [70, 39], "uv_size": [-2, -14]},
								"south": {"uv": [70, 39], "uv_size": [-2, -14]},
								"west": {"uv": [70, 39], "uv_size": [-2, -14]},
								"up": {"uv": [68, 25], "uv_size": [2, 14]},
								"down": {"uv": [68, 25], "uv_size": [2, 14]}
							}
						},
						{
							"origin": [-0.87, 27, -9.4],
							"size": [1.7, 0.6, 12.86],
							"inflate": 0.001,
							"uv": {
								"north": {"uv": [56, 97], "uv_size": [2, 1]},
								"east": {"uv": [56, 97], "uv_size": [2, 1]},
								"south": {"uv": [56, 97], "uv_size": [2, 1]},
								"west": {"uv": [56, 97], "uv_size": [2, 1]},
								"up": {"uv": [58, 98], "uv_size": [-2, -1]},
								"down": {"uv": [58, 98], "uv_size": [-2, -1]}
							}
						},
						{
							"origin": [4.547, 27.5, 2.85],
							"size": [0.3, 0.3, 0.6],
							"inflate": 0.001,
							"pivot": [2.96, 22.9, -9.3],
							"rotation": [0, 0, -45],
							"uv": {
								"north": {"uv": [61, 16], "uv_size": [-3, -14]},
								"east": {"uv": [61, 16], "uv_size": [-3, -14]},
								"south": {"uv": [61, 16], "uv_size": [-3, -14]},
								"west": {"uv": [61, 16], "uv_size": [-3, -14]},
								"up": {"uv": [58, 2], "uv_size": [3, 14]},
								"down": {"uv": [58, 2], "uv_size": [3, 14]}
							}
						},
						{
							"origin": [2.847, 27.5, 2.85],
							"size": [0.3, 0.3, 0.6],
							"inflate": 0.001,
							"pivot": [1.26, 22.9, -9.3],
							"rotation": [0, 0, -45],
							"uv": {
								"north": {"uv": [61, 16], "uv_size": [-3, -14]},
								"east": {"uv": [61, 16], "uv_size": [-3, -14]},
								"south": {"uv": [61, 16], "uv_size": [-3, -14]},
								"west": {"uv": [61, 16], "uv_size": [-3, -14]},
								"up": {"uv": [58, 2], "uv_size": [3, 14]},
								"down": {"uv": [58, 2], "uv_size": [3, 14]}
							}
						},
						{
							"origin": [-0.87, 27.4, 2.85],
							"size": [1.7, 0.3, 0.6],
							"inflate": 0.001,
							"uv": {
								"north": {"uv": [61, 16], "uv_size": [-3, -14]},
								"east": {"uv": [59, 97], "uv_size": [-3, -1]},
								"south": {"uv": [61, 16], "uv_size": [-3, -14]},
								"west": {"uv": [59, 97], "uv_size": [-3, -1]},
								"up": {"uv": [56, 96], "uv_size": [3, 1]},
								"down": {"uv": [56, 96], "uv_size": [3, 1]}
							}
						},
						{
							"origin": [4.547, 27.5, 1.55],
							"size": [0.3, 0.3, 0.6],
							"inflate": 0.001,
							"pivot": [2.96, 22.9, -10.6],
							"rotation": [0, 0, -45],
							"uv": {
								"north": {"uv": [61, 16], "uv_size": [-3, -14]},
								"east": {"uv": [61, 16], "uv_size": [-3, -14]},
								"south": {"uv": [61, 16], "uv_size": [-3, -14]},
								"west": {"uv": [61, 16], "uv_size": [-3, -14]},
								"up": {"uv": [58, 2], "uv_size": [3, 14]},
								"down": {"uv": [58, 2], "uv_size": [3, 14]}
							}
						},
						{
							"origin": [-0.87, 27.4, 1.55],
							"size": [1.7, 0.3, 0.6],
							"inflate": 0.001,
							"uv": {
								"north": {"uv": [61, 16], "uv_size": [-3, -14]},
								"east": {"uv": [59, 97], "uv_size": [-3, -1]},
								"south": {"uv": [61, 16], "uv_size": [-3, -14]},
								"west": {"uv": [59, 97], "uv_size": [-3, -1]},
								"up": {"uv": [56, 96], "uv_size": [3, 1]},
								"down": {"uv": [56, 96], "uv_size": [3, 1]}
							}
						},
						{
							"origin": [2.847, 27.5, 1.55],
							"size": [0.3, 0.3, 0.6],
							"inflate": 0.001,
							"pivot": [1.26, 22.9, -10.6],
							"rotation": [0, 0, -45],
							"uv": {
								"north": {"uv": [61, 16], "uv_size": [-3, -14]},
								"east": {"uv": [61, 16], "uv_size": [-3, -14]},
								"south": {"uv": [61, 16], "uv_size": [-3, -14]},
								"west": {"uv": [61, 16], "uv_size": [-3, -14]},
								"up": {"uv": [58, 2], "uv_size": [3, 14]},
								"down": {"uv": [58, 2], "uv_size": [3, 14]}
							}
						},
						{
							"origin": [4.547, 27.5, 0.25],
							"size": [0.3, 0.3, 0.6],
							"inflate": 0.001,
							"pivot": [2.96, 22.9, -11.9],
							"rotation": [0, 0, -45],
							"uv": {
								"north": {"uv": [61, 16], "uv_size": [-3, -14]},
								"east": {"uv": [61, 16], "uv_size": [-3, -14]},
								"south": {"uv": [61, 16], "uv_size": [-3, -14]},
								"west": {"uv": [61, 16], "uv_size": [-3, -14]},
								"up": {"uv": [58, 2], "uv_size": [3, 14]},
								"down": {"uv": [58, 2], "uv_size": [3, 14]}
							}
						},
						{
							"origin": [-0.87, 27.4, 0.25],
							"size": [1.7, 0.3, 0.6],
							"inflate": 0.001,
							"uv": {
								"north": {"uv": [61, 16], "uv_size": [-3, -14]},
								"east": {"uv": [59, 97], "uv_size": [-3, -1]},
								"south": {"uv": [61, 16], "uv_size": [-3, -14]},
								"west": {"uv": [59, 97], "uv_size": [-3, -1]},
								"up": {"uv": [56, 96], "uv_size": [3, 1]},
								"down": {"uv": [56, 96], "uv_size": [3, 1]}
							}
						},
						{
							"origin": [2.847, 27.5, 0.25],
							"size": [0.3, 0.3, 0.6],
							"inflate": 0.001,
							"pivot": [1.26, 22.9, -11.9],
							"rotation": [0, 0, -45],
							"uv": {
								"north": {"uv": [61, 16], "uv_size": [-3, -14]},
								"east": {"uv": [61, 16], "uv_size": [-3, -14]},
								"south": {"uv": [61, 16], "uv_size": [-3, -14]},
								"west": {"uv": [61, 16], "uv_size": [-3, -14]},
								"up": {"uv": [58, 2], "uv_size": [3, 14]},
								"down": {"uv": [58, 2], "uv_size": [3, 14]}
							}
						},
						{
							"origin": [4.547, 27.5, -1.05],
							"size": [0.3, 0.3, 0.6],
							"inflate": 0.001,
							"pivot": [2.96, 22.9, -13.2],
							"rotation": [0, 0, -45],
							"uv": {
								"north": {"uv": [61, 16], "uv_size": [-3, -14]},
								"east": {"uv": [61, 16], "uv_size": [-3, -14]},
								"south": {"uv": [61, 16], "uv_size": [-3, -14]},
								"west": {"uv": [61, 16], "uv_size": [-3, -14]},
								"up": {"uv": [58, 2], "uv_size": [3, 14]},
								"down": {"uv": [58, 2], "uv_size": [3, 14]}
							}
						},
						{
							"origin": [-0.87, 27.4, -1.05],
							"size": [1.7, 0.3, 0.6],
							"inflate": 0.001,
							"uv": {
								"north": {"uv": [61, 16], "uv_size": [-3, -14]},
								"east": {"uv": [59, 97], "uv_size": [-3, -1]},
								"south": {"uv": [61, 16], "uv_size": [-3, -14]},
								"west": {"uv": [59, 97], "uv_size": [-3, -1]},
								"up": {"uv": [56, 96], "uv_size": [3, 1]},
								"down": {"uv": [56, 96], "uv_size": [3, 1]}
							}
						},
						{
							"origin": [2.847, 27.5, -1.05],
							"size": [0.3, 0.3, 0.6],
							"inflate": 0.001,
							"pivot": [1.26, 22.9, -13.2],
							"rotation": [0, 0, -45],
							"uv": {
								"north": {"uv": [61, 16], "uv_size": [-3, -14]},
								"east": {"uv": [61, 16], "uv_size": [-3, -14]},
								"south": {"uv": [61, 16], "uv_size": [-3, -14]},
								"west": {"uv": [61, 16], "uv_size": [-3, -14]},
								"up": {"uv": [58, 2], "uv_size": [3, 14]},
								"down": {"uv": [58, 2], "uv_size": [3, 14]}
							}
						},
						{
							"origin": [4.547, 27.5, -2.35],
							"size": [0.3, 0.3, 0.6],
							"inflate": 0.001,
							"pivot": [2.96, 22.9, -14.5],
							"rotation": [0, 0, -45],
							"uv": {
								"north": {"uv": [61, 16], "uv_size": [-3, -14]},
								"east": {"uv": [61, 16], "uv_size": [-3, -14]},
								"south": {"uv": [61, 16], "uv_size": [-3, -14]},
								"west": {"uv": [61, 16], "uv_size": [-3, -14]},
								"up": {"uv": [58, 2], "uv_size": [3, 14]},
								"down": {"uv": [58, 2], "uv_size": [3, 14]}
							}
						},
						{
							"origin": [-0.87, 27.4, -2.35],
							"size": [1.7, 0.3, 0.6],
							"inflate": 0.001,
							"uv": {
								"north": {"uv": [61, 16], "uv_size": [-3, -14]},
								"east": {"uv": [59, 97], "uv_size": [-3, -1]},
								"south": {"uv": [61, 16], "uv_size": [-3, -14]},
								"west": {"uv": [59, 97], "uv_size": [-3, -1]},
								"up": {"uv": [56, 96], "uv_size": [3, 1]},
								"down": {"uv": [56, 96], "uv_size": [3, 1]}
							}
						},
						{
							"origin": [2.847, 27.5, -2.35],
							"size": [0.3, 0.3, 0.6],
							"inflate": 0.001,
							"pivot": [1.26, 22.9, -14.5],
							"rotation": [0, 0, -45],
							"uv": {
								"north": {"uv": [61, 16], "uv_size": [-3, -14]},
								"east": {"uv": [61, 16], "uv_size": [-3, -14]},
								"south": {"uv": [61, 16], "uv_size": [-3, -14]},
								"west": {"uv": [61, 16], "uv_size": [-3, -14]},
								"up": {"uv": [58, 2], "uv_size": [3, 14]},
								"down": {"uv": [58, 2], "uv_size": [3, 14]}
							}
						},
						{
							"origin": [4.547, 27.5, -3.65],
							"size": [0.3, 0.3, 0.6],
							"inflate": 0.001,
							"pivot": [2.96, 22.9, -15.8],
							"rotation": [0, 0, -45],
							"uv": {
								"north": {"uv": [61, 16], "uv_size": [-3, -14]},
								"east": {"uv": [61, 16], "uv_size": [-3, -14]},
								"south": {"uv": [61, 16], "uv_size": [-3, -14]},
								"west": {"uv": [61, 16], "uv_size": [-3, -14]},
								"up": {"uv": [58, 2], "uv_size": [3, 14]},
								"down": {"uv": [58, 2], "uv_size": [3, 14]}
							}
						},
						{
							"origin": [-0.87, 27.4, -3.65],
							"size": [1.7, 0.3, 0.6],
							"inflate": 0.001,
							"uv": {
								"north": {"uv": [61, 16], "uv_size": [-3, -14]},
								"east": {"uv": [59, 97], "uv_size": [-3, -1]},
								"south": {"uv": [61, 16], "uv_size": [-3, -14]},
								"west": {"uv": [59, 97], "uv_size": [-3, -1]},
								"up": {"uv": [56, 96], "uv_size": [3, 1]},
								"down": {"uv": [56, 96], "uv_size": [3, 1]}
							}
						},
						{
							"origin": [2.847, 27.5, -3.65],
							"size": [0.3, 0.3, 0.6],
							"inflate": 0.001,
							"pivot": [1.26, 22.9, -15.8],
							"rotation": [0, 0, -45],
							"uv": {
								"north": {"uv": [61, 16], "uv_size": [-3, -14]},
								"east": {"uv": [61, 16], "uv_size": [-3, -14]},
								"south": {"uv": [61, 16], "uv_size": [-3, -14]},
								"west": {"uv": [61, 16], "uv_size": [-3, -14]},
								"up": {"uv": [58, 2], "uv_size": [3, 14]},
								"down": {"uv": [58, 2], "uv_size": [3, 14]}
							}
						},
						{
							"origin": [4.547, 27.5, -4.95],
							"size": [0.3, 0.3, 0.6],
							"inflate": 0.001,
							"pivot": [2.96, 22.9, -17.1],
							"rotation": [0, 0, -45],
							"uv": {
								"north": {"uv": [61, 16], "uv_size": [-3, -14]},
								"east": {"uv": [61, 16], "uv_size": [-3, -14]},
								"south": {"uv": [61, 16], "uv_size": [-3, -14]},
								"west": {"uv": [61, 16], "uv_size": [-3, -14]},
								"up": {"uv": [58, 2], "uv_size": [3, 14]},
								"down": {"uv": [58, 2], "uv_size": [3, 14]}
							}
						},
						{
							"origin": [-0.87, 27.4, -4.95],
							"size": [1.7, 0.3, 0.6],
							"inflate": 0.001,
							"uv": {
								"north": {"uv": [61, 16], "uv_size": [-3, -14]},
								"east": {"uv": [59, 97], "uv_size": [-3, -1]},
								"south": {"uv": [61, 16], "uv_size": [-3, -14]},
								"west": {"uv": [59, 97], "uv_size": [-3, -1]},
								"up": {"uv": [56, 96], "uv_size": [3, 1]},
								"down": {"uv": [56, 96], "uv_size": [3, 1]}
							}
						},
						{
							"origin": [2.847, 27.5, -4.95],
							"size": [0.3, 0.3, 0.6],
							"inflate": 0.001,
							"pivot": [1.26, 22.9, -17.1],
							"rotation": [0, 0, -45],
							"uv": {
								"north": {"uv": [61, 16], "uv_size": [-3, -14]},
								"east": {"uv": [61, 16], "uv_size": [-3, -14]},
								"south": {"uv": [61, 16], "uv_size": [-3, -14]},
								"west": {"uv": [61, 16], "uv_size": [-3, -14]},
								"up": {"uv": [58, 2], "uv_size": [3, 14]},
								"down": {"uv": [58, 2], "uv_size": [3, 14]}
							}
						},
						{
							"origin": [4.547, 27.5, -6.25],
							"size": [0.3, 0.3, 0.6],
							"inflate": 0.001,
							"pivot": [2.96, 22.9, -18.4],
							"rotation": [0, 0, -45],
							"uv": {
								"north": {"uv": [61, 16], "uv_size": [-3, -14]},
								"east": {"uv": [61, 16], "uv_size": [-3, -14]},
								"south": {"uv": [61, 16], "uv_size": [-3, -14]},
								"west": {"uv": [61, 16], "uv_size": [-3, -14]},
								"up": {"uv": [58, 2], "uv_size": [3, 14]},
								"down": {"uv": [58, 2], "uv_size": [3, 14]}
							}
						},
						{
							"origin": [-0.87, 27.4, -6.25],
							"size": [1.7, 0.3, 0.6],
							"inflate": 0.001,
							"uv": {
								"north": {"uv": [61, 16], "uv_size": [-3, -14]},
								"east": {"uv": [59, 97], "uv_size": [-3, -1]},
								"south": {"uv": [61, 16], "uv_size": [-3, -14]},
								"west": {"uv": [59, 97], "uv_size": [-3, -1]},
								"up": {"uv": [56, 96], "uv_size": [3, 1]},
								"down": {"uv": [56, 96], "uv_size": [3, 1]}
							}
						},
						{
							"origin": [2.847, 27.5, -6.25],
							"size": [0.3, 0.3, 0.6],
							"inflate": 0.001,
							"pivot": [1.26, 22.9, -18.4],
							"rotation": [0, 0, -45],
							"uv": {
								"north": {"uv": [61, 16], "uv_size": [-3, -14]},
								"east": {"uv": [61, 16], "uv_size": [-3, -14]},
								"south": {"uv": [61, 16], "uv_size": [-3, -14]},
								"west": {"uv": [61, 16], "uv_size": [-3, -14]},
								"up": {"uv": [58, 2], "uv_size": [3, 14]},
								"down": {"uv": [58, 2], "uv_size": [3, 14]}
							}
						},
						{
							"origin": [4.547, 27.5, -7.55],
							"size": [0.3, 0.3, 0.6],
							"inflate": 0.001,
							"pivot": [2.96, 22.9, -19.7],
							"rotation": [0, 0, -45],
							"uv": {
								"north": {"uv": [61, 16], "uv_size": [-3, -14]},
								"east": {"uv": [61, 16], "uv_size": [-3, -14]},
								"south": {"uv": [61, 16], "uv_size": [-3, -14]},
								"west": {"uv": [61, 16], "uv_size": [-3, -14]},
								"up": {"uv": [58, 2], "uv_size": [3, 14]},
								"down": {"uv": [58, 2], "uv_size": [3, 14]}
							}
						},
						{
							"origin": [-0.87, 27.4, -7.55],
							"size": [1.7, 0.3, 0.6],
							"inflate": 0.001,
							"uv": {
								"north": {"uv": [61, 16], "uv_size": [-3, -14]},
								"east": {"uv": [59, 97], "uv_size": [-3, -1]},
								"south": {"uv": [61, 16], "uv_size": [-3, -14]},
								"west": {"uv": [59, 97], "uv_size": [-3, -1]},
								"up": {"uv": [56, 96], "uv_size": [3, 1]},
								"down": {"uv": [56, 96], "uv_size": [3, 1]}
							}
						},
						{
							"origin": [2.847, 27.5, -7.55],
							"size": [0.3, 0.3, 0.6],
							"inflate": 0.001,
							"pivot": [1.26, 22.9, -19.7],
							"rotation": [0, 0, -45],
							"uv": {
								"north": {"uv": [61, 16], "uv_size": [-3, -14]},
								"east": {"uv": [61, 16], "uv_size": [-3, -14]},
								"south": {"uv": [61, 16], "uv_size": [-3, -14]},
								"west": {"uv": [61, 16], "uv_size": [-3, -14]},
								"up": {"uv": [58, 2], "uv_size": [3, 14]},
								"down": {"uv": [58, 2], "uv_size": [3, 14]}
							}
						},
						{
							"origin": [4.547, 27.5, -8.85],
							"size": [0.3, 0.3, 0.6],
							"inflate": 0.001,
							"pivot": [2.96, 22.9, -21],
							"rotation": [0, 0, -45],
							"uv": {
								"north": {"uv": [61, 16], "uv_size": [-3, -14]},
								"east": {"uv": [61, 16], "uv_size": [-3, -14]},
								"south": {"uv": [61, 16], "uv_size": [-3, -14]},
								"west": {"uv": [61, 16], "uv_size": [-3, -14]},
								"up": {"uv": [58, 2], "uv_size": [3, 14]},
								"down": {"uv": [58, 2], "uv_size": [3, 14]}
							}
						},
						{
							"origin": [-0.87, 27.4, -8.85],
							"size": [1.7, 0.3, 0.6],
							"inflate": 0.001,
							"uv": {
								"north": {"uv": [61, 16], "uv_size": [-3, -14]},
								"east": {"uv": [59, 97], "uv_size": [-3, -1]},
								"south": {"uv": [61, 16], "uv_size": [-3, -14]},
								"west": {"uv": [59, 97], "uv_size": [-3, -1]},
								"up": {"uv": [56, 96], "uv_size": [3, 1]},
								"down": {"uv": [56, 96], "uv_size": [3, 1]}
							}
						},
						{
							"origin": [2.847, 27.5, -8.85],
							"size": [0.3, 0.3, 0.6],
							"inflate": 0.001,
							"pivot": [1.26, 22.9, -21],
							"rotation": [0, 0, -45],
							"uv": {
								"north": {"uv": [61, 16], "uv_size": [-3, -14]},
								"east": {"uv": [61, 16], "uv_size": [-3, -14]},
								"south": {"uv": [61, 16], "uv_size": [-3, -14]},
								"west": {"uv": [61, 16], "uv_size": [-3, -14]},
								"up": {"uv": [58, 2], "uv_size": [3, 14]},
								"down": {"uv": [58, 2], "uv_size": [3, 14]}
							}
						}
					]
				},
				{
					"name": "_ca_dustcover",
					"parent": "main",
					"pivot": [0, 25.325, 5.15],
					"cubes": [
						{"origin": [-0.5, 24.025, 4.65], "size": [1, 1, 1], "uv": [8, 121]}
					]
				}
			]
		}
	]
}