{
	"format_version": "1.12.0",
	"minecraft:geometry": [
		{
			"description": {
				"identifier": "geometry.unknown",
				"texture_width": 128,
				"texture_height": 128,
				"visible_bounds_width": 9,
				"visible_bounds_height": 4,
				"visible_bounds_offset": [0, 1, 0]
			},
			"bones": [
				{
					"name": "main",
					"pivot": [0, 20, 0]
				},
				{
					"name": "gun",
					"parent": "main",
					"pivot": [1, 11, -1]
				},
				{
					"name": "stock",
					"parent": "gun",
					"pivot": [-1, 4.35, 15.1],
					"cubes": [
						{
							"origin": [-0.5, 21.85, 7],
							"size": [1.6, 0.3, 25.4],
							"inflate": 0.2,
							"pivot": [-1.1, 22.45, 15.3],
							"rotation": [-2, 0, 0],
							"uv": {
								"north": {"uv": [79, 13], "uv_size": [6, 3]},
								"east": {"uv": [79, 13], "uv_size": [6, 3]},
								"south": {"uv": [79, 13], "uv_size": [6, 3]},
								"west": {"uv": [79, 13], "uv_size": [6, 3]},
								"up": {"uv": [85, 16], "uv_size": [-6, -3]},
								"down": {"uv": [85, 16], "uv_size": [-6, -3]}
							}
						},
						{
							"origin": [-0.5, 20.55, 7],
							"size": [1.6, 0.3, 25.4],
							"inflate": 0.2,
							"pivot": [-1.1, 21.15, 15.3],
							"rotation": [-2, 0, 0],
							"uv": {
								"north": {"uv": [79, 13], "uv_size": [6, 3]},
								"east": {"uv": [79, 13], "uv_size": [6, 3]},
								"south": {"uv": [79, 13], "uv_size": [6, 3]},
								"west": {"uv": [79, 13], "uv_size": [6, 3]},
								"up": {"uv": [85, 16], "uv_size": [-6, -3]},
								"down": {"uv": [85, 16], "uv_size": [-6, -3]}
							}
						},
						{
							"origin": [-0.49, 18.3818, 29.07675],
							"size": [1.58, 0.3, 5.4],
							"inflate": 0.2,
							"pivot": [-1.1, 18.55, 30.8],
							"rotation": [-55, 0, 0],
							"uv": {
								"north": {"uv": [79, 13], "uv_size": [3, 2]},
								"east": {"uv": [79, 13], "uv_size": [3, 2]},
								"south": {"uv": [79, 13], "uv_size": [3, 2]},
								"west": {"uv": [79, 13], "uv_size": [3, 2]},
								"up": {"uv": [82, 15], "uv_size": [-3, -2]},
								"down": {"uv": [82, 15], "uv_size": [-3, -2]}
							}
						},
						{
							"origin": [-0.49, 19.0818, 29.67675],
							"size": [1.58, 0.4, 3.4],
							"inflate": 0.2,
							"pivot": [-1.1, 18.55, 30.8],
							"rotation": [-55, 0, 0],
							"uv": {
								"north": {"uv": [79, 13], "uv_size": [3, 2]},
								"east": {"uv": [79, 13], "uv_size": [3, 2]},
								"south": {"uv": [79, 13], "uv_size": [3, 2]},
								"west": {"uv": [79, 13], "uv_size": [3, 2]},
								"up": {"uv": [82, 15], "uv_size": [-3, -2]},
								"down": {"uv": [82, 15], "uv_size": [-3, -2]}
							}
						},
						{
							"origin": [-0.49, 19.8818, 30.27675],
							"size": [1.58, 0.6, 1.7],
							"inflate": 0.2,
							"pivot": [-1.1, 18.55, 30.8],
							"rotation": [-55, 0, 0],
							"uv": {
								"north": {"uv": [79, 13], "uv_size": [3, 2]},
								"east": {"uv": [79, 13], "uv_size": [3, 2]},
								"south": {"uv": [79, 13], "uv_size": [3, 2]},
								"west": {"uv": [79, 13], "uv_size": [3, 2]},
								"up": {"uv": [82, 15], "uv_size": [-3, -2]},
								"down": {"uv": [82, 15], "uv_size": [-3, -2]}
							}
						},
						{
							"origin": [-0.2, 21.25, 7],
							"size": [1, 0.2, 25.4],
							"inflate": 0.2,
							"pivot": [-1.1, 21.85, 15.3],
							"rotation": [-2, 0, 0],
							"uv": {
								"north": {"uv": [79, 13], "uv_size": [6, 3]},
								"east": {"uv": [79, 13], "uv_size": [6, 3]},
								"south": {"uv": [79, 13], "uv_size": [6, 3]},
								"west": {"uv": [79, 13], "uv_size": [6, 3]},
								"up": {"uv": [85, 16], "uv_size": [-6, -3]},
								"down": {"uv": [85, 16], "uv_size": [-6, -3]}
							}
						},
						{
							"origin": [-1.5, 16.95, 32.7],
							"size": [3.6, 5.5, 0.5],
							"inflate": 0.2,
							"pivot": [-1, 18.65, 18],
							"rotation": [-2, 0, 0],
							"uv": {
								"north": {"uv": [79, 13], "uv_size": [6, 3]},
								"east": {"uv": [79, 13], "uv_size": [6, 3]},
								"south": {"uv": [79, 13], "uv_size": [6, 3]},
								"west": {"uv": [79, 13], "uv_size": [6, 3]},
								"up": {"uv": [85, 16], "uv_size": [-6, -3]},
								"down": {"uv": [85, 16], "uv_size": [-6, -3]}
							}
						},
						{
							"origin": [-1.5, 10.39, 32.96],
							"size": [3.6, 5.7, 0.5],
							"inflate": 0.2,
							"pivot": [-1, 13.05, 33],
							"rotation": [6, 0, 0],
							"uv": {
								"north": {"uv": [79, 13], "uv_size": [6, 3]},
								"east": {"uv": [79, 13], "uv_size": [6, 3]},
								"south": {"uv": [79, 13], "uv_size": [6, 3]},
								"west": {"uv": [79, 13], "uv_size": [6, 3]},
								"up": {"uv": [85, 16], "uv_size": [-6, -3]},
								"down": {"uv": [85, 16], "uv_size": [-6, -3]}
							}
						},
						{
							"origin": [-1.702, 23.645, 6.5],
							"size": [5.104, 0.01, 0.11],
							"inflate": 0.2,
							"uv": {
								"north": {"uv": [79, 13], "uv_size": [6, 3]},
								"east": {"uv": [79, 13], "uv_size": [6, 3]},
								"south": {"uv": [79, 13], "uv_size": [6, 3]},
								"west": {"uv": [79, 13], "uv_size": [6, 3]},
								"up": {"uv": [85, 16], "uv_size": [-6, -3]},
								"down": {"uv": [85, 16], "uv_size": [-6, -3]}
							}
						},
						{
							"origin": [-1.702, 19.245, 6.5],
							"size": [3.704, 4.01, 0.11],
							"inflate": 0.2,
							"uv": {
								"north": {"uv": [79, 13], "uv_size": [6, 3]},
								"east": {"uv": [79, 13], "uv_size": [6, 3]},
								"south": {"uv": [79, 13], "uv_size": [6, 3]},
								"west": {"uv": [79, 13], "uv_size": [6, 3]},
								"up": {"uv": [85, 16], "uv_size": [-6, -3]},
								"down": {"uv": [85, 16], "uv_size": [-6, -3]}
							}
						},
						{
							"origin": [-2.402, 19.145, 6.1],
							"size": [0.904, 4.81, 0.91],
							"inflate": 0.2,
							"pivot": [-2.1, 24.25, 6.5],
							"rotation": [0, 45, 0],
							"uv": {
								"north": {"uv": [79, 13], "uv_size": [6, 3]},
								"east": {"uv": [79, 13], "uv_size": [6, 3]},
								"south": {"uv": [79, 13], "uv_size": [6, 3]},
								"west": {"uv": [79, 13], "uv_size": [6, 3]},
								"up": {"uv": [85, 16], "uv_size": [-6, -3]},
								"down": {"uv": [85, 16], "uv_size": [-6, -3]}
							}
						},
						{
							"origin": [-2.302, 18.645, 6.3],
							"size": [0.704, 0.21, 0.51],
							"inflate": 0.2,
							"pivot": [-2.1, 24.25, 6.5],
							"rotation": [0, 45, 0],
							"uv": {
								"north": {"uv": [79, 13], "uv_size": [6, 3]},
								"east": {"uv": [79, 13], "uv_size": [6, 3]},
								"south": {"uv": [79, 13], "uv_size": [6, 3]},
								"west": {"uv": [79, 13], "uv_size": [6, 3]},
								"up": {"uv": [85, 16], "uv_size": [-6, -3]},
								"down": {"uv": [85, 16], "uv_size": [-6, -3]}
							}
						},
						{
							"origin": [3.398, 19.245, 6.5],
							"size": [0.004, 4.01, 0.11],
							"inflate": 0.2,
							"uv": {
								"north": {"uv": [79, 13], "uv_size": [6, 3]},
								"east": {"uv": [79, 13], "uv_size": [6, 3]},
								"south": {"uv": [79, 13], "uv_size": [6, 3]},
								"west": {"uv": [79, 13], "uv_size": [6, 3]},
								"up": {"uv": [85, 16], "uv_size": [-6, -3]},
								"down": {"uv": [85, 16], "uv_size": [-6, -3]}
							}
						},
						{
							"origin": [2.398, 19.245, 6.5],
							"size": [0.604, 0.01, 0.11],
							"inflate": 0.2,
							"uv": {
								"north": {"uv": [79, 13], "uv_size": [6, 3]},
								"east": {"uv": [79, 13], "uv_size": [6, 3]},
								"south": {"uv": [79, 13], "uv_size": [6, 3]},
								"west": {"uv": [79, 13], "uv_size": [6, 3]},
								"up": {"uv": [85, 16], "uv_size": [-6, -3]},
								"down": {"uv": [85, 16], "uv_size": [-6, -3]}
							}
						}
					]
				},
				{
					"name": "_ca_stock",
					"parent": "main",
					"pivot": [0.2, 24.35, -66.325],
					"cubes": [
						{"origin": [-0.5, 21.05, 5.875], "size": [1, 1, 1], "uv": [27, 69]}
					]
				}
			]
		}
	]
}