{
	"format_version": "1.12.0",
	"minecraft:geometry": [
		{
			"description": {
				"identifier": "geometry.unknown",
				"texture_width": 128,
				"texture_height": 128,
				"visible_bounds_width": 10,
				"visible_bounds_height": 9,
				"visible_bounds_offset": [0, 2.5, 0]
			},
			"bones": [
				{
					"name": "main",
					"pivot": [0, 20, 0]
				},
				{
					"name": "gun",
					"parent": "main",
					"pivot": [1, 11, -1]
				},
				{
					"name": "handguard",
					"parent": "gun",
					"pivot": [-0.9, 23.9, -52.65],
					"cubes": [
						{
							"origin": [-1.75, 19.3, -27.55],
							"size": [3.7, 1.5, 0.9],
							"uv": {
								"north": {"uv": [82, 36], "uv_size": [4, 5]},
								"east": {"uv": [73, 36], "uv_size": [5, 5]},
								"south": {"uv": [52, 83], "uv_size": [4, 5]},
								"west": {"uv": [75, 74], "uv_size": [5, 5]},
								"up": {"uv": [69, 83], "uv_size": [4, 5]},
								"down": {"uv": [83, 76], "uv_size": [4, -5]}
							}
						},
						{
							"origin": [1.351, 23.59, -30.55],
							"size": [0.5, 1.7, 3.9],
							"uv": {
								"north": {"uv": [57, 32], "uv_size": [14, 4]},
								"east": {"uv": [57, 32], "uv_size": [14, 4]},
								"south": {"uv": [57, 32], "uv_size": [14, 4]},
								"west": {"uv": [75, 74], "uv_size": [5, 5]},
								"up": {"uv": [71, 36], "uv_size": [-14, -4]},
								"down": {"uv": [71, 36], "uv_size": [-14, -4]}
							}
						},
						{
							"origin": [-1.651, 23.59, -30.55],
							"size": [0.5, 1.7, 3.9],
							"uv": {
								"north": {"uv": [57, 32], "uv_size": [14, 4]},
								"east": {"uv": [75, 74], "uv_size": [5, 5]},
								"south": {"uv": [57, 32], "uv_size": [14, 4]},
								"west": {"uv": [57, 32], "uv_size": [14, 4]},
								"up": {"uv": [71, 36], "uv_size": [-14, -4]},
								"down": {"uv": [71, 36], "uv_size": [-14, -4]}
							}
						},
						{
							"origin": [1.35, 23.59, -46.75],
							"size": [0.5, 1.7, 0.4],
							"uv": {
								"north": {"uv": [99, 20], "uv_size": [4, 2]},
								"east": {"uv": [99, 20], "uv_size": [4, 2]},
								"south": {"uv": [99, 20], "uv_size": [4, 2]},
								"west": {"uv": [99, 20], "uv_size": [4, 2]},
								"up": {"uv": [103, 22], "uv_size": [-4, -2]},
								"down": {"uv": [103, 22], "uv_size": [-4, -2]}
							}
						},
						{
							"origin": [-1.65, 23.59, -46.75],
							"size": [0.5, 1.5, 0.4],
							"uv": {
								"north": {"uv": [103, 20], "uv_size": [-4, 2]},
								"east": {"uv": [103, 20], "uv_size": [-4, 2]},
								"south": {"uv": [103, 20], "uv_size": [-4, 2]},
								"west": {"uv": [103, 20], "uv_size": [-4, 2]},
								"up": {"uv": [99, 22], "uv_size": [4, -2]},
								"down": {"uv": [99, 22], "uv_size": [4, -2]}
							}
						},
						{
							"origin": [-1.65, 23.6, -46.35],
							"size": [0.5, 2.7, 3.7],
							"uv": {
								"north": {"uv": [57, 28], "uv_size": [14, 4]},
								"east": {"uv": [57, 28], "uv_size": [14, 4]},
								"south": {"uv": [57, 28], "uv_size": [14, 4]},
								"west": {"uv": [57, 28], "uv_size": [14, 4]},
								"up": {"uv": [71, 32], "uv_size": [-14, -4]},
								"down": {"uv": [71, 32], "uv_size": [-14, -4]}
							}
						},
						{
							"origin": [1.35, 23.6, -46.35],
							"size": [0.5, 2.7, 3.7],
							"uv": {
								"north": {"uv": [57, 28], "uv_size": [14, 4]},
								"east": {"uv": [57, 28], "uv_size": [14, 4]},
								"south": {"uv": [57, 28], "uv_size": [14, 4]},
								"west": {"uv": [57, 28], "uv_size": [14, 4]},
								"up": {"uv": [71, 32], "uv_size": [-14, -4]},
								"down": {"uv": [71, 32], "uv_size": [-14, -4]}
							}
						},
						{
							"origin": [-1.65, 23.6, -40.65],
							"size": [0.5, 0.5, 1.8],
							"uv": {
								"north": {"uv": [57, 28], "uv_size": [14, 4]},
								"east": {"uv": [57, 28], "uv_size": [14, 4]},
								"south": {"uv": [57, 28], "uv_size": [14, 4]},
								"west": {"uv": [57, 28], "uv_size": [14, 4]},
								"up": {"uv": [71, 32], "uv_size": [-14, -4]},
								"down": {"uv": [71, 32], "uv_size": [-14, -4]}
							}
						},
						{
							"origin": [-1.65, 23.2, -40.65],
							"size": [0.5, 0.6, 1.8],
							"uv": {
								"north": {"uv": [57, 28], "uv_size": [14, 4]},
								"east": {"uv": [57, 28], "uv_size": [14, 4]},
								"south": {"uv": [57, 28], "uv_size": [14, 4]},
								"west": {"uv": [57, 28], "uv_size": [14, 4]},
								"up": {"uv": [71, 32], "uv_size": [-14, -4]},
								"down": {"uv": [71, 32], "uv_size": [-14, -4]}
							}
						},
						{
							"origin": [-1.65, 23.2, -46.35],
							"size": [0.5, 0.6, 3.7],
							"uv": {
								"north": {"uv": [57, 28], "uv_size": [14, 4]},
								"east": {"uv": [57, 28], "uv_size": [14, 4]},
								"south": {"uv": [57, 28], "uv_size": [14, 4]},
								"west": {"uv": [57, 28], "uv_size": [14, 4]},
								"up": {"uv": [71, 32], "uv_size": [-14, -4]},
								"down": {"uv": [71, 32], "uv_size": [-14, -4]}
							}
						},
						{
							"origin": [-1.65, 23.6, -36.85],
							"size": [0.5, 0.5, 1.8],
							"uv": {
								"north": {"uv": [57, 28], "uv_size": [14, 4]},
								"east": {"uv": [57, 28], "uv_size": [14, 4]},
								"south": {"uv": [57, 28], "uv_size": [14, 4]},
								"west": {"uv": [57, 28], "uv_size": [14, 4]},
								"up": {"uv": [71, 32], "uv_size": [-14, -4]},
								"down": {"uv": [71, 32], "uv_size": [-14, -4]}
							}
						},
						{
							"origin": [-1.65, 23.2, -36.85],
							"size": [0.5, 0.6, 1.8],
							"uv": {
								"north": {"uv": [57, 28], "uv_size": [14, 4]},
								"east": {"uv": [57, 28], "uv_size": [14, 4]},
								"south": {"uv": [57, 28], "uv_size": [14, 4]},
								"west": {"uv": [57, 28], "uv_size": [14, 4]},
								"up": {"uv": [71, 32], "uv_size": [-14, -4]},
								"down": {"uv": [71, 32], "uv_size": [-14, -4]}
							}
						},
						{
							"origin": [-1.65, 23.2, -33.05],
							"size": [0.5, 0.6, 6.4],
							"uv": {
								"north": {"uv": [57, 28], "uv_size": [14, 4]},
								"east": {"uv": [57, 28], "uv_size": [14, 4]},
								"south": {"uv": [57, 28], "uv_size": [14, 4]},
								"west": {"uv": [57, 28], "uv_size": [14, 4]},
								"up": {"uv": [71, 32], "uv_size": [-14, -4]},
								"down": {"uv": [71, 32], "uv_size": [-14, -4]}
							}
						},
						{
							"origin": [-1.65, 23.6, -33.05],
							"size": [0.5, 0.5, 0.7],
							"uv": {
								"north": {"uv": [57, 28], "uv_size": [14, 4]},
								"east": {"uv": [57, 28], "uv_size": [14, 4]},
								"south": {"uv": [57, 28], "uv_size": [14, 4]},
								"west": {"uv": [57, 28], "uv_size": [14, 4]},
								"up": {"uv": [71, 32], "uv_size": [-14, -4]},
								"down": {"uv": [71, 32], "uv_size": [-14, -4]}
							}
						},
						{
							"origin": [1.35, 23.6, -33.05],
							"size": [0.5, 0.5, 0.7],
							"uv": {
								"north": {"uv": [57, 28], "uv_size": [14, 4]},
								"east": {"uv": [57, 28], "uv_size": [14, 4]},
								"south": {"uv": [57, 28], "uv_size": [14, 4]},
								"west": {"uv": [57, 28], "uv_size": [14, 4]},
								"up": {"uv": [71, 32], "uv_size": [-14, -4]},
								"down": {"uv": [71, 32], "uv_size": [-14, -4]}
							}
						},
						{
							"origin": [1.35, 23.6, -36.85],
							"size": [0.5, 0.5, 1.8],
							"uv": {
								"north": {"uv": [57, 28], "uv_size": [14, 4]},
								"east": {"uv": [57, 28], "uv_size": [14, 4]},
								"south": {"uv": [57, 28], "uv_size": [14, 4]},
								"west": {"uv": [57, 28], "uv_size": [14, 4]},
								"up": {"uv": [71, 32], "uv_size": [-14, -4]},
								"down": {"uv": [71, 32], "uv_size": [-14, -4]}
							}
						},
						{
							"origin": [1.35, 23.6, -40.65],
							"size": [0.5, 0.5, 1.8],
							"uv": {
								"north": {"uv": [57, 28], "uv_size": [14, 4]},
								"east": {"uv": [57, 28], "uv_size": [14, 4]},
								"south": {"uv": [57, 28], "uv_size": [14, 4]},
								"west": {"uv": [57, 28], "uv_size": [14, 4]},
								"up": {"uv": [71, 32], "uv_size": [-14, -4]},
								"down": {"uv": [71, 32], "uv_size": [-14, -4]}
							}
						},
						{
							"origin": [-1.65, 24.1, -42.65],
							"size": [0.5, 2.2, 10.3],
							"uv": {
								"north": {"uv": [57, 28], "uv_size": [14, 4]},
								"east": {"uv": [57, 28], "uv_size": [14, 4]},
								"south": {"uv": [57, 28], "uv_size": [14, 4]},
								"west": {"uv": [57, 28], "uv_size": [14, 4]},
								"up": {"uv": [71, 32], "uv_size": [-14, -4]},
								"down": {"uv": [71, 32], "uv_size": [-14, -4]}
							}
						},
						{
							"origin": [1.35, 24.1, -42.65],
							"size": [0.5, 2.2, 10.3],
							"uv": {
								"north": {"uv": [57, 28], "uv_size": [14, 4]},
								"east": {"uv": [57, 28], "uv_size": [14, 4]},
								"south": {"uv": [57, 28], "uv_size": [14, 4]},
								"west": {"uv": [57, 28], "uv_size": [14, 4]},
								"up": {"uv": [71, 32], "uv_size": [-14, -4]},
								"down": {"uv": [71, 32], "uv_size": [-14, -4]}
							}
						},
						{
							"origin": [-1.65, 23.6, -32.35],
							"size": [0.5, 2.7, 1.8],
							"uv": {
								"north": {"uv": [57, 28], "uv_size": [14, 4]},
								"east": {"uv": [57, 28], "uv_size": [14, 4]},
								"south": {"uv": [57, 28], "uv_size": [14, 4]},
								"west": {"uv": [57, 28], "uv_size": [14, 4]},
								"up": {"uv": [71, 32], "uv_size": [-14, -4]},
								"down": {"uv": [71, 32], "uv_size": [-14, -4]}
							}
						},
						{
							"origin": [1.35, 23.6, -32.35],
							"size": [0.5, 2.7, 1.8],
							"uv": {
								"north": {"uv": [57, 28], "uv_size": [14, 4]},
								"east": {"uv": [57, 28], "uv_size": [14, 4]},
								"south": {"uv": [57, 28], "uv_size": [14, 4]},
								"west": {"uv": [57, 28], "uv_size": [14, 4]},
								"up": {"uv": [71, 32], "uv_size": [-14, -4]},
								"down": {"uv": [71, 32], "uv_size": [-14, -4]}
							}
						},
						{
							"origin": [1.35, 25.1, -46.75],
							"size": [0.5, 1.2, 0.4],
							"uv": {
								"north": {"uv": [99, 20], "uv_size": [4, 2]},
								"east": {"uv": [99, 20], "uv_size": [4, 2]},
								"south": {"uv": [99, 20], "uv_size": [4, 2]},
								"west": {"uv": [99, 20], "uv_size": [4, 2]},
								"up": {"uv": [103, 22], "uv_size": [-4, -2]},
								"down": {"uv": [103, 22], "uv_size": [-4, -2]}
							}
						},
						{
							"origin": [-1.65, 25.1, -46.75],
							"size": [0.5, 1.2, 0.4],
							"uv": {
								"north": {"uv": [99, 20], "uv_size": [4, 2]},
								"east": {"uv": [99, 20], "uv_size": [4, 2]},
								"south": {"uv": [99, 20], "uv_size": [4, 2]},
								"west": {"uv": [99, 20], "uv_size": [4, 2]},
								"up": {"uv": [103, 22], "uv_size": [-4, -2]},
								"down": {"uv": [103, 22], "uv_size": [-4, -2]}
							}
						},
						{
							"origin": [-1.64, 25.3, -30.55],
							"size": [0.5, 1, 0.3],
							"uv": {
								"north": {"uv": [99, 20], "uv_size": [4, 2]},
								"east": {"uv": [99, 20], "uv_size": [4, 2]},
								"south": {"uv": [99, 20], "uv_size": [4, 2]},
								"west": {"uv": [99, 20], "uv_size": [4, 2]},
								"up": {"uv": [103, 22], "uv_size": [-4, -2]},
								"down": {"uv": [103, 22], "uv_size": [-4, -2]}
							}
						},
						{
							"origin": [-1.85, 25.8, -46.35],
							"size": [0.5, 1.25, 15.8],
							"pivot": [-1.1, 25.8, -38.55],
							"rotation": [0, 0, 40],
							"uv": {
								"north": {"uv": [57, 28], "uv_size": [14, 4]},
								"east": {"uv": [57, 28], "uv_size": [14, 4]},
								"south": {"uv": [57, 28], "uv_size": [14, 4]},
								"west": {"uv": [57, 28], "uv_size": [14, 4]},
								"up": {"uv": [71, 32], "uv_size": [-14, -4]},
								"down": {"uv": [71, 32], "uv_size": [-14, -4]}
							}
						},
						{
							"origin": [-1.84, 25.8, -30.55],
							"size": [0.5, 1.25, 0.3],
							"pivot": [-1.1, 25.8, -38.55],
							"rotation": [0, 0, 40],
							"uv": {
								"north": {"uv": [99, 20], "uv_size": [4, 2]},
								"east": {"uv": [99, 20], "uv_size": [4, 2]},
								"south": {"uv": [99, 20], "uv_size": [4, 2]},
								"west": {"uv": [99, 20], "uv_size": [4, 2]},
								"up": {"uv": [103, 22], "uv_size": [-4, -2]},
								"down": {"uv": [103, 22], "uv_size": [-4, -2]}
							}
						},
						{
							"origin": [-1.85, 25.8, -46.75],
							"size": [0.5, 1.25, 0.4],
							"pivot": [-1.1, 25.8, -38.55],
							"rotation": [0, 0, 40],
							"uv": {
								"north": {"uv": [99, 20], "uv_size": [4, 2]},
								"east": {"uv": [99, 20], "uv_size": [4, 2]},
								"south": {"uv": [99, 20], "uv_size": [4, 2]},
								"west": {"uv": [99, 20], "uv_size": [4, 2]},
								"up": {"uv": [103, 22], "uv_size": [-4, -2]},
								"down": {"uv": [103, 22], "uv_size": [-4, -2]}
							}
						},
						{
							"origin": [1.35, 26.5, -46.35],
							"size": [0.5, 1.2, 15.8],
							"pivot": [2.1, 26.4, -38.55],
							"rotation": [0, 0, -40],
							"uv": {
								"north": {"uv": [57, 32], "uv_size": [14, 4]},
								"east": {"uv": [57, 32], "uv_size": [14, 4]},
								"south": {"uv": [57, 32], "uv_size": [14, 4]},
								"west": {"uv": [57, 32], "uv_size": [14, 4]},
								"up": {"uv": [71, 36], "uv_size": [-14, -4]},
								"down": {"uv": [71, 36], "uv_size": [-14, -4]}
							}
						},
						{
							"origin": [1.36, 26.5, -30.55],
							"size": [0.5, 1.2, 0.3],
							"pivot": [2.1, 26.4, -38.55],
							"rotation": [0, 0, -40],
							"uv": {
								"north": {"uv": [99, 20], "uv_size": [4, 2]},
								"east": {"uv": [99, 20], "uv_size": [4, 2]},
								"south": {"uv": [99, 20], "uv_size": [4, 2]},
								"west": {"uv": [99, 20], "uv_size": [4, 2]},
								"up": {"uv": [103, 22], "uv_size": [-4, -2]},
								"down": {"uv": [103, 22], "uv_size": [-4, -2]}
							}
						},
						{
							"origin": [1.35, 26.5, -46.75],
							"size": [0.5, 1.2, 0.4],
							"pivot": [2.1, 26.4, -38.55],
							"rotation": [0, 0, -40],
							"uv": {
								"north": {"uv": [99, 20], "uv_size": [4, 2]},
								"east": {"uv": [99, 20], "uv_size": [4, 2]},
								"south": {"uv": [99, 20], "uv_size": [4, 2]},
								"west": {"uv": [99, 20], "uv_size": [4, 2]},
								"up": {"uv": [103, 22], "uv_size": [-4, -2]},
								"down": {"uv": [103, 22], "uv_size": [-4, -2]}
							}
						},
						{
							"origin": [0.05, 27.23, -46.35],
							"size": [0.5, 1.96, 15.8],
							"pivot": [0.8, 27.5, -38.55],
							"rotation": [0, 0, -90],
							"uv": {
								"north": {"uv": [57, 28], "uv_size": [14, 4]},
								"east": {"uv": [57, 28], "uv_size": [14, 4]},
								"south": {"uv": [57, 28], "uv_size": [14, 4]},
								"west": {"uv": [57, 28], "uv_size": [14, 4]},
								"up": {"uv": [71, 32], "uv_size": [-14, -4]},
								"down": {"uv": [71, 32], "uv_size": [-14, -4]}
							}
						},
						{
							"origin": [0.06, 27.23, -30.55],
							"size": [0.5, 1.96, 0.3],
							"pivot": [0.8, 27.5, -38.55],
							"rotation": [0, 0, -90],
							"uv": {
								"north": {"uv": [99, 20], "uv_size": [4, 2]},
								"east": {"uv": [99, 20], "uv_size": [4, 2]},
								"south": {"uv": [99, 20], "uv_size": [4, 2]},
								"west": {"uv": [99, 20], "uv_size": [4, 2]},
								"up": {"uv": [103, 22], "uv_size": [-4, -2]},
								"down": {"uv": [103, 22], "uv_size": [-4, -2]}
							}
						},
						{
							"origin": [0.05, 27.23, -46.75],
							"size": [0.5, 1.96, 0.4],
							"pivot": [0.8, 27.5, -38.55],
							"rotation": [0, 0, -90],
							"uv": {
								"north": {"uv": [99, 20], "uv_size": [4, 2]},
								"east": {"uv": [99, 20], "uv_size": [4, 2]},
								"south": {"uv": [99, 20], "uv_size": [4, 2]},
								"west": {"uv": [99, 20], "uv_size": [4, 2]},
								"up": {"uv": [103, 22], "uv_size": [-4, -2]},
								"down": {"uv": [103, 22], "uv_size": [-4, -2]}
							}
						},
						{
							"origin": [1.34, 25.3, -30.55],
							"size": [0.5, 1, 0.3],
							"uv": {
								"north": {"uv": [99, 20], "uv_size": [4, 2]},
								"east": {"uv": [99, 20], "uv_size": [4, 2]},
								"south": {"uv": [99, 20], "uv_size": [4, 2]},
								"west": {"uv": [99, 20], "uv_size": [4, 2]},
								"up": {"uv": [103, 22], "uv_size": [-4, -2]},
								"down": {"uv": [103, 22], "uv_size": [-4, -2]}
							}
						},
						{
							"origin": [-0.77, 19.3, -46.3],
							"size": [1.7, 0.3, 18.76],
							"inflate": 0.001,
							"uv": {
								"north": {"uv": [115, 39], "uv_size": [1, 1]},
								"east": {"uv": [90, 13], "uv_size": [14, 1]},
								"south": {"uv": [40, 115], "uv_size": [1, 1]},
								"west": {"uv": [90, 14], "uv_size": [14, 1]},
								"up": {"uv": [30, 90], "uv_size": [1, 14]},
								"down": {"uv": [31, 104], "uv_size": [1, -14]}
							}
						},
						{
							"origin": [2.947, 19.185, -45.8],
							"size": [0.3, 0.3, 0.8],
							"inflate": 0.001,
							"pivot": [1.32, 14.61, -57.8],
							"rotation": [0, 0, -45],
							"uv": {
								"north": {"uv": [115, 46], "uv_size": [1, 1]},
								"east": {"uv": [47, 115], "uv_size": [1, 1]},
								"south": {"uv": [115, 47], "uv_size": [1, 1]},
								"west": {"uv": [48, 115], "uv_size": [1, 1]},
								"up": {"uv": [115, 48], "uv_size": [1, 1]},
								"down": {"uv": [49, 116], "uv_size": [1, -1]}
							}
						},
						{
							"origin": [4.647, 19.19, -45.8],
							"size": [0.3, 0.3, 0.8],
							"inflate": 0.001,
							"pivot": [3.02, 14.61, -57.8],
							"rotation": [0, 0, -45],
							"uv": {
								"north": {"uv": [115, 49], "uv_size": [1, 1]},
								"east": {"uv": [50, 115], "uv_size": [1, 1]},
								"south": {"uv": [115, 50], "uv_size": [1, 1]},
								"west": {"uv": [51, 115], "uv_size": [1, 1]},
								"up": {"uv": [115, 51], "uv_size": [1, 1]},
								"down": {"uv": [52, 116], "uv_size": [1, -1]}
							}
						},
						{
							"origin": [-0.77, 19, -45.8],
							"size": [1.7, 0.3, 0.8],
							"inflate": 0.001,
							"uv": {
								"north": {"uv": [115, 43], "uv_size": [1, 1]},
								"east": {"uv": [44, 115], "uv_size": [1, 1]},
								"south": {"uv": [115, 44], "uv_size": [1, 1]},
								"west": {"uv": [45, 115], "uv_size": [1, 1]},
								"up": {"uv": [115, 45], "uv_size": [1, 1]},
								"down": {"uv": [46, 116], "uv_size": [1, -1]}
							}
						},
						{
							"origin": [2.947, 19.185, -44.3],
							"size": [0.3, 0.3, 0.6],
							"inflate": 0.001,
							"pivot": [1.32, 14.61, -56.3],
							"rotation": [0, 0, -45],
							"uv": {
								"north": {"uv": [115, 58], "uv_size": [1, 1]},
								"east": {"uv": [59, 115], "uv_size": [1, 1]},
								"south": {"uv": [115, 59], "uv_size": [1, 1]},
								"west": {"uv": [60, 115], "uv_size": [1, 1]},
								"up": {"uv": [115, 60], "uv_size": [1, 1]},
								"down": {"uv": [61, 116], "uv_size": [1, -1]}
							}
						},
						{
							"origin": [-0.77, 19, -44.3],
							"size": [1.7, 0.3, 0.6],
							"inflate": 0.001,
							"uv": {
								"north": {"uv": [115, 55], "uv_size": [1, 1]},
								"east": {"uv": [56, 115], "uv_size": [1, 1]},
								"south": {"uv": [115, 56], "uv_size": [1, 1]},
								"west": {"uv": [57, 115], "uv_size": [1, 1]},
								"up": {"uv": [115, 57], "uv_size": [1, 1]},
								"down": {"uv": [58, 116], "uv_size": [1, -1]}
							}
						},
						{
							"origin": [4.647, 19.19, -44.3],
							"size": [0.3, 0.3, 0.6],
							"inflate": 0.001,
							"pivot": [3.02, 14.61, -56.3],
							"rotation": [0, 0, -45],
							"uv": {
								"north": {"uv": [115, 52], "uv_size": [1, 1]},
								"east": {"uv": [53, 115], "uv_size": [1, 1]},
								"south": {"uv": [115, 53], "uv_size": [1, 1]},
								"west": {"uv": [54, 115], "uv_size": [1, 1]},
								"up": {"uv": [115, 54], "uv_size": [1, 1]},
								"down": {"uv": [55, 116], "uv_size": [1, -1]}
							}
						},
						{
							"origin": [2.947, 19.185, -43],
							"size": [0.3, 0.3, 0.6],
							"inflate": 0.001,
							"pivot": [1.32, 14.61, -55],
							"rotation": [0, 0, -45],
							"uv": {
								"north": {"uv": [115, 67], "uv_size": [1, 1]},
								"east": {"uv": [68, 115], "uv_size": [1, 1]},
								"south": {"uv": [115, 68], "uv_size": [1, 1]},
								"west": {"uv": [69, 115], "uv_size": [1, 1]},
								"up": {"uv": [115, 69], "uv_size": [1, 1]},
								"down": {"uv": [70, 116], "uv_size": [1, -1]}
							}
						},
						{
							"origin": [-0.77, 19, -43],
							"size": [1.7, 0.3, 0.6],
							"inflate": 0.001,
							"uv": {
								"north": {"uv": [115, 64], "uv_size": [1, 1]},
								"east": {"uv": [65, 115], "uv_size": [1, 1]},
								"south": {"uv": [115, 65], "uv_size": [1, 1]},
								"west": {"uv": [66, 115], "uv_size": [1, 1]},
								"up": {"uv": [115, 66], "uv_size": [1, 1]},
								"down": {"uv": [67, 116], "uv_size": [1, -1]}
							}
						},
						{
							"origin": [4.647, 19.19, -43],
							"size": [0.3, 0.3, 0.6],
							"inflate": 0.001,
							"pivot": [3.02, 14.61, -55],
							"rotation": [0, 0, -45],
							"uv": {
								"north": {"uv": [115, 61], "uv_size": [1, 1]},
								"east": {"uv": [62, 115], "uv_size": [1, 1]},
								"south": {"uv": [115, 62], "uv_size": [1, 1]},
								"west": {"uv": [63, 115], "uv_size": [1, 1]},
								"up": {"uv": [115, 63], "uv_size": [1, 1]},
								"down": {"uv": [64, 116], "uv_size": [1, -1]}
							}
						},
						{
							"origin": [2.947, 19.185, -40.4],
							"size": [0.3, 0.3, 0.6],
							"inflate": 0.001,
							"pivot": [1.32, 14.61, -52.4],
							"rotation": [0, 0, -45],
							"uv": {
								"north": {"uv": [115, 85], "uv_size": [1, 1]},
								"east": {"uv": [86, 115], "uv_size": [1, 1]},
								"south": {"uv": [115, 86], "uv_size": [1, 1]},
								"west": {"uv": [87, 115], "uv_size": [1, 1]},
								"up": {"uv": [115, 87], "uv_size": [1, 1]},
								"down": {"uv": [88, 116], "uv_size": [1, -1]}
							}
						},
						{
							"origin": [-0.77, 19, -40.4],
							"size": [1.7, 0.3, 0.6],
							"inflate": 0.001,
							"uv": {
								"north": {"uv": [115, 82], "uv_size": [1, 1]},
								"east": {"uv": [83, 115], "uv_size": [1, 1]},
								"south": {"uv": [115, 83], "uv_size": [1, 1]},
								"west": {"uv": [84, 115], "uv_size": [1, 1]},
								"up": {"uv": [115, 84], "uv_size": [1, 1]},
								"down": {"uv": [85, 116], "uv_size": [1, -1]}
							}
						},
						{
							"origin": [4.647, 19.19, -40.4],
							"size": [0.3, 0.3, 0.6],
							"inflate": 0.001,
							"pivot": [3.02, 14.61, -52.4],
							"rotation": [0, 0, -45],
							"uv": {
								"north": {"uv": [115, 79], "uv_size": [1, 1]},
								"east": {"uv": [80, 115], "uv_size": [1, 1]},
								"south": {"uv": [115, 80], "uv_size": [1, 1]},
								"west": {"uv": [81, 115], "uv_size": [1, 1]},
								"up": {"uv": [115, 81], "uv_size": [1, 1]},
								"down": {"uv": [82, 116], "uv_size": [1, -1]}
							}
						},
						{
							"origin": [2.947, 19.185, -41.7],
							"size": [0.3, 0.3, 0.6],
							"inflate": 0.001,
							"pivot": [1.32, 14.61, -53.7],
							"rotation": [0, 0, -45],
							"uv": {
								"north": {"uv": [115, 76], "uv_size": [1, 1]},
								"east": {"uv": [77, 115], "uv_size": [1, 1]},
								"south": {"uv": [115, 77], "uv_size": [1, 1]},
								"west": {"uv": [78, 115], "uv_size": [1, 1]},
								"up": {"uv": [115, 78], "uv_size": [1, 1]},
								"down": {"uv": [79, 116], "uv_size": [1, -1]}
							}
						},
						{
							"origin": [-0.77, 19, -41.7],
							"size": [1.7, 0.3, 0.6],
							"inflate": 0.001,
							"uv": {
								"north": {"uv": [115, 73], "uv_size": [1, 1]},
								"east": {"uv": [74, 115], "uv_size": [1, 1]},
								"south": {"uv": [115, 74], "uv_size": [1, 1]},
								"west": {"uv": [75, 115], "uv_size": [1, 1]},
								"up": {"uv": [115, 75], "uv_size": [1, 1]},
								"down": {"uv": [76, 116], "uv_size": [1, -1]}
							}
						},
						{
							"origin": [4.647, 19.19, -41.7],
							"size": [0.3, 0.3, 0.6],
							"inflate": 0.001,
							"pivot": [3.02, 14.61, -53.7],
							"rotation": [0, 0, -45],
							"uv": {
								"north": {"uv": [115, 70], "uv_size": [1, 1]},
								"east": {"uv": [71, 115], "uv_size": [1, 1]},
								"south": {"uv": [115, 71], "uv_size": [1, 1]},
								"west": {"uv": [72, 115], "uv_size": [1, 1]},
								"up": {"uv": [115, 72], "uv_size": [1, 1]},
								"down": {"uv": [73, 116], "uv_size": [1, -1]}
							}
						},
						{
							"origin": [2.947, 19.185, -37.8],
							"size": [0.3, 0.3, 0.6],
							"inflate": 0.001,
							"pivot": [1.32, 14.61, -49.8],
							"rotation": [0, 0, -45],
							"uv": {
								"north": {"uv": [115, 103], "uv_size": [1, 1]},
								"east": {"uv": [104, 115], "uv_size": [1, 1]},
								"south": {"uv": [115, 104], "uv_size": [1, 1]},
								"west": {"uv": [105, 115], "uv_size": [1, 1]},
								"up": {"uv": [115, 105], "uv_size": [1, 1]},
								"down": {"uv": [106, 116], "uv_size": [1, -1]}
							}
						},
						{
							"origin": [-0.77, 19, -37.8],
							"size": [1.7, 0.3, 0.6],
							"inflate": 0.001,
							"uv": {
								"north": {"uv": [115, 100], "uv_size": [1, 1]},
								"east": {"uv": [101, 115], "uv_size": [1, 1]},
								"south": {"uv": [115, 101], "uv_size": [1, 1]},
								"west": {"uv": [102, 115], "uv_size": [1, 1]},
								"up": {"uv": [115, 102], "uv_size": [1, 1]},
								"down": {"uv": [103, 116], "uv_size": [1, -1]}
							}
						},
						{
							"origin": [4.647, 19.19, -37.8],
							"size": [0.3, 0.3, 0.6],
							"inflate": 0.001,
							"pivot": [3.02, 14.61, -49.8],
							"rotation": [0, 0, -45],
							"uv": {
								"north": {"uv": [115, 97], "uv_size": [1, 1]},
								"east": {"uv": [98, 115], "uv_size": [1, 1]},
								"south": {"uv": [115, 98], "uv_size": [1, 1]},
								"west": {"uv": [99, 115], "uv_size": [1, 1]},
								"up": {"uv": [115, 99], "uv_size": [1, 1]},
								"down": {"uv": [100, 116], "uv_size": [1, -1]}
							}
						},
						{
							"origin": [2.947, 19.185, -39.1],
							"size": [0.3, 0.3, 0.6],
							"inflate": 0.001,
							"pivot": [1.32, 14.61, -51.1],
							"rotation": [0, 0, -45],
							"uv": {
								"north": {"uv": [115, 94], "uv_size": [1, 1]},
								"east": {"uv": [95, 115], "uv_size": [1, 1]},
								"south": {"uv": [115, 95], "uv_size": [1, 1]},
								"west": {"uv": [96, 115], "uv_size": [1, 1]},
								"up": {"uv": [115, 96], "uv_size": [1, 1]},
								"down": {"uv": [97, 116], "uv_size": [1, -1]}
							}
						},
						{
							"origin": [-0.77, 19, -39.1],
							"size": [1.7, 0.3, 0.6],
							"inflate": 0.001,
							"uv": {
								"north": {"uv": [115, 91], "uv_size": [1, 1]},
								"east": {"uv": [92, 115], "uv_size": [1, 1]},
								"south": {"uv": [115, 92], "uv_size": [1, 1]},
								"west": {"uv": [93, 115], "uv_size": [1, 1]},
								"up": {"uv": [115, 93], "uv_size": [1, 1]},
								"down": {"uv": [94, 116], "uv_size": [1, -1]}
							}
						},
						{
							"origin": [4.647, 19.19, -39.1],
							"size": [0.3, 0.3, 0.6],
							"inflate": 0.001,
							"pivot": [3.02, 14.61, -51.1],
							"rotation": [0, 0, -45],
							"uv": {
								"north": {"uv": [115, 88], "uv_size": [1, 1]},
								"east": {"uv": [89, 115], "uv_size": [1, 1]},
								"south": {"uv": [115, 89], "uv_size": [1, 1]},
								"west": {"uv": [90, 115], "uv_size": [1, 1]},
								"up": {"uv": [115, 90], "uv_size": [1, 1]},
								"down": {"uv": [91, 116], "uv_size": [1, -1]}
							}
						},
						{
							"origin": [2.947, 19.185, -35.2],
							"size": [0.3, 0.3, 0.6],
							"inflate": 0.001,
							"pivot": [1.32, 14.61, -47.2],
							"rotation": [0, 0, -45],
							"uv": {
								"north": {"uv": [6, 116], "uv_size": [1, 1]},
								"east": {"uv": [116, 6], "uv_size": [1, 1]},
								"south": {"uv": [7, 116], "uv_size": [1, 1]},
								"west": {"uv": [116, 7], "uv_size": [1, 1]},
								"up": {"uv": [8, 116], "uv_size": [1, 1]},
								"down": {"uv": [116, 9], "uv_size": [1, -1]}
							}
						},
						{
							"origin": [-0.77, 19, -35.2],
							"size": [1.7, 0.3, 0.6],
							"inflate": 0.001,
							"uv": {
								"north": {"uv": [3, 116], "uv_size": [1, 1]},
								"east": {"uv": [116, 3], "uv_size": [1, 1]},
								"south": {"uv": [4, 116], "uv_size": [1, 1]},
								"west": {"uv": [116, 4], "uv_size": [1, 1]},
								"up": {"uv": [5, 116], "uv_size": [1, 1]},
								"down": {"uv": [116, 6], "uv_size": [1, -1]}
							}
						},
						{
							"origin": [4.647, 19.19, -35.2],
							"size": [0.3, 0.3, 0.6],
							"inflate": 0.001,
							"pivot": [3.02, 14.61, -47.2],
							"rotation": [0, 0, -45],
							"uv": {
								"north": {"uv": [0, 116], "uv_size": [1, 1]},
								"east": {"uv": [116, 0], "uv_size": [1, 1]},
								"south": {"uv": [1, 116], "uv_size": [1, 1]},
								"west": {"uv": [116, 1], "uv_size": [1, 1]},
								"up": {"uv": [2, 116], "uv_size": [1, 1]},
								"down": {"uv": [116, 3], "uv_size": [1, -1]}
							}
						},
						{
							"origin": [2.947, 19.185, -36.5],
							"size": [0.3, 0.3, 0.6],
							"inflate": 0.001,
							"pivot": [1.32, 14.61, -48.5],
							"rotation": [0, 0, -45],
							"uv": {
								"north": {"uv": [115, 112], "uv_size": [1, 1]},
								"east": {"uv": [113, 115], "uv_size": [1, 1]},
								"south": {"uv": [115, 113], "uv_size": [1, 1]},
								"west": {"uv": [114, 115], "uv_size": [1, 1]},
								"up": {"uv": [115, 114], "uv_size": [1, 1]},
								"down": {"uv": [115, 116], "uv_size": [1, -1]}
							}
						},
						{
							"origin": [-0.77, 19, -36.5],
							"size": [1.7, 0.3, 0.6],
							"inflate": 0.001,
							"uv": {
								"north": {"uv": [115, 109], "uv_size": [1, 1]},
								"east": {"uv": [110, 115], "uv_size": [1, 1]},
								"south": {"uv": [115, 110], "uv_size": [1, 1]},
								"west": {"uv": [111, 115], "uv_size": [1, 1]},
								"up": {"uv": [115, 111], "uv_size": [1, 1]},
								"down": {"uv": [112, 116], "uv_size": [1, -1]}
							}
						},
						{
							"origin": [4.647, 19.19, -36.5],
							"size": [0.3, 0.3, 0.6],
							"inflate": 0.001,
							"pivot": [3.02, 14.61, -48.5],
							"rotation": [0, 0, -45],
							"uv": {
								"north": {"uv": [115, 106], "uv_size": [1, 1]},
								"east": {"uv": [107, 115], "uv_size": [1, 1]},
								"south": {"uv": [115, 107], "uv_size": [1, 1]},
								"west": {"uv": [108, 115], "uv_size": [1, 1]},
								"up": {"uv": [115, 108], "uv_size": [1, 1]},
								"down": {"uv": [109, 116], "uv_size": [1, -1]}
							}
						},
						{
							"origin": [2.947, 19.185, -33.9],
							"size": [0.3, 0.3, 0.6],
							"inflate": 0.001,
							"pivot": [1.32, 14.61, -45.9],
							"rotation": [0, 0, -45],
							"uv": {
								"north": {"uv": [15, 116], "uv_size": [1, 1]},
								"east": {"uv": [116, 15], "uv_size": [1, 1]},
								"south": {"uv": [16, 116], "uv_size": [1, 1]},
								"west": {"uv": [116, 16], "uv_size": [1, 1]},
								"up": {"uv": [17, 116], "uv_size": [1, 1]},
								"down": {"uv": [116, 18], "uv_size": [1, -1]}
							}
						},
						{
							"origin": [-0.77, 19, -33.9],
							"size": [1.7, 0.3, 0.6],
							"inflate": 0.001,
							"uv": {
								"north": {"uv": [12, 116], "uv_size": [1, 1]},
								"east": {"uv": [116, 12], "uv_size": [1, 1]},
								"south": {"uv": [13, 116], "uv_size": [1, 1]},
								"west": {"uv": [116, 13], "uv_size": [1, 1]},
								"up": {"uv": [14, 116], "uv_size": [1, 1]},
								"down": {"uv": [116, 15], "uv_size": [1, -1]}
							}
						},
						{
							"origin": [4.647, 19.19, -33.9],
							"size": [0.3, 0.3, 0.6],
							"inflate": 0.001,
							"pivot": [3.02, 14.61, -45.9],
							"rotation": [0, 0, -45],
							"uv": {
								"north": {"uv": [9, 116], "uv_size": [1, 1]},
								"east": {"uv": [116, 9], "uv_size": [1, 1]},
								"south": {"uv": [10, 116], "uv_size": [1, 1]},
								"west": {"uv": [116, 10], "uv_size": [1, 1]},
								"up": {"uv": [11, 116], "uv_size": [1, 1]},
								"down": {"uv": [116, 12], "uv_size": [1, -1]}
							}
						},
						{
							"origin": [4.647, 19.19, -31.3],
							"size": [0.3, 0.3, 0.6],
							"inflate": 0.001,
							"pivot": [3.02, 14.61, -43.3],
							"rotation": [0, 0, -45],
							"uv": {
								"north": {"uv": [9, 116], "uv_size": [1, 1]},
								"east": {"uv": [116, 9], "uv_size": [1, 1]},
								"south": {"uv": [10, 116], "uv_size": [1, 1]},
								"west": {"uv": [116, 10], "uv_size": [1, 1]},
								"up": {"uv": [11, 116], "uv_size": [1, 1]},
								"down": {"uv": [116, 12], "uv_size": [1, -1]}
							}
						},
						{
							"origin": [-0.77, 19, -31.3],
							"size": [1.7, 0.3, 0.6],
							"inflate": 0.001,
							"uv": {
								"north": {"uv": [12, 116], "uv_size": [1, 1]},
								"east": {"uv": [116, 12], "uv_size": [1, 1]},
								"south": {"uv": [13, 116], "uv_size": [1, 1]},
								"west": {"uv": [116, 13], "uv_size": [1, 1]},
								"up": {"uv": [14, 116], "uv_size": [1, 1]},
								"down": {"uv": [116, 15], "uv_size": [1, -1]}
							}
						},
						{
							"origin": [2.947, 19.185, -31.3],
							"size": [0.3, 0.3, 0.6],
							"inflate": 0.001,
							"pivot": [1.32, 14.61, -43.3],
							"rotation": [0, 0, -45],
							"uv": {
								"north": {"uv": [15, 116], "uv_size": [1, 1]},
								"east": {"uv": [116, 15], "uv_size": [1, 1]},
								"south": {"uv": [16, 116], "uv_size": [1, 1]},
								"west": {"uv": [116, 16], "uv_size": [1, 1]},
								"up": {"uv": [17, 116], "uv_size": [1, 1]},
								"down": {"uv": [116, 18], "uv_size": [1, -1]}
							}
						},
						{
							"origin": [4.647, 19.19, -32.6],
							"size": [0.3, 0.3, 0.6],
							"inflate": 0.001,
							"pivot": [3.02, 14.61, -44.6],
							"rotation": [0, 0, -45],
							"uv": {
								"north": {"uv": [0, 116], "uv_size": [1, 1]},
								"east": {"uv": [116, 0], "uv_size": [1, 1]},
								"south": {"uv": [1, 116], "uv_size": [1, 1]},
								"west": {"uv": [116, 1], "uv_size": [1, 1]},
								"up": {"uv": [2, 116], "uv_size": [1, 1]},
								"down": {"uv": [116, 3], "uv_size": [1, -1]}
							}
						},
						{
							"origin": [2.947, 19.185, -32.6],
							"size": [0.3, 0.3, 0.6],
							"inflate": 0.001,
							"pivot": [1.32, 14.61, -44.6],
							"rotation": [0, 0, -45],
							"uv": {
								"north": {"uv": [6, 116], "uv_size": [1, 1]},
								"east": {"uv": [116, 6], "uv_size": [1, 1]},
								"south": {"uv": [7, 116], "uv_size": [1, 1]},
								"west": {"uv": [116, 7], "uv_size": [1, 1]},
								"up": {"uv": [8, 116], "uv_size": [1, 1]},
								"down": {"uv": [116, 9], "uv_size": [1, -1]}
							}
						},
						{
							"origin": [-0.77, 19, -32.6],
							"size": [1.7, 0.3, 0.6],
							"inflate": 0.001,
							"uv": {
								"north": {"uv": [3, 116], "uv_size": [1, 1]},
								"east": {"uv": [116, 3], "uv_size": [1, 1]},
								"south": {"uv": [4, 116], "uv_size": [1, 1]},
								"west": {"uv": [116, 4], "uv_size": [1, 1]},
								"up": {"uv": [5, 116], "uv_size": [1, 1]},
								"down": {"uv": [116, 6], "uv_size": [1, -1]}
							}
						},
						{
							"origin": [4.647, 19.19, -28.7],
							"size": [0.3, 0.3, 0.6],
							"inflate": 0.001,
							"pivot": [3.02, 14.61, -40.7],
							"rotation": [0, 0, -45],
							"uv": {
								"north": {"uv": [9, 116], "uv_size": [1, 1]},
								"east": {"uv": [116, 9], "uv_size": [1, 1]},
								"south": {"uv": [10, 116], "uv_size": [1, 1]},
								"west": {"uv": [116, 10], "uv_size": [1, 1]},
								"up": {"uv": [11, 116], "uv_size": [1, 1]},
								"down": {"uv": [116, 12], "uv_size": [1, -1]}
							}
						},
						{
							"origin": [-0.77, 19, -28.7],
							"size": [1.7, 0.3, 0.6],
							"inflate": 0.001,
							"uv": {
								"north": {"uv": [12, 116], "uv_size": [1, 1]},
								"east": {"uv": [116, 12], "uv_size": [1, 1]},
								"south": {"uv": [13, 116], "uv_size": [1, 1]},
								"west": {"uv": [116, 13], "uv_size": [1, 1]},
								"up": {"uv": [14, 116], "uv_size": [1, 1]},
								"down": {"uv": [116, 15], "uv_size": [1, -1]}
							}
						},
						{
							"origin": [2.947, 19.185, -28.7],
							"size": [0.3, 0.3, 0.6],
							"inflate": 0.001,
							"pivot": [1.32, 14.61, -40.7],
							"rotation": [0, 0, -45],
							"uv": {
								"north": {"uv": [15, 116], "uv_size": [1, 1]},
								"east": {"uv": [116, 15], "uv_size": [1, 1]},
								"south": {"uv": [16, 116], "uv_size": [1, 1]},
								"west": {"uv": [116, 16], "uv_size": [1, 1]},
								"up": {"uv": [17, 116], "uv_size": [1, 1]},
								"down": {"uv": [116, 18], "uv_size": [1, -1]}
							}
						},
						{
							"origin": [4.647, 19.19, -30],
							"size": [0.3, 0.3, 0.6],
							"inflate": 0.001,
							"pivot": [3.02, 14.61, -42],
							"rotation": [0, 0, -45],
							"uv": {
								"north": {"uv": [0, 116], "uv_size": [1, 1]},
								"east": {"uv": [116, 0], "uv_size": [1, 1]},
								"south": {"uv": [1, 116], "uv_size": [1, 1]},
								"west": {"uv": [116, 1], "uv_size": [1, 1]},
								"up": {"uv": [2, 116], "uv_size": [1, 1]},
								"down": {"uv": [116, 3], "uv_size": [1, -1]}
							}
						},
						{
							"origin": [2.947, 19.185, -30],
							"size": [0.3, 0.3, 0.6],
							"inflate": 0.001,
							"pivot": [1.32, 14.61, -42],
							"rotation": [0, 0, -45],
							"uv": {
								"north": {"uv": [6, 116], "uv_size": [1, 1]},
								"east": {"uv": [116, 6], "uv_size": [1, 1]},
								"south": {"uv": [7, 116], "uv_size": [1, 1]},
								"west": {"uv": [116, 7], "uv_size": [1, 1]},
								"up": {"uv": [8, 116], "uv_size": [1, 1]},
								"down": {"uv": [116, 9], "uv_size": [1, -1]}
							}
						},
						{
							"origin": [-0.77, 19, -30],
							"size": [1.7, 0.3, 0.6],
							"inflate": 0.001,
							"uv": {
								"north": {"uv": [3, 116], "uv_size": [1, 1]},
								"east": {"uv": [116, 3], "uv_size": [1, 1]},
								"south": {"uv": [4, 116], "uv_size": [1, 1]},
								"west": {"uv": [116, 4], "uv_size": [1, 1]},
								"up": {"uv": [5, 116], "uv_size": [1, 1]},
								"down": {"uv": [116, 6], "uv_size": [1, -1]}
							}
						},
						{
							"origin": [-0.77, 27.47, -46.6],
							"size": [1.7, 0.3, 0.56],
							"inflate": 0.001,
							"pivot": [-1.15, 22.9, -58.2],
							"rotation": [-38, 0, 0],
							"uv": {
								"north": {"uv": [115, 40], "uv_size": [1, 1]},
								"east": {"uv": [41, 115], "uv_size": [1, 1]},
								"south": {"uv": [115, 41], "uv_size": [1, 1]},
								"west": {"uv": [42, 115], "uv_size": [1, 1]},
								"up": {"uv": [115, 42], "uv_size": [1, 1]},
								"down": {"uv": [43, 116], "uv_size": [1, -1]}
							}
						},
						{
							"origin": [1.45, 23.7, -42.85],
							"size": [0.4, 0.4, 0.2],
							"pivot": [1.7, 23.8, -42.45],
							"rotation": [-45, 0, 0],
							"uv": {
								"north": {"uv": [57, 28], "uv_size": [14, 4]},
								"east": {"uv": [57, 28], "uv_size": [14, 4]},
								"south": {"uv": [57, 28], "uv_size": [14, 4]},
								"west": {"uv": [57, 28], "uv_size": [14, 4]},
								"up": {"uv": [71, 32], "uv_size": [-14, -4]},
								"down": {"uv": [71, 32], "uv_size": [-14, -4]}
							}
						},
						{
							"origin": [1.45, 23.7, -41.05],
							"size": [0.4, 0.3, 0.4],
							"pivot": [1.7, 23.8, -40.45],
							"rotation": [-45, 0, 0],
							"uv": {
								"north": {"uv": [57, 28], "uv_size": [14, 4]},
								"east": {"uv": [57, 28], "uv_size": [14, 4]},
								"south": {"uv": [57, 28], "uv_size": [14, 4]},
								"west": {"uv": [57, 28], "uv_size": [14, 4]},
								"up": {"uv": [71, 32], "uv_size": [-14, -4]},
								"down": {"uv": [71, 32], "uv_size": [-14, -4]}
							}
						},
						{
							"origin": [1.45, 23.7, -37.25],
							"size": [0.4, 0.3, 0.4],
							"pivot": [1.7, 23.8, -36.65],
							"rotation": [-45, 0, 0],
							"uv": {
								"north": {"uv": [57, 28], "uv_size": [14, 4]},
								"east": {"uv": [57, 28], "uv_size": [14, 4]},
								"south": {"uv": [57, 28], "uv_size": [14, 4]},
								"west": {"uv": [57, 28], "uv_size": [14, 4]},
								"up": {"uv": [71, 32], "uv_size": [-14, -4]},
								"down": {"uv": [71, 32], "uv_size": [-14, -4]}
							}
						},
						{
							"origin": [1.45, 23.7, -39.05],
							"size": [0.4, 0.4, 0.2],
							"pivot": [1.7, 23.8, -38.65],
							"rotation": [-45, 0, 0],
							"uv": {
								"north": {"uv": [57, 28], "uv_size": [14, 4]},
								"east": {"uv": [57, 28], "uv_size": [14, 4]},
								"south": {"uv": [57, 28], "uv_size": [14, 4]},
								"west": {"uv": [57, 28], "uv_size": [14, 4]},
								"up": {"uv": [71, 32], "uv_size": [-14, -4]},
								"down": {"uv": [71, 32], "uv_size": [-14, -4]}
							}
						},
						{
							"origin": [1.45, 23.7, -33.45],
							"size": [0.4, 0.3, 0.4],
							"pivot": [1.7, 23.8, -32.85],
							"rotation": [-45, 0, 0],
							"uv": {
								"north": {"uv": [57, 28], "uv_size": [14, 4]},
								"east": {"uv": [57, 28], "uv_size": [14, 4]},
								"south": {"uv": [57, 28], "uv_size": [14, 4]},
								"west": {"uv": [57, 28], "uv_size": [14, 4]},
								"up": {"uv": [71, 32], "uv_size": [-14, -4]},
								"down": {"uv": [71, 32], "uv_size": [-14, -4]}
							}
						},
						{
							"origin": [1.45, 23.7, -35.25],
							"size": [0.4, 0.4, 0.2],
							"pivot": [1.7, 23.8, -34.85],
							"rotation": [-45, 0, 0],
							"uv": {
								"north": {"uv": [57, 28], "uv_size": [14, 4]},
								"east": {"uv": [57, 28], "uv_size": [14, 4]},
								"south": {"uv": [57, 28], "uv_size": [14, 4]},
								"west": {"uv": [57, 28], "uv_size": [14, 4]},
								"up": {"uv": [71, 32], "uv_size": [-14, -4]},
								"down": {"uv": [71, 32], "uv_size": [-14, -4]}
							}
						},
						{
							"origin": [-1.65, 23.7, -33.45],
							"size": [0.4, 0.3, 0.4],
							"pivot": [-1.4, 23.8, -32.85],
							"rotation": [-45, 0, 0],
							"uv": {
								"north": {"uv": [57, 28], "uv_size": [14, 4]},
								"east": {"uv": [57, 28], "uv_size": [14, 4]},
								"south": {"uv": [57, 28], "uv_size": [14, 4]},
								"west": {"uv": [57, 28], "uv_size": [14, 4]},
								"up": {"uv": [71, 32], "uv_size": [-14, -4]},
								"down": {"uv": [71, 32], "uv_size": [-14, -4]}
							}
						},
						{
							"origin": [-1.65, 23.08, -33.35],
							"size": [0.5, 0.3, 0.4],
							"pivot": [-1.3, 23.2, -32.75],
							"rotation": [-45, 0, 0],
							"uv": {
								"north": {"uv": [57, 28], "uv_size": [14, 4]},
								"east": {"uv": [57, 28], "uv_size": [14, 4]},
								"south": {"uv": [57, 28], "uv_size": [14, 4]},
								"west": {"uv": [57, 28], "uv_size": [14, 4]},
								"up": {"uv": [71, 32], "uv_size": [-14, -4]},
								"down": {"uv": [71, 32], "uv_size": [-14, -4]}
							}
						},
						{
							"origin": [-1.65, 23.18, -35.35],
							"size": [0.5, 0.2, 0.4],
							"pivot": [-1.3, 23.2, -34.75],
							"rotation": [-45, 0, 0],
							"uv": {
								"north": {"uv": [57, 28], "uv_size": [14, 4]},
								"east": {"uv": [57, 28], "uv_size": [14, 4]},
								"south": {"uv": [57, 28], "uv_size": [14, 4]},
								"west": {"uv": [57, 28], "uv_size": [14, 4]},
								"up": {"uv": [71, 32], "uv_size": [-14, -4]},
								"down": {"uv": [71, 32], "uv_size": [-14, -4]}
							}
						},
						{
							"origin": [-1.65, 23.7, -35.25],
							"size": [0.4, 0.4, 0.2],
							"pivot": [-1.4, 23.8, -34.85],
							"rotation": [-45, 0, 0],
							"uv": {
								"north": {"uv": [57, 28], "uv_size": [14, 4]},
								"east": {"uv": [57, 28], "uv_size": [14, 4]},
								"south": {"uv": [57, 28], "uv_size": [14, 4]},
								"west": {"uv": [57, 28], "uv_size": [14, 4]},
								"up": {"uv": [71, 32], "uv_size": [-14, -4]},
								"down": {"uv": [71, 32], "uv_size": [-14, -4]}
							}
						},
						{
							"origin": [-1.65, 23.7, -37.25],
							"size": [0.4, 0.3, 0.4],
							"pivot": [-1.4, 23.8, -36.65],
							"rotation": [-45, 0, 0],
							"uv": {
								"north": {"uv": [57, 28], "uv_size": [14, 4]},
								"east": {"uv": [57, 28], "uv_size": [14, 4]},
								"south": {"uv": [57, 28], "uv_size": [14, 4]},
								"west": {"uv": [57, 28], "uv_size": [14, 4]},
								"up": {"uv": [71, 32], "uv_size": [-14, -4]},
								"down": {"uv": [71, 32], "uv_size": [-14, -4]}
							}
						},
						{
							"origin": [-1.65, 23.08, -37.15],
							"size": [0.5, 0.3, 0.4],
							"pivot": [-1.3, 23.2, -36.55],
							"rotation": [-45, 0, 0],
							"uv": {
								"north": {"uv": [57, 28], "uv_size": [14, 4]},
								"east": {"uv": [57, 28], "uv_size": [14, 4]},
								"south": {"uv": [57, 28], "uv_size": [14, 4]},
								"west": {"uv": [57, 28], "uv_size": [14, 4]},
								"up": {"uv": [71, 32], "uv_size": [-14, -4]},
								"down": {"uv": [71, 32], "uv_size": [-14, -4]}
							}
						},
						{
							"origin": [-1.65, 23.18, -39.15],
							"size": [0.5, 0.2, 0.4],
							"pivot": [-1.3, 23.2, -38.55],
							"rotation": [-45, 0, 0],
							"uv": {
								"north": {"uv": [57, 28], "uv_size": [14, 4]},
								"east": {"uv": [57, 28], "uv_size": [14, 4]},
								"south": {"uv": [57, 28], "uv_size": [14, 4]},
								"west": {"uv": [57, 28], "uv_size": [14, 4]},
								"up": {"uv": [71, 32], "uv_size": [-14, -4]},
								"down": {"uv": [71, 32], "uv_size": [-14, -4]}
							}
						},
						{
							"origin": [-1.65, 23.7, -39.05],
							"size": [0.4, 0.4, 0.2],
							"pivot": [-1.4, 23.8, -38.65],
							"rotation": [-45, 0, 0],
							"uv": {
								"north": {"uv": [57, 28], "uv_size": [14, 4]},
								"east": {"uv": [57, 28], "uv_size": [14, 4]},
								"south": {"uv": [57, 28], "uv_size": [14, 4]},
								"west": {"uv": [57, 28], "uv_size": [14, 4]},
								"up": {"uv": [71, 32], "uv_size": [-14, -4]},
								"down": {"uv": [71, 32], "uv_size": [-14, -4]}
							}
						},
						{
							"origin": [-1.65, 23.18, -42.95],
							"size": [0.5, 0.2, 0.5],
							"pivot": [-1.3, 23.2, -42.35],
							"rotation": [-45, 0, 0],
							"uv": {
								"north": {"uv": [57, 28], "uv_size": [14, 4]},
								"east": {"uv": [57, 28], "uv_size": [14, 4]},
								"south": {"uv": [57, 28], "uv_size": [14, 4]},
								"west": {"uv": [57, 28], "uv_size": [14, 4]},
								"up": {"uv": [71, 32], "uv_size": [-14, -4]},
								"down": {"uv": [71, 32], "uv_size": [-14, -4]}
							}
						},
						{
							"origin": [-1.65, 23.7, -42.85],
							"size": [0.4, 0.4, 0.2],
							"pivot": [-1.4, 23.8, -42.45],
							"rotation": [-45, 0, 0],
							"uv": {
								"north": {"uv": [57, 28], "uv_size": [14, 4]},
								"east": {"uv": [57, 28], "uv_size": [14, 4]},
								"south": {"uv": [57, 28], "uv_size": [14, 4]},
								"west": {"uv": [57, 28], "uv_size": [14, 4]},
								"up": {"uv": [71, 32], "uv_size": [-14, -4]},
								"down": {"uv": [71, 32], "uv_size": [-14, -4]}
							}
						},
						{
							"origin": [-1.65, 23.08, -40.95],
							"size": [0.5, 0.3, 0.4],
							"pivot": [-1.3, 23.2, -40.35],
							"rotation": [-45, 0, 0],
							"uv": {
								"north": {"uv": [57, 28], "uv_size": [14, 4]},
								"east": {"uv": [57, 28], "uv_size": [14, 4]},
								"south": {"uv": [57, 28], "uv_size": [14, 4]},
								"west": {"uv": [57, 28], "uv_size": [14, 4]},
								"up": {"uv": [71, 32], "uv_size": [-14, -4]},
								"down": {"uv": [71, 32], "uv_size": [-14, -4]}
							}
						},
						{
							"origin": [1.35, 23.2, -46.35],
							"size": [0.5, 0.6, 3.7],
							"uv": {
								"north": {"uv": [71, 28], "uv_size": [-14, 4]},
								"east": {"uv": [71, 28], "uv_size": [-14, 4]},
								"south": {"uv": [71, 28], "uv_size": [-14, 4]},
								"west": {"uv": [71, 28], "uv_size": [-14, 4]},
								"up": {"uv": [57, 32], "uv_size": [14, -4]},
								"down": {"uv": [57, 32], "uv_size": [14, -4]}
							}
						},
						{
							"origin": [1.35, 23.18, -42.95],
							"size": [0.5, 0.2, 0.5],
							"pivot": [1.5, 23.2, -42.35],
							"rotation": [-45, 0, 0],
							"uv": {
								"north": {"uv": [71, 28], "uv_size": [-14, 4]},
								"east": {"uv": [71, 28], "uv_size": [-14, 4]},
								"south": {"uv": [71, 28], "uv_size": [-14, 4]},
								"west": {"uv": [71, 28], "uv_size": [-14, 4]},
								"up": {"uv": [57, 32], "uv_size": [14, -4]},
								"down": {"uv": [57, 32], "uv_size": [14, -4]}
							}
						},
						{
							"origin": [1.35, 23.08, -40.95],
							"size": [0.5, 0.3, 0.4],
							"pivot": [1.5, 23.2, -40.35],
							"rotation": [-45, 0, 0],
							"uv": {
								"north": {"uv": [71, 28], "uv_size": [-14, 4]},
								"east": {"uv": [71, 28], "uv_size": [-14, 4]},
								"south": {"uv": [71, 28], "uv_size": [-14, 4]},
								"west": {"uv": [71, 28], "uv_size": [-14, 4]},
								"up": {"uv": [57, 32], "uv_size": [14, -4]},
								"down": {"uv": [57, 32], "uv_size": [14, -4]}
							}
						},
						{
							"origin": [1.35, 23.2, -40.65],
							"size": [0.5, 0.6, 1.8],
							"uv": {
								"north": {"uv": [71, 28], "uv_size": [-14, 4]},
								"east": {"uv": [71, 28], "uv_size": [-14, 4]},
								"south": {"uv": [71, 28], "uv_size": [-14, 4]},
								"west": {"uv": [71, 28], "uv_size": [-14, 4]},
								"up": {"uv": [57, 32], "uv_size": [14, -4]},
								"down": {"uv": [57, 32], "uv_size": [14, -4]}
							}
						},
						{
							"origin": [1.35, 23.18, -39.15],
							"size": [0.5, 0.2, 0.4],
							"pivot": [1.5, 23.2, -38.55],
							"rotation": [-45, 0, 0],
							"uv": {
								"north": {"uv": [71, 28], "uv_size": [-14, 4]},
								"east": {"uv": [71, 28], "uv_size": [-14, 4]},
								"south": {"uv": [71, 28], "uv_size": [-14, 4]},
								"west": {"uv": [71, 28], "uv_size": [-14, 4]},
								"up": {"uv": [57, 32], "uv_size": [14, -4]},
								"down": {"uv": [57, 32], "uv_size": [14, -4]}
							}
						},
						{
							"origin": [1.35, 23.08, -37.15],
							"size": [0.5, 0.3, 0.4],
							"pivot": [1.5, 23.2, -36.55],
							"rotation": [-45, 0, 0],
							"uv": {
								"north": {"uv": [71, 28], "uv_size": [-14, 4]},
								"east": {"uv": [71, 28], "uv_size": [-14, 4]},
								"south": {"uv": [71, 28], "uv_size": [-14, 4]},
								"west": {"uv": [71, 28], "uv_size": [-14, 4]},
								"up": {"uv": [57, 32], "uv_size": [14, -4]},
								"down": {"uv": [57, 32], "uv_size": [14, -4]}
							}
						},
						{
							"origin": [1.35, 23.2, -36.85],
							"size": [0.5, 0.6, 1.8],
							"uv": {
								"north": {"uv": [71, 28], "uv_size": [-14, 4]},
								"east": {"uv": [71, 28], "uv_size": [-14, 4]},
								"south": {"uv": [71, 28], "uv_size": [-14, 4]},
								"west": {"uv": [71, 28], "uv_size": [-14, 4]},
								"up": {"uv": [57, 32], "uv_size": [14, -4]},
								"down": {"uv": [57, 32], "uv_size": [14, -4]}
							}
						},
						{
							"origin": [1.35, 23.18, -35.35],
							"size": [0.5, 0.2, 0.4],
							"pivot": [1.5, 23.2, -34.75],
							"rotation": [-45, 0, 0],
							"uv": {
								"north": {"uv": [71, 28], "uv_size": [-14, 4]},
								"east": {"uv": [71, 28], "uv_size": [-14, 4]},
								"south": {"uv": [71, 28], "uv_size": [-14, 4]},
								"west": {"uv": [71, 28], "uv_size": [-14, 4]},
								"up": {"uv": [57, 32], "uv_size": [14, -4]},
								"down": {"uv": [57, 32], "uv_size": [14, -4]}
							}
						},
						{
							"origin": [1.35, 23.08, -33.35],
							"size": [0.5, 0.3, 0.4],
							"pivot": [1.5, 23.2, -32.75],
							"rotation": [-45, 0, 0],
							"uv": {
								"north": {"uv": [71, 28], "uv_size": [-14, 4]},
								"east": {"uv": [71, 28], "uv_size": [-14, 4]},
								"south": {"uv": [71, 28], "uv_size": [-14, 4]},
								"west": {"uv": [71, 28], "uv_size": [-14, 4]},
								"up": {"uv": [57, 32], "uv_size": [14, -4]},
								"down": {"uv": [57, 32], "uv_size": [14, -4]}
							}
						},
						{
							"origin": [1.35, 23.2, -33.05],
							"size": [0.5, 0.6, 6.4],
							"uv": {
								"north": {"uv": [71, 28], "uv_size": [-14, 4]},
								"east": {"uv": [71, 28], "uv_size": [-14, 4]},
								"south": {"uv": [71, 28], "uv_size": [-14, 4]},
								"west": {"uv": [71, 28], "uv_size": [-14, 4]},
								"up": {"uv": [57, 32], "uv_size": [14, -4]},
								"down": {"uv": [57, 32], "uv_size": [14, -4]}
							}
						},
						{
							"origin": [-1.65, 23.7, -41.05],
							"size": [0.4, 0.3, 0.4],
							"pivot": [-1.4, 23.8, -40.45],
							"rotation": [-45, 0, 0],
							"uv": {
								"north": {"uv": [57, 28], "uv_size": [14, 4]},
								"east": {"uv": [57, 28], "uv_size": [14, 4]},
								"south": {"uv": [57, 28], "uv_size": [14, 4]},
								"west": {"uv": [57, 28], "uv_size": [14, 4]},
								"up": {"uv": [71, 32], "uv_size": [-14, -4]},
								"down": {"uv": [71, 32], "uv_size": [-14, -4]}
							}
						},
						{
							"origin": [-0.77, 26.8, -46.29],
							"size": [1.7, 0.6, 15.76],
							"inflate": 0.001,
							"uv": {
								"north": {"uv": [73, 10], "uv_size": [29, 1]},
								"east": {"uv": [73, 10], "uv_size": [29, 1]},
								"south": {"uv": [73, 10], "uv_size": [29, 1]},
								"west": {"uv": [73, 10], "uv_size": [29, 1]},
								"up": {"uv": [102, 11], "uv_size": [-29, -1]},
								"down": {"uv": [102, 11], "uv_size": [-29, -1]}
							}
						},
						{
							"origin": [4.647, 27.5, -31.85],
							"size": [0.3, 0.3, 0.6],
							"inflate": 0.001,
							"pivot": [3.06, 22.9, -44],
							"rotation": [0, 0, -45],
							"uv": {
								"north": {"uv": [113, 11], "uv_size": [1, 1]},
								"east": {"uv": [12, 113], "uv_size": [1, 1]},
								"south": {"uv": [113, 12], "uv_size": [1, 1]},
								"west": {"uv": [13, 113], "uv_size": [1, 1]},
								"up": {"uv": [113, 13], "uv_size": [1, 1]},
								"down": {"uv": [14, 114], "uv_size": [1, -1]}
							}
						},
						{
							"origin": [2.947, 27.5, -31.85],
							"size": [0.3, 0.3, 0.6],
							"inflate": 0.001,
							"pivot": [1.36, 22.9, -44],
							"rotation": [0, 0, -45],
							"uv": {
								"north": {"uv": [113, 14], "uv_size": [1, 1]},
								"east": {"uv": [15, 113], "uv_size": [1, 1]},
								"south": {"uv": [113, 15], "uv_size": [1, 1]},
								"west": {"uv": [16, 113], "uv_size": [1, 1]},
								"up": {"uv": [113, 16], "uv_size": [1, 1]},
								"down": {"uv": [17, 114], "uv_size": [1, -1]}
							}
						},
						{
							"origin": [-0.77, 27.4, -31.85],
							"size": [1.7, 0.3, 0.6],
							"inflate": 0.001,
							"uv": {
								"north": {"uv": [113, 17], "uv_size": [1, 1]},
								"east": {"uv": [18, 113], "uv_size": [1, 1]},
								"south": {"uv": [113, 18], "uv_size": [1, 1]},
								"west": {"uv": [19, 113], "uv_size": [1, 1]},
								"up": {"uv": [113, 19], "uv_size": [1, 1]},
								"down": {"uv": [20, 114], "uv_size": [1, -1]}
							}
						},
						{
							"origin": [4.647, 27.5, -33.15],
							"size": [0.3, 0.3, 0.6],
							"inflate": 0.001,
							"pivot": [3.06, 22.9, -45.3],
							"rotation": [0, 0, -45],
							"uv": {
								"north": {"uv": [113, 20], "uv_size": [1, 1]},
								"east": {"uv": [21, 113], "uv_size": [1, 1]},
								"south": {"uv": [113, 21], "uv_size": [1, 1]},
								"west": {"uv": [22, 113], "uv_size": [1, 1]},
								"up": {"uv": [113, 22], "uv_size": [1, 1]},
								"down": {"uv": [23, 114], "uv_size": [1, -1]}
							}
						},
						{
							"origin": [-0.77, 27.4, -33.15],
							"size": [1.7, 0.3, 0.6],
							"inflate": 0.001,
							"uv": {
								"north": {"uv": [113, 23], "uv_size": [1, 1]},
								"east": {"uv": [24, 113], "uv_size": [1, 1]},
								"south": {"uv": [113, 24], "uv_size": [1, 1]},
								"west": {"uv": [25, 113], "uv_size": [1, 1]},
								"up": {"uv": [113, 25], "uv_size": [1, 1]},
								"down": {"uv": [26, 114], "uv_size": [1, -1]}
							}
						},
						{
							"origin": [2.947, 27.5, -33.15],
							"size": [0.3, 0.3, 0.6],
							"inflate": 0.001,
							"pivot": [1.36, 22.9, -45.3],
							"rotation": [0, 0, -45],
							"uv": {
								"north": {"uv": [113, 26], "uv_size": [1, 1]},
								"east": {"uv": [27, 113], "uv_size": [1, 1]},
								"south": {"uv": [113, 27], "uv_size": [1, 1]},
								"west": {"uv": [28, 113], "uv_size": [1, 1]},
								"up": {"uv": [113, 28], "uv_size": [1, 1]},
								"down": {"uv": [29, 114], "uv_size": [1, -1]}
							}
						},
						{
							"origin": [4.647, 27.5, -34.45],
							"size": [0.3, 0.3, 0.6],
							"inflate": 0.001,
							"pivot": [3.06, 22.9, -46.6],
							"rotation": [0, 0, -45],
							"uv": {
								"north": {"uv": [113, 29], "uv_size": [1, 1]},
								"east": {"uv": [30, 113], "uv_size": [1, 1]},
								"south": {"uv": [113, 30], "uv_size": [1, 1]},
								"west": {"uv": [31, 113], "uv_size": [1, 1]},
								"up": {"uv": [113, 31], "uv_size": [1, 1]},
								"down": {"uv": [32, 114], "uv_size": [1, -1]}
							}
						},
						{
							"origin": [2.947, 27.5, -34.45],
							"size": [0.3, 0.3, 0.6],
							"inflate": 0.001,
							"pivot": [1.36, 22.9, -46.6],
							"rotation": [0, 0, -45],
							"uv": {
								"north": {"uv": [113, 32], "uv_size": [1, 1]},
								"east": {"uv": [33, 113], "uv_size": [1, 1]},
								"south": {"uv": [113, 33], "uv_size": [1, 1]},
								"west": {"uv": [34, 113], "uv_size": [1, 1]},
								"up": {"uv": [113, 34], "uv_size": [1, 1]},
								"down": {"uv": [35, 114], "uv_size": [1, -1]}
							}
						},
						{
							"origin": [-0.77, 27.4, -34.45],
							"size": [1.7, 0.3, 0.6],
							"inflate": 0.001,
							"uv": {
								"north": {"uv": [113, 35], "uv_size": [1, 1]},
								"east": {"uv": [36, 113], "uv_size": [1, 1]},
								"south": {"uv": [113, 36], "uv_size": [1, 1]},
								"west": {"uv": [37, 113], "uv_size": [1, 1]},
								"up": {"uv": [113, 37], "uv_size": [1, 1]},
								"down": {"uv": [38, 114], "uv_size": [1, -1]}
							}
						},
						{
							"origin": [4.647, 27.5, -35.75],
							"size": [0.3, 0.3, 0.6],
							"inflate": 0.001,
							"pivot": [3.06, 22.9, -47.9],
							"rotation": [0, 0, -45],
							"uv": {
								"north": {"uv": [113, 38], "uv_size": [1, 1]},
								"east": {"uv": [39, 113], "uv_size": [1, 1]},
								"south": {"uv": [113, 39], "uv_size": [1, 1]},
								"west": {"uv": [40, 113], "uv_size": [1, 1]},
								"up": {"uv": [113, 40], "uv_size": [1, 1]},
								"down": {"uv": [41, 114], "uv_size": [1, -1]}
							}
						},
						{
							"origin": [-0.77, 27.4, -35.75],
							"size": [1.7, 0.3, 0.6],
							"inflate": 0.001,
							"uv": {
								"north": {"uv": [113, 41], "uv_size": [1, 1]},
								"east": {"uv": [42, 113], "uv_size": [1, 1]},
								"south": {"uv": [113, 42], "uv_size": [1, 1]},
								"west": {"uv": [43, 113], "uv_size": [1, 1]},
								"up": {"uv": [113, 43], "uv_size": [1, 1]},
								"down": {"uv": [44, 114], "uv_size": [1, -1]}
							}
						},
						{
							"origin": [2.947, 27.5, -35.75],
							"size": [0.3, 0.3, 0.6],
							"inflate": 0.001,
							"pivot": [1.36, 22.9, -47.9],
							"rotation": [0, 0, -45],
							"uv": {
								"north": {"uv": [113, 44], "uv_size": [1, 1]},
								"east": {"uv": [45, 113], "uv_size": [1, 1]},
								"south": {"uv": [113, 45], "uv_size": [1, 1]},
								"west": {"uv": [46, 113], "uv_size": [1, 1]},
								"up": {"uv": [113, 46], "uv_size": [1, 1]},
								"down": {"uv": [47, 114], "uv_size": [1, -1]}
							}
						},
						{
							"origin": [4.647, 27.5, -37.05],
							"size": [0.3, 0.3, 0.6],
							"inflate": 0.001,
							"pivot": [3.06, 22.9, -49.2],
							"rotation": [0, 0, -45],
							"uv": {
								"north": {"uv": [113, 47], "uv_size": [1, 1]},
								"east": {"uv": [48, 113], "uv_size": [1, 1]},
								"south": {"uv": [113, 48], "uv_size": [1, 1]},
								"west": {"uv": [49, 113], "uv_size": [1, 1]},
								"up": {"uv": [113, 49], "uv_size": [1, 1]},
								"down": {"uv": [50, 114], "uv_size": [1, -1]}
							}
						},
						{
							"origin": [2.947, 27.5, -37.05],
							"size": [0.3, 0.3, 0.6],
							"inflate": 0.001,
							"pivot": [1.36, 22.9, -49.2],
							"rotation": [0, 0, -45],
							"uv": {
								"north": {"uv": [113, 50], "uv_size": [1, 1]},
								"east": {"uv": [51, 113], "uv_size": [1, 1]},
								"south": {"uv": [113, 51], "uv_size": [1, 1]},
								"west": {"uv": [52, 113], "uv_size": [1, 1]},
								"up": {"uv": [113, 52], "uv_size": [1, 1]},
								"down": {"uv": [53, 114], "uv_size": [1, -1]}
							}
						},
						{
							"origin": [-0.77, 27.4, -37.05],
							"size": [1.7, 0.3, 0.6],
							"inflate": 0.001,
							"uv": {
								"north": {"uv": [113, 53], "uv_size": [1, 1]},
								"east": {"uv": [54, 113], "uv_size": [1, 1]},
								"south": {"uv": [113, 54], "uv_size": [1, 1]},
								"west": {"uv": [55, 113], "uv_size": [1, 1]},
								"up": {"uv": [113, 55], "uv_size": [1, 1]},
								"down": {"uv": [56, 114], "uv_size": [1, -1]}
							}
						},
						{
							"origin": [4.647, 27.5, -38.35],
							"size": [0.3, 0.3, 0.6],
							"inflate": 0.001,
							"pivot": [3.06, 22.9, -50.5],
							"rotation": [0, 0, -45],
							"uv": {
								"north": {"uv": [113, 56], "uv_size": [1, 1]},
								"east": {"uv": [57, 113], "uv_size": [1, 1]},
								"south": {"uv": [113, 57], "uv_size": [1, 1]},
								"west": {"uv": [58, 113], "uv_size": [1, 1]},
								"up": {"uv": [113, 58], "uv_size": [1, 1]},
								"down": {"uv": [59, 114], "uv_size": [1, -1]}
							}
						},
						{
							"origin": [-0.77, 27.4, -38.35],
							"size": [1.7, 0.3, 0.6],
							"inflate": 0.001,
							"uv": {
								"north": {"uv": [113, 59], "uv_size": [1, 1]},
								"east": {"uv": [60, 113], "uv_size": [1, 1]},
								"south": {"uv": [113, 60], "uv_size": [1, 1]},
								"west": {"uv": [61, 113], "uv_size": [1, 1]},
								"up": {"uv": [113, 61], "uv_size": [1, 1]},
								"down": {"uv": [62, 114], "uv_size": [1, -1]}
							}
						},
						{
							"origin": [2.947, 27.5, -38.35],
							"size": [0.3, 0.3, 0.6],
							"inflate": 0.001,
							"pivot": [1.36, 22.9, -50.5],
							"rotation": [0, 0, -45],
							"uv": {
								"north": {"uv": [113, 62], "uv_size": [1, 1]},
								"east": {"uv": [63, 113], "uv_size": [1, 1]},
								"south": {"uv": [113, 63], "uv_size": [1, 1]},
								"west": {"uv": [64, 113], "uv_size": [1, 1]},
								"up": {"uv": [113, 64], "uv_size": [1, 1]},
								"down": {"uv": [65, 114], "uv_size": [1, -1]}
							}
						},
						{
							"origin": [4.647, 27.5, -39.65],
							"size": [0.3, 0.3, 0.6],
							"inflate": 0.001,
							"pivot": [3.06, 22.9, -51.8],
							"rotation": [0, 0, -45],
							"uv": {
								"north": {"uv": [113, 65], "uv_size": [1, 1]},
								"east": {"uv": [66, 113], "uv_size": [1, 1]},
								"south": {"uv": [113, 66], "uv_size": [1, 1]},
								"west": {"uv": [67, 113], "uv_size": [1, 1]},
								"up": {"uv": [113, 67], "uv_size": [1, 1]},
								"down": {"uv": [68, 114], "uv_size": [1, -1]}
							}
						},
						{
							"origin": [2.947, 27.5, -39.65],
							"size": [0.3, 0.3, 0.6],
							"inflate": 0.001,
							"pivot": [1.36, 22.9, -51.8],
							"rotation": [0, 0, -45],
							"uv": {
								"north": {"uv": [113, 68], "uv_size": [1, 1]},
								"east": {"uv": [69, 113], "uv_size": [1, 1]},
								"south": {"uv": [113, 69], "uv_size": [1, 1]},
								"west": {"uv": [70, 113], "uv_size": [1, 1]},
								"up": {"uv": [113, 70], "uv_size": [1, 1]},
								"down": {"uv": [71, 114], "uv_size": [1, -1]}
							}
						},
						{
							"origin": [-0.77, 27.4, -39.65],
							"size": [1.7, 0.3, 0.6],
							"inflate": 0.001,
							"uv": {
								"north": {"uv": [113, 71], "uv_size": [1, 1]},
								"east": {"uv": [72, 113], "uv_size": [1, 1]},
								"south": {"uv": [113, 72], "uv_size": [1, 1]},
								"west": {"uv": [73, 113], "uv_size": [1, 1]},
								"up": {"uv": [113, 73], "uv_size": [1, 1]},
								"down": {"uv": [74, 114], "uv_size": [1, -1]}
							}
						},
						{
							"origin": [4.647, 27.5, -40.95],
							"size": [0.3, 0.3, 0.6],
							"inflate": 0.001,
							"pivot": [3.06, 22.9, -53.1],
							"rotation": [0, 0, -45],
							"uv": {
								"north": {"uv": [113, 74], "uv_size": [1, 1]},
								"east": {"uv": [75, 113], "uv_size": [1, 1]},
								"south": {"uv": [113, 75], "uv_size": [1, 1]},
								"west": {"uv": [76, 113], "uv_size": [1, 1]},
								"up": {"uv": [113, 76], "uv_size": [1, 1]},
								"down": {"uv": [77, 114], "uv_size": [1, -1]}
							}
						},
						{
							"origin": [-0.77, 27.4, -40.95],
							"size": [1.7, 0.3, 0.6],
							"inflate": 0.001,
							"uv": {
								"north": {"uv": [113, 77], "uv_size": [1, 1]},
								"east": {"uv": [78, 113], "uv_size": [1, 1]},
								"south": {"uv": [113, 78], "uv_size": [1, 1]},
								"west": {"uv": [79, 113], "uv_size": [1, 1]},
								"up": {"uv": [113, 79], "uv_size": [1, 1]},
								"down": {"uv": [80, 114], "uv_size": [1, -1]}
							}
						},
						{
							"origin": [2.947, 27.5, -40.95],
							"size": [0.3, 0.3, 0.6],
							"inflate": 0.001,
							"pivot": [1.36, 22.9, -53.1],
							"rotation": [0, 0, -45],
							"uv": {
								"north": {"uv": [113, 80], "uv_size": [1, 1]},
								"east": {"uv": [81, 113], "uv_size": [1, 1]},
								"south": {"uv": [113, 81], "uv_size": [1, 1]},
								"west": {"uv": [82, 113], "uv_size": [1, 1]},
								"up": {"uv": [113, 82], "uv_size": [1, 1]},
								"down": {"uv": [83, 114], "uv_size": [1, -1]}
							}
						},
						{
							"origin": [4.647, 27.5, -42.25],
							"size": [0.3, 0.3, 0.6],
							"inflate": 0.001,
							"pivot": [3.06, 22.9, -54.4],
							"rotation": [0, 0, -45],
							"uv": {
								"north": {"uv": [113, 83], "uv_size": [1, 1]},
								"east": {"uv": [84, 113], "uv_size": [1, 1]},
								"south": {"uv": [113, 84], "uv_size": [1, 1]},
								"west": {"uv": [85, 113], "uv_size": [1, 1]},
								"up": {"uv": [113, 85], "uv_size": [1, 1]},
								"down": {"uv": [86, 114], "uv_size": [1, -1]}
							}
						},
						{
							"origin": [2.947, 27.5, -42.25],
							"size": [0.3, 0.3, 0.6],
							"inflate": 0.001,
							"pivot": [1.36, 22.9, -54.4],
							"rotation": [0, 0, -45],
							"uv": {
								"north": {"uv": [113, 86], "uv_size": [1, 1]},
								"east": {"uv": [87, 113], "uv_size": [1, 1]},
								"south": {"uv": [113, 87], "uv_size": [1, 1]},
								"west": {"uv": [88, 113], "uv_size": [1, 1]},
								"up": {"uv": [113, 88], "uv_size": [1, 1]},
								"down": {"uv": [89, 114], "uv_size": [1, -1]}
							}
						},
						{
							"origin": [-0.77, 27.4, -42.25],
							"size": [1.7, 0.3, 0.6],
							"inflate": 0.001,
							"uv": {
								"north": {"uv": [113, 89], "uv_size": [1, 1]},
								"east": {"uv": [90, 113], "uv_size": [1, 1]},
								"south": {"uv": [113, 90], "uv_size": [1, 1]},
								"west": {"uv": [91, 113], "uv_size": [1, 1]},
								"up": {"uv": [113, 91], "uv_size": [1, 1]},
								"down": {"uv": [92, 114], "uv_size": [1, -1]}
							}
						},
						{
							"origin": [4.647, 27.5, -43.55],
							"size": [0.3, 0.3, 0.6],
							"inflate": 0.001,
							"pivot": [3.06, 22.9, -55.7],
							"rotation": [0, 0, -45],
							"uv": {
								"north": {"uv": [113, 92], "uv_size": [1, 1]},
								"east": {"uv": [93, 113], "uv_size": [1, 1]},
								"south": {"uv": [113, 93], "uv_size": [1, 1]},
								"west": {"uv": [94, 113], "uv_size": [1, 1]},
								"up": {"uv": [113, 94], "uv_size": [1, 1]},
								"down": {"uv": [95, 114], "uv_size": [1, -1]}
							}
						},
						{
							"origin": [-0.77, 27.4, -43.55],
							"size": [1.7, 0.3, 0.6],
							"inflate": 0.001,
							"uv": {
								"north": {"uv": [113, 95], "uv_size": [1, 1]},
								"east": {"uv": [96, 113], "uv_size": [1, 1]},
								"south": {"uv": [113, 96], "uv_size": [1, 1]},
								"west": {"uv": [97, 113], "uv_size": [1, 1]},
								"up": {"uv": [113, 97], "uv_size": [1, 1]},
								"down": {"uv": [98, 114], "uv_size": [1, -1]}
							}
						},
						{
							"origin": [2.947, 27.5, -43.55],
							"size": [0.3, 0.3, 0.6],
							"inflate": 0.001,
							"pivot": [1.36, 22.9, -55.7],
							"rotation": [0, 0, -45],
							"uv": {
								"north": {"uv": [113, 98], "uv_size": [1, 1]},
								"east": {"uv": [99, 113], "uv_size": [1, 1]},
								"south": {"uv": [113, 99], "uv_size": [1, 1]},
								"west": {"uv": [100, 113], "uv_size": [1, 1]},
								"up": {"uv": [113, 100], "uv_size": [1, 1]},
								"down": {"uv": [101, 114], "uv_size": [1, -1]}
							}
						},
						{
							"origin": [4.647, 27.5, -44.85],
							"size": [0.3, 0.3, 0.6],
							"inflate": 0.001,
							"pivot": [3.06, 22.9, -57],
							"rotation": [0, 0, -45],
							"uv": {
								"north": {"uv": [113, 101], "uv_size": [1, 1]},
								"east": {"uv": [102, 113], "uv_size": [1, 1]},
								"south": {"uv": [113, 102], "uv_size": [1, 1]},
								"west": {"uv": [103, 113], "uv_size": [1, 1]},
								"up": {"uv": [113, 103], "uv_size": [1, 1]},
								"down": {"uv": [104, 114], "uv_size": [1, -1]}
							}
						},
						{
							"origin": [2.947, 27.5, -44.85],
							"size": [0.3, 0.3, 0.6],
							"inflate": 0.001,
							"pivot": [1.36, 22.9, -57],
							"rotation": [0, 0, -45],
							"uv": {
								"north": {"uv": [113, 104], "uv_size": [1, 1]},
								"east": {"uv": [105, 113], "uv_size": [1, 1]},
								"south": {"uv": [113, 105], "uv_size": [1, 1]},
								"west": {"uv": [106, 113], "uv_size": [1, 1]},
								"up": {"uv": [113, 106], "uv_size": [1, 1]},
								"down": {"uv": [107, 114], "uv_size": [1, -1]}
							}
						},
						{
							"origin": [-0.77, 27.4, -44.85],
							"size": [1.7, 0.3, 0.6],
							"inflate": 0.001,
							"uv": {
								"north": {"uv": [113, 107], "uv_size": [1, 1]},
								"east": {"uv": [108, 113], "uv_size": [1, 1]},
								"south": {"uv": [113, 108], "uv_size": [1, 1]},
								"west": {"uv": [109, 113], "uv_size": [1, 1]},
								"up": {"uv": [113, 109], "uv_size": [1, 1]},
								"down": {"uv": [110, 114], "uv_size": [1, -1]}
							}
						},
						{
							"origin": [4.647, 27.5, -46.15],
							"size": [0.3, 0.3, 0.6],
							"inflate": 0.001,
							"pivot": [3.06, 22.9, -58.3],
							"rotation": [0, 0, -45],
							"uv": {
								"north": {"uv": [113, 110], "uv_size": [1, 1]},
								"east": {"uv": [111, 113], "uv_size": [1, 1]},
								"south": {"uv": [113, 111], "uv_size": [1, 1]},
								"west": {"uv": [112, 113], "uv_size": [1, 1]},
								"up": {"uv": [113, 112], "uv_size": [1, 1]},
								"down": {"uv": [113, 114], "uv_size": [1, -1]}
							}
						},
						{
							"origin": [-0.77, 27.4, -46.15],
							"size": [1.7, 0.3, 0.6],
							"inflate": 0.001,
							"uv": {
								"north": {"uv": [0, 114], "uv_size": [1, 1]},
								"east": {"uv": [114, 0], "uv_size": [1, 1]},
								"south": {"uv": [1, 114], "uv_size": [1, 1]},
								"west": {"uv": [114, 1], "uv_size": [1, 1]},
								"up": {"uv": [2, 114], "uv_size": [1, 1]},
								"down": {"uv": [114, 3], "uv_size": [1, -1]}
							}
						},
						{
							"origin": [2.947, 27.5, -46.15],
							"size": [0.3, 0.3, 0.6],
							"inflate": 0.001,
							"pivot": [1.36, 22.9, -58.3],
							"rotation": [0, 0, -45],
							"uv": {
								"north": {"uv": [3, 114], "uv_size": [1, 1]},
								"east": {"uv": [114, 3], "uv_size": [1, 1]},
								"south": {"uv": [4, 114], "uv_size": [1, 1]},
								"west": {"uv": [114, 4], "uv_size": [1, 1]},
								"up": {"uv": [5, 114], "uv_size": [1, 1]},
								"down": {"uv": [114, 6], "uv_size": [1, -1]}
							}
						},
						{
							"origin": [1.45, 19.00678, -46.12137],
							"size": [0.5, 1.2, 19.4],
							"pivot": [2.2, 20.30678, -36.62137],
							"rotation": [0, 0, 40],
							"uv": {
								"north": {"uv": [57, 36], "uv_size": [14, -4]},
								"east": {"uv": [57, 36], "uv_size": [14, -4]},
								"south": {"uv": [57, 36], "uv_size": [14, -4]},
								"west": {"uv": [75, 74], "uv_size": [5, 5]},
								"up": {"uv": [71, 32], "uv_size": [-14, 4]},
								"down": {"uv": [71, 32], "uv_size": [-14, 4]}
							}
						},
						{
							"origin": [-1.95, 19.65678, -46.12137],
							"size": [0.5, 1.25, 19.4],
							"pivot": [-1.2, 20.90678, -36.62137],
							"rotation": [0, 0, -40],
							"uv": {
								"north": {"uv": [57, 32], "uv_size": [14, -4]},
								"east": {"uv": [75, 74], "uv_size": [5, 5]},
								"south": {"uv": [57, 32], "uv_size": [14, -4]},
								"west": {"uv": [57, 32], "uv_size": [14, -4]},
								"up": {"uv": [71, 28], "uv_size": [-14, 4]},
								"down": {"uv": [71, 28], "uv_size": [-14, 4]}
							}
						},
						{
							"origin": [0.05, 17.41678, -46.32137],
							"size": [0.5, 2.16, 19.6],
							"pivot": [0.8, 19.20678, -36.62137],
							"rotation": [0, 0, 90],
							"uv": {
								"north": {"uv": [57, 32], "uv_size": [14, -4]},
								"east": {"uv": [57, 32], "uv_size": [14, -4]},
								"south": {"uv": [57, 32], "uv_size": [14, -4]},
								"west": {"uv": [57, 32], "uv_size": [14, -4]},
								"up": {"uv": [71, 28], "uv_size": [-14, 4]},
								"down": {"uv": [71, 28], "uv_size": [-14, 4]}
							}
						},
						{
							"origin": [1.45, 19, -46.35],
							"size": [0.5, 1.2, 0.9],
							"pivot": [2.2, 20.3, -38.55],
							"rotation": [0, 0, 40],
							"uv": {
								"north": {"uv": [57, 36], "uv_size": [14, -4]},
								"east": {"uv": [57, 36], "uv_size": [14, -4]},
								"south": {"uv": [57, 36], "uv_size": [14, -4]},
								"west": {"uv": [75, 74], "uv_size": [5, 5]},
								"up": {"uv": [71, 32], "uv_size": [-14, 4]},
								"down": {"uv": [71, 32], "uv_size": [-14, 4]}
							}
						},
						{
							"origin": [1.45, 19, -46.75],
							"size": [0.5, 1.2, 0.4],
							"pivot": [2.2, 20.3, -38.55],
							"rotation": [0, 0, 40],
							"uv": {
								"north": {"uv": [99, 22], "uv_size": [4, -2]},
								"east": {"uv": [99, 22], "uv_size": [4, -2]},
								"south": {"uv": [99, 22], "uv_size": [4, -2]},
								"west": {"uv": [99, 22], "uv_size": [4, -2]},
								"up": {"uv": [103, 20], "uv_size": [-4, 2]},
								"down": {"uv": [103, 20], "uv_size": [-4, 2]}
							}
						},
						{
							"origin": [0.05, 17.41, -46.75],
							"size": [0.5, 2.16, 0.4],
							"pivot": [0.8, 19.2, -38.55],
							"rotation": [0, 0, 90],
							"uv": {
								"north": {"uv": [99, 22], "uv_size": [4, -2]},
								"east": {"uv": [99, 22], "uv_size": [4, -2]},
								"south": {"uv": [99, 22], "uv_size": [4, -2]},
								"west": {"uv": [99, 22], "uv_size": [4, -2]},
								"up": {"uv": [103, 20], "uv_size": [-4, 2]},
								"down": {"uv": [103, 20], "uv_size": [-4, 2]}
							}
						},
						{
							"origin": [-1.95, 19.65, -46.75],
							"size": [0.5, 1.25, 0.4],
							"pivot": [-1.2, 20.9, -38.55],
							"rotation": [0, 0, -40],
							"uv": {
								"north": {"uv": [99, 22], "uv_size": [4, -2]},
								"east": {"uv": [99, 22], "uv_size": [4, -2]},
								"south": {"uv": [99, 22], "uv_size": [4, -2]},
								"west": {"uv": [99, 22], "uv_size": [4, -2]},
								"up": {"uv": [103, 20], "uv_size": [-4, 2]},
								"down": {"uv": [103, 20], "uv_size": [-4, 2]}
							}
						},
						{
							"origin": [-1.95, 19.65, -46.35],
							"size": [0.5, 1.25, 0.8],
							"pivot": [-1.2, 20.9, -38.55],
							"rotation": [0, 0, -40],
							"uv": {
								"north": {"uv": [57, 32], "uv_size": [14, -4]},
								"east": {"uv": [75, 74], "uv_size": [5, 5]},
								"south": {"uv": [57, 32], "uv_size": [14, -4]},
								"west": {"uv": [57, 32], "uv_size": [14, -4]},
								"up": {"uv": [71, 28], "uv_size": [-14, 4]},
								"down": {"uv": [71, 28], "uv_size": [-14, 4]}
							}
						},
						{
							"origin": [1.35, 20.4, -46.35],
							"size": [0.6, 3.1, 14.5],
							"uv": {
								"north": {"uv": [104, 103], "uv_size": [1, 4]},
								"east": {"uv": [57, 28], "uv_size": [14, 4]},
								"south": {"uv": [60, 105], "uv_size": [1, 4]},
								"west": {"uv": [75, 74], "uv_size": [5, 5]},
								"up": {"uv": [84, 88], "uv_size": [1, 14]},
								"down": {"uv": [3, 103], "uv_size": [1, -14]}
							}
						},
						{
							"origin": [1.35, 20.4, -46.75],
							"size": [0.6, 3.1, 0.4],
							"uv": {
								"north": {"uv": [99, 20], "uv_size": [4, 2]},
								"east": {"uv": [99, 20], "uv_size": [4, 2]},
								"south": {"uv": [99, 20], "uv_size": [4, 2]},
								"west": {"uv": [99, 20], "uv_size": [4, 2]},
								"up": {"uv": [103, 22], "uv_size": [-4, -2]},
								"down": {"uv": [103, 22], "uv_size": [-4, -2]}
							}
						},
						{
							"origin": [-1.75, 20.4, -46.35],
							"size": [0.6, 3.1, 14.5],
							"uv": {
								"north": {"uv": [0, 104], "uv_size": [1, 4]},
								"east": {"uv": [75, 74], "uv_size": [5, 5]},
								"south": {"uv": [4, 104], "uv_size": [1, 4]},
								"west": {"uv": [57, 24], "uv_size": [14, 4]},
								"up": {"uv": [55, 88], "uv_size": [1, 14]},
								"down": {"uv": [72, 102], "uv_size": [1, -14]}
							}
						},
						{
							"origin": [-1.75, 20.4, -46.75],
							"size": [0.6, 3.1, 0.4],
							"uv": {
								"north": {"uv": [99, 20], "uv_size": [4, 2]},
								"east": {"uv": [99, 20], "uv_size": [4, 2]},
								"south": {"uv": [99, 20], "uv_size": [4, 2]},
								"west": {"uv": [99, 20], "uv_size": [4, 2]},
								"up": {"uv": [103, 22], "uv_size": [-4, -2]},
								"down": {"uv": [103, 22], "uv_size": [-4, -2]}
							}
						},
						{
							"origin": [-1.75, 20.4, -31.85],
							"size": [3.7, 3.1, 5.2],
							"uv": {
								"north": {"uv": [82, 36], "uv_size": [4, 5]},
								"east": {"uv": [73, 36], "uv_size": [5, 5]},
								"south": {"uv": [52, 83], "uv_size": [4, 5]},
								"west": {"uv": [75, 74], "uv_size": [5, 5]},
								"up": {"uv": [69, 83], "uv_size": [4, 5]},
								"down": {"uv": [83, 76], "uv_size": [4, -5]}
							}
						}
					]
				},
				{
					"name": "bone19",
					"parent": "handguard",
					"pivot": [1.8, 20.5, -37.75]
				},
				{
					"name": "bone2",
					"parent": "handguard",
					"pivot": [-1.4, 20.5, -37.75]
				},
				{
					"name": "bone21",
					"parent": "handguard",
					"pivot": [1.47794, 19.68487, -37.75],
					"rotation": [0, 0, 37]
				},
				{
					"name": "bone3",
					"parent": "handguard",
					"pivot": [-1.17794, 19.68487, -37.75],
					"rotation": [0, 0, -37]
				},
				{
					"name": "_ca_handguardak",
					"parent": "main",
					"pivot": [-0.2, 16.35, -31.025],
					"cubes": [
						{"origin": [-0.5, 19.15, -26.625], "size": [1, 1, 1], "uv": [27, 121]}
					]
				}
			]
		}
	]
}