{
  "name" : "chukavin86",
  "type": "Gun",
  "maxAmmoCapacity" : 10,
  "compatibleAmmo" : ["ammocreative", "ammo338lapua"],
  "damage" : 28,
  "rpm" : 175,
  "fireModes" : ["SINGLE"],
  "fireSound" : "wa2000",
  "drawCooldownDuration" : 800,
  "aimingZoom" : 0.4,
  "gunRecoilInitialAmplitude" : 2.5,
  "shakeRecoilAmplitude" : 0.8,
  "shakeRecoilSpeed" : 2.5,
  "viewRecoilAmplitude" : 9,
  "inspectCooldownDuration": 5480,
  "headshotDamageMultiplier": 4.0,
  "maxShootingDistance": 1000,
  "compatibleAttachmentGroups": [
  	"ar_sightsandscopes",
	"ammo",
	"sr_mag20",
  	"ar_muzzle"
  ],
  "muzzleFlashScale" : 2,
  "phasedReloads": [
    {
      "phase": "RELOADING",
      "condition": "reloadIterationIndex == 0",
      "duration": 2720,
      "animation": "animation.model.reloadempty",
      "shakeEffects": [
        {
          "start": 0,
          "duration": 1500,
          "initialAmplitude": 0.2,
          "rateOfAmplitudeDecay": 0.8
        },
        {
          "start": 250,
          "duration": 1000,
          "initialAmplitude": 0.2,
          "rateOfAmplitudeDecay": 0.5
        },
        {
          "start": 800,
          "duration": 1000,
          "initialAmplitude": 0.15,
          "rateOfAmplitudeDecay": 0.5
        },
        {
          "start": 1100,
          "duration": 600,
          "initialAmplitude": 0.2,
          "rateOfAmplitudeDecay": 0.3
        },
        {
          "start": 1600,
          "duration": 400,
          "initialAmplitude": 0.35,
          "rateOfAmplitudeDecay": 0.3
        }
      ]
    },
    {
      "phase": "RELOADING",
      "condition": "reloadIterationIndex > 0",
      "duration": 2400,
      "animation": "animation.model.reload",						
      "shakeEffects": [
        {
          "start": 0,
          "duration": 1500,
          "initialAmplitude": 0.2,
          "rateOfAmplitudeDecay": 0.8
        },
        {
          "start": 600,
          "duration": 1000,
          "initialAmplitude": 0.15,
          "rateOfAmplitudeDecay": 0.5
        },
        {
          "start": 900,
          "duration": 800,
          "initialAmplitude": 0.17,
          "rateOfAmplitudeDecay": 0.5
        },
        {
          "start": 1000,
          "duration": 400,
          "initialAmplitude": 0.22,
          "rateOfAmplitudeDecay": 0.6
        }
      ]
    }
  ],
    "effects": [
	{
		"phase": "hit_scan_acquired",
		"name": "tracer"
	},
	{
		"phase": "firing",
		"name": "muzzle_flash"
	}
  ],
"features": [
 {
 "type": "Aiming",
 "zoom": 0.4,
 "condition": {
 "doesNotHaveAttachmentGroup": "sights_group"
 }
 },
 {
 "type": "MuzzleFlash",
 "effects": [
 {
 "phase": "firing",
 "name": "muzzle_flash"
 }
 ],
 "condition": {
 "allOf": [
 {
 "isUsingDefaultMuzzle": true
 },
 {
 "doesNotHaveAttachmentGroup": "ar_muzzle"
 },
 {
 "doesNotHaveAttachmentGroup": "svch_barrels"
 }
 ]
 }
 },
 {
 "type": "PartVisibility",
 "parts": [
 {
 "name": "frontsight1",
 "visible": false,
 "condition": {
 "hasAttachmentGroup": "ar_sightsandscopes"
 }
 },
 {
 "name": "rearsight",
 "visible": false,
 "condition": {
 "hasAttachmentGroup": "ar_sightsandscopes"
 }
 },
 {
 "name": "magazine1",
 "visible": false,
 "condition": {
 "hasAttachmentGroup": "sr_mags"
 }
 },
 {
 "name": "magazine4",
 "visible": true,
 "condition": {
 "hasAttachmentGroup": "sr_mag20"
 }
 }
 ]
 },
 {
 "type": "Sound",
 "fireSound": "l96a1_silenced",
 "fireSoundVolume": 1,
 "condition": {
 "allOf": [
 {
 "hasAttachmentGroup": "ar_suppressors"
 }
 ]
 }
 }
 ]
}