{
  "name" : "fbtantal",
  "type": "Gun",
  "maxAmmoCapacity" : 30,
  "compatibleAmmo" : ["ammocreative", "ammo545"],
  "damage" : 7.0,
  "rpm" : 700,
  "fireModes" : ["SINGLE", "AUTOMATIC"],
  "fireSound" : "ak12new",
  "drawCooldownDuration" : 600,
  "aimingZoom" : 0.4,
  "gunRecoilInitialAmplitude" : 0.65,
  "shakeRecoilAmplitude" : 0.3,
  "shakeRecoilSpeed" : 1.35,
  "viewRecoilAmplitude" : 1.65,
  "inspectCooldownDuration": 5480,
  "headshotDamageMultiplier": 2.45,
  "maxShootingDistance": 500,
  "compatibleAttachmentGroups": [
  	"ar_sightsandscopes",
 	"underbarrel",
	"grip_attachments",
	"ammo",
	"ak_handguards",
	"ak12_lowerbodies",
	"ak_stocks",
	"ak_mags",
	"ak_mag50",
	"ak_mag20",
	"ak_mag45",
	"ak12_barrels",
  	"ar_muzzle",
	"ak_dustcovers"
  ],
  "phasedReloads": [
    {
      "phase": "RELOADING",
      "condition": "reloadIterationIndex == 0",
      "duration": 2370,
      "animation": "animation.model.reloadempty",
      "shakeEffects": [
        {
          "start": 0,
          "duration": 1500,
          "initialAmplitude": 0.2,
          "rateOfAmplitudeDecay": 0.8
        },
        {
          "start": 250,
          "duration": 1000,
          "initialAmplitude": 0.2,
          "rateOfAmplitudeDecay": 0.5
        },
        {
          "start": 800,
          "duration": 1000,
          "initialAmplitude": 0.15,
          "rateOfAmplitudeDecay": 0.5
        },
        {
          "start": 1100,
          "duration": 600,
          "initialAmplitude": 0.2,
          "rateOfAmplitudeDecay": 0.3
        },
        {
          "start": 1600,
          "duration": 400,
          "initialAmplitude": 0.35,
          "rateOfAmplitudeDecay": 0.3
        }
      ]
    },
    {
      "phase": "RELOADING",
      "condition": "reloadIterationIndex > 0",
      "duration": 1830,
      "animation": "animation.model.reload",						
      "shakeEffects": [
        {
          "start": 0,
          "duration": 1500,
          "initialAmplitude": 0.2,
          "rateOfAmplitudeDecay": 0.8
        },
        {
          "start": 600,
          "duration": 1000,
          "initialAmplitude": 0.15,
          "rateOfAmplitudeDecay": 0.5
        },
        {
          "start": 900,
          "duration": 800,
          "initialAmplitude": 0.17,
          "rateOfAmplitudeDecay": 0.5
        },
        {
          "start": 1000,
          "duration": 400,
          "initialAmplitude": 0.22,
          "rateOfAmplitudeDecay": 0.6
        }
      ]
    }
  ],
  "effects": [
	{
		"phase": "hit_scan_acquired",
		"name": "tracer"
	},
	{
		"phase": "firing",
		"name": "muzzle_flash"
	}
   ],
"features": [
 {
 "type": "Aiming",
 "zoom": 0.4,
 "condition": {
 "doesNotHaveAttachmentGroup": "sights_group"
 }
 },
 {
 "type": "MuzzleFlash",
 "effects": [
 {
 "phase": "firing",
 "name": "muzzle_flash"
 }
 ],
 "condition": {
 "allOf": [
 {
 "isUsingDefaultMuzzle": true
 },
 {
 "doesNotHaveAttachmentGroup": "ar_muzzle"
 },
 {
 "doesNotHaveAttachmentGroup": "ak12_barrels"
 }
 ]
 }
 },
 {
 "type": "PartVisibility",
 "parts": [
 {
 "name": "rearsightflipped",
 "visible": true,
 "condition": {
 "hasAttachmentGroup": "ar_sightsandscopes"
 }
 },
 {
 "name": "frontsightflipped",
 "visible": true,
 "condition": {
 "hasAttachmentGroup": "ar_sightsandscopes"
 }
 },
 {
 "name": "handguard",
 "visible": false,
 "condition": {
 "hasAttachmentGroup": "ak_handguards"
 }
 },
 {
 "name": "pgriptrigger",
 "visible": false,
 "condition": {
 "hasAttachmentGroup": "ak12_lowerbodies"
 }
 },
 {
 "name": "stock",
 "visible": false,
 "condition": {
 "hasAttachmentGroup": "ak_stocks"
 }
 },
 {
 "name": "muzbrake",
 "visible": false,
 "condition": {
 "hasAttachmentGroup": "ar_muzzle"
 }
 },
 {
 "name": "magazine1",
 "visible": false,
 "condition": {
 "hasAttachmentGroup": "ak_mags"
 }
 },
 {
 "name": "magazine3",
 "visible": false,
 "condition": {
 "hasAttachmentGroup": "ak_mags"
 }
 },
 {
 "name": "magazine4",
 "visible": true,
 "condition": {
 "hasAttachmentGroup": "ak_mag50"
 }
 },
 {
 "name": "magazine5",
 "visible": true,
 "condition": {
 "hasAttachmentGroup": "ak_mag50"
 }
 },
 {
 "name": "magazine6",
 "visible": true,
 "condition": {
 "hasAttachmentGroup": "ak_mag20"
 }
 },
 {
 "name": "magazine7",
 "visible": true,
 "condition": {
 "hasAttachmentGroup": "ak_mag20"
 }
 },
 {
 "name": "magazine8",
 "visible": true,
 "condition": {
 "hasAttachmentGroup": "ak_mag45"
 }
 },
 {
 "name": "magazine9",
 "visible": true,
 "condition": {
 "hasAttachmentGroup": "ak_mag45"
 }
 },
 {
 "name": "magazine10",
 "visible": true,
 "condition": {
 "hasAttachmentGroup": "ak_mag60"
 }
 },
 {
 "name": "magazine11",
 "visible": true,
 "condition": {
 "hasAttachmentGroup": "ak_mag60"
 }
 },
 {
 "name": "barrel",
 "visible": false,
 "condition": {
 "hasAttachmentGroup": "ak12_barrels"
 }
 },
 {
 "name": "dustcoverdef",
 "visible": false,
 "condition": {
 "hasAttachmentGroup": "ak_dustcovers"
 }
 },
 {
 "name": "sights",
 "visible": false,
 "condition": {
 "hasAttachmentGroup": "ar_sightsandscopes"
 }
 }
 ]
 },
 {
 "type": "Sound",
 "fireSound": "ak74_silenced",
 "fireSoundVolume": 1,
 "condition": {
 "allOf": [
 {
 "hasAttachmentGroup": "ar_suppressors"
 }
 ]
 }
 }
 ]
}