{
	"format_version": "1.8.0",
	"animations": {
		"animation.model.draw": {
			"loop": true,
			"animation_length": 1.2,
			"bones": {
				"main": {
					"rotation": {
						"0.0": {
							"vector": [32.09413, -54.38778, -8.29667]
						},
						"0.35": {
							"vector": [0.50518, -5.08075, 6.8716],
							"easing": "easeOutSine"
						},
						"0.5": {
							"vector": [0.32389, -0.60235, -2.1558],
							"easing": "linear"
						},
						"0.6": {
							"vector": [0, 0, 0],
							"easing": "linear"
						}
					},
					"position": {
						"0.0": {
							"vector": [0, -17.3, 0]
						},
						"0.25": {
							"vector": [-0.4, -2.525, -1.625],
							"easing": "linear"
						},
						"0.4": {
							"vector": [-0.05, 0, -2.49],
							"easing": "linear"
						},
						"0.55": {
							"vector": [0, 0, 0],
							"easing": "linear"
						}
					}
				},
				"leftarm": {
					"rotation": {
						"0.0": {
							"vector": [0, 0, 0]
						},
						"0.2": {
							"vector": [1, 0, -22]
						},
						"0.4": {
							"vector": [0, 0, 0]
						}
					},
					"position": {
						"0.0": {
							"vector": [0, 0, 0]
						},
						"0.2": {
							"vector": [3.53901, 3.6754, 5.59783]
						},
						"0.4": {
							"vector": [0, 0, 0]
						}
					}
				}
			}
		},
		"animation.model.inspect": {
			"animation_length": 6.2667,
			"bones": {
				"main": {
					"rotation": {
						"0.0": {
							"vector": [0, 0, 0]
						},
						"0.35": {
							"vector": [-26.32055, -28.95323, -38.41824],
							"easing": "easeInOutQuad"
						},
						"0.45": {
							"vector": [-25.66239, -31.53589, -44.68762]
						},
						"0.5833": {
							"vector": [-29.3192, -30.58227, -40.03448]
						},
						"0.75": {
							"vector": [-27.10413, -31.89841, -42.85878]
						},
						"0.8833": {
							"vector": [-27.78689, -31.32225, -41.55621]
						},
						"1.0333": {
							"vector": [-27.51613, -31.5543, -42.0753]
						},
						"1.2333": {
							"vector": [-23.71064, -34.36823, -49.06156],
							"easing": "easeInOutSine"
						},
						"1.4": {
							"vector": [-21.1074, -35.89402, -53.58343],
							"easing": "easeOutSine"
						},
						"1.5667": {
							"vector": [-21.94193, -35.43536, -52.15215]
						},
						"1.7833": {
							"vector": [-20.76832, -36.0727, -54.16054]
						},
						"2.55": {
							"vector": [-23.3185, -35.45401, -49.81532]
						},
						"2.75": {
							"vector": [-51.25525, -13.69623, -15.09178]
						},
						"2.8833": {
							"vector": [-65.63972, 2.32296, -3.688]
						},
						"3.0667": {
							"vector": [-74.01117, 23.8148, -0.67983]
						},
						"3.2167": {
							"vector": [-79.3734, 25.56465, -3.9573]
						},
						"3.4333": {
							"vector": [-78.98912, 24.70845, -3.62085]
						},
						"3.6667": {
							"vector": [-78.89762, 23.48902, -2.80696]
						},
						"3.9167": {
							"vector": [-78.94097, 24.0015, -2.60182]
						},
						"4.2667": {
							"vector": [-78.95092, 23.9453, -3.0957]
						},
						"4.6667": {
							"vector": [-78.95092, 23.9453, -3.0957]
						},
						"5.05": {
							"vector": [-3.27585, -3.91843, 52.5061],
							"easing": "easeOutSine"
						},
						"5.3167": {
							"vector": [1.57141, -1.85374, -1.9128],
							"easing": "easeOutSine"
						},
						"5.4": {
							"vector": [0.27288, -0.37236, 1.59554],
							"easing": "linear"
						},
						"5.4833": {
							"vector": [0, 0, 0],
							"easing": "linear"
						}
					},
					"position": {
						"0.0": {
							"vector": [0, 0, 0]
						},
						"0.3": {
							"vector": [-4.15, 1.75, -15.475],
							"easing": "easeOutQuad"
						},
						"0.4": {
							"vector": [-4.15, -0.15, -14.6],
							"easing": "easeInOutSine"
						},
						"0.5167": {
							"vector": [-4.15, -0.925, -14.6],
							"easing": "linear"
						},
						"0.7": {
							"vector": [-4.2, -0.42, -14.6]
						},
						"0.9": {
							"vector": [-4.12, -0.57, -14.6]
						},
						"1.0667": {
							"vector": [-4.15, -0.47, -14.6]
						},
						"1.3": {
							"vector": [-4.15, -0.12, -14.825],
							"easing": "easeInOutQuad"
						},
						"1.5333": {
							"vector": [-4.2, -0.12, -15.04]
						},
						"1.7": {
							"vector": [-4.2, -0.02, -15.04]
						},
						"2.3": {
							"vector": [-4.2, -1.495, -15.04],
							"easing": "easeInOutSine"
						},
						"2.4333": {
							"vector": [-4.03, -1.67, -15.04]
						},
						"2.55": {
							"vector": [-3.7, 0.08, -15.04],
							"easing": "easeInSine"
						},
						"2.65": {
							"vector": [-0.18968, 5.0153, -18.15932]
						},
						"2.75": {
							"vector": [4.78001, 6.68487, -20.58417],
							"easing": "easeInOutQuad"
						},
						"2.85": {
							"vector": [12.24, 1.085, -21.53]
						},
						"3.0333": {
							"vector": [24.8, -17.445, -24.215],
							"easing": "easeInOutSine"
						},
						"3.1667": {
							"vector": [26.05, -19.97, -23.16],
							"easing": "linear"
						},
						"3.4167": {
							"vector": [26.05, -18.915, -23.16],
							"easing": "easeInOutSine"
						},
						"3.9": {
							"vector": [26.05, -18.145, -23.16]
						},
						"4.2667": {
							"vector": [26.05, -18.34, -23.16],
							"easing": "easeInOutSine"
						},
						"4.6667": {
							"vector": [25.39, -20.09, -22.52]
						},
						"4.8167": {
							"vector": [14.76, -16.93, -12.15]
						},
						"5.0": {
							"vector": [2.27, -9.09, 0.045]
						},
						"5.2": {
							"vector": [0.02894, -1.60775, -6.90297]
						},
						"5.2833": {
							"vector": [0.05077, -1.45863, -3.79557],
							"easing": "linear"
						},
						"5.4": {
							"vector": [-0.01391, -0.26895, -0.26276]
						},
						"5.4833": {
							"vector": [0, 0, 0],
							"easing": "linear"
						}
					}
				},
				"rightarm": {
					"rotation": {
						"0.0": {
							"vector": [0, 0, 0]
						},
						"2.65": {
							"vector": [0, 0, 0]
						},
						"4.9833": {
							"vector": [0, 0, 0]
						}
					},
					"position": {
						"0.0": {
							"vector": [0, 0, 0]
						},
						"2.65": {
							"vector": [0, 0, 0]
						},
						"2.7833": {
							"vector": [-6.30177, -6.68954, 29.94651]
						},
						"4.75": {
							"vector": [-6.30177, -6.68954, 29.94651]
						},
						"4.9833": {
							"vector": [0, 0, 0]
						}
					}
				},
				"leftarm": {
					"rotation": {
						"0.0": {
							"vector": [0, 0, 0]
						},
						"0.2833": {
							"vector": [-45.13234, 71.33372, -81.76837]
						},
						"2.6333": {
							"vector": [-45.13234, 71.33372, -81.76837]
						},
						"2.6833": {
							"vector": [96.97325, 30.0031, 35.42478]
						},
						"3.0333": {
							"vector": [96.97325, 30.0031, 35.42478]
						},
						"4.6667": {
							"vector": [96.97325, 30.0031, 35.42478]
						},
						"5.1667": {
							"vector": [0, 0, 0]
						}
					},
					"position": {
						"0.0": {
							"vector": [0, 0, 0]
						},
						"0.0667": {
							"vector": [9.47769, -9.10617, 9.45309]
						},
						"0.2833": {
							"vector": [12.05588, -33.69803, 37.55014]
						},
						"2.6333": {
							"vector": [12.05588, -33.69803, 37.55014]
						},
						"2.7667": {
							"vector": [16.26701, 33.15434, 47.96913]
						},
						"3.0333": {
							"vector": [-3.77362, 37.21582, 16.89297]
						},
						"4.6667": {
							"vector": [-3.77362, 37.21582, 16.89297]
						},
						"5.1667": {
							"vector": [0, 0, 0]
						}
					},
					"scale": {
						"0.0": {
							"vector": [1, 1, 1]
						},
						"2.6333": {
							"vector": [1, 1, 1]
						},
						"2.7667": {
							"vector": [1.2, 1.4, 1.2]
						},
						"3.0333": {
							"vector": [1.2, 1.4, 1.2]
						},
						"4.6667": {
							"vector": [1.2, 1.4, 1.2]
						},
						"5.1667": {
							"vector": [1, 1, 1]
						}
					}
				},
				"_camera_": {
					"rotation": {
						"0.0": {
							"vector": [0, 0, 0]
						},
						"0.1333": {
							"vector": [-0.01091, 1.24995, -0.50012]
						},
						"0.2833": {
							"vector": [-1.31346, 1.78854, -1.03401]
						},
						"0.4833": {
							"vector": [-3.43914, 2.08948, 0.95199],
							"easing": "easeInOutQuad"
						},
						"0.8333": {
							"vector": [-4.99004, 2.77768, -0.09243],
							"easing": "easeInOutSine"
						},
						"1.0667": {
							"vector": [-5.49004, 2.77768, -0.09243]
						},
						"1.7333": {
							"vector": [7.44976, 9.00685, -1.60374],
							"easing": "easeInSine"
						},
						"1.95": {
							"vector": [9.88265, 9.8236, -2.03661],
							"easing": "easeOutSine"
						},
						"2.25": {
							"vector": [10.3897, 9.84427, -1.20003],
							"easing": "easeOutSine"
						},
						"2.5667": {
							"vector": [9.96385, 7.66225, 1.88547],
							"easing": "easeInSine"
						},
						"2.7833": {
							"vector": [1.24375, 5.27922, 3.31414]
						},
						"2.9667": {
							"vector": [5.41765, 2.01024, 2.19487]
						},
						"3.2167": {
							"vector": [12.17135, -3.19168, -0.93824],
							"easing": "easeOutSine"
						},
						"3.5833": {
							"vector": [9.63273, -4.12615, 0.15611]
						},
						"4.3": {
							"vector": [5.12655, -3.80897, -0.98969],
							"easing": "easeInOutSine"
						},
						"4.5167": {
							"vector": [4.61883, -3.81704, -0.95786],
							"easing": "easeInOutSine"
						},
						"4.9667": {
							"vector": [2.5026, -0.00111, -0.00518],
							"easing": "easeInOutSine"
						},
						"5.1333": {
							"vector": [1.75872, -0.39593, -1.62595],
							"easing": "easeInOutSine"
						},
						"5.25": {
							"vector": [1.24924, -0.00333, 0.0435]
						},
						"5.35": {
							"vector": [0.44082, -0.01767, 1.01624]
						},
						"5.4833": {
							"vector": [0, 0, 0],
							"easing": "easeOutSine"
						}
					},
					"position": {
						"0.0": {
							"vector": [0, 0, 0]
						},
						"4.9667": {
							"vector": [0, 0, 0]
						}
					}
				}
			},
			"sound_effects": {
				"0.0": {
					"effect": "inspect_up"
				},
				"1.0667": {
					"effect": "inspect_foley"
				},
				"2.25": {
					"effect": "inspect_turn"
				},
				"2.6667": {
					"effect": "inspect_down"
				},
				"4.95": {
					"effect": "inspect_down"
				}
			}
		},
		"animation.model.fire": {
			"loop": true,
			"animation_length": 0.0667,
			"bones": {
				"Charger": {
					"position": {
						"0.0": {
							"vector": [0, 0, 0]
						},
						"0.0333": {
							"vector": [0, 0, 13.4]
						}
					}
				},
				"bolt": {
					"position": {
						"0.0": {
							"vector": [0, 0, 0]
						},
						"0.0333": {
							"vector": [0, 0, 5.6]
						}
					}
				}
			}
		},
		"animation.model.reloadempty": {
			"loop": true,
			"animation_length": 3.9167,
			"bones": {
				"main": {
					"rotation": {
						"0.0": {
							"vector": [0, 0, 0]
						},
						"0.3333": {
							"vector": [-20.17758, -8.4937, -6.75728],
							"easing": "easeInOutSine"
						},
						"0.4333": {
							"vector": [-25.3388, -7.05585, -5.48864]
						},
						"0.6833": {
							"vector": [-31.18712, -22.11394, -27.11556],
							"easing": "easeInOutSine"
						},
						"0.7667": {
							"vector": [-27.61919, -30.32813, -44.07677]
						},
						"0.9167": {
							"vector": [-31.06729, -22.59694, -30.00183],
							"easing": "linear"
						},
						"1.05": {
							"vector": [-28.42511, -25.66711, -34.03392],
							"easing": "easeInOutSine"
						},
						"1.2333": {
							"vector": [-27.51131, -20.74757, -24.26264],
							"easing": "easeInOutSine"
						},
						"1.5167": {
							"vector": [-23.29824, -7.36883, -2.03672],
							"easing": "easeOutSine"
						},
						"1.6667": {
							"vector": [-22.17758, -8.4937, -6.75728],
							"easing": "easeOutSine"
						},
						"1.7833": {
							"vector": [-20.74975, -8.96376, -7.9291]
						},
						"1.9": {
							"vector": [-22.20862, -6.88468, -2.78783],
							"easing": "easeInOutSine"
						},
						"2.0167": {
							"vector": [-22.17758, -8.4937, -6.75728]
						},
						"2.1167": {
							"vector": [-19.78376, -7.44754, -4.18919]
						},
						"2.4167": {
							"vector": [-10.29807, -4.82739, 9.90028],
							"easing": "easeInOutSine"
						},
						"2.5167": {
							"vector": [-8.54807, -4.82739, 8.65028]
						},
						"2.5833": {
							"vector": [-9.46995, -4.6411, 8.19423]
						},
						"2.65": {
							"vector": [-10.02308, -4.52933, 11.5206]
						},
						"2.75": {
							"vector": [-7.30922, -5.02503, 9.0439]
						},
						"2.85": {
							"vector": [-8.65043, -4.64048, 12.39046]
						},
						"3.0": {
							"vector": [-6.29807, -4.82739, 10.15028]
						},
						"3.3": {
							"vector": [1.57141, -1.85374, -1.9128],
							"easing": "easeInOutSine"
						},
						"3.3833": {
							"vector": [0.27288, -0.37236, 1.59554],
							"easing": "linear"
						},
						"3.4667": {
							"vector": [0, 0, 0],
							"easing": "linear"
						}
					},
					"position": {
						"0.0": {
							"vector": [0, 0, 0]
						},
						"0.2": {
							"vector": [-0.81, -5.39, 0.91],
							"easing": "easeInOutSine"
						},
						"0.3333": {
							"vector": [-1.475, -7.025, 1.675],
							"easing": "easeOutSine"
						},
						"0.4667": {
							"vector": [-1.15, -8.65, 1.675],
							"easing": "easeInOutSine"
						},
						"0.6": {
							"vector": [-1.31, -10.98, 1.67]
						},
						"0.7167": {
							"vector": [-1.47, -11.205, 1.67]
						},
						"0.8167": {
							"vector": [-1.47, -12.65, 1.67]
						},
						"1.0333": {
							"vector": [-1.795, -11.875, 1.67]
						},
						"1.2333": {
							"vector": [-1.795, -11.875, 1.67]
						},
						"1.4": {
							"vector": [-1.8, -8.775, 1.675],
							"easing": "easeInOutSine"
						},
						"1.6333": {
							"vector": [-1.32, -7.255, 1.67]
						},
						"1.8167": {
							"vector": [-1.32, -6.405, 1.67]
						},
						"1.9167": {
							"vector": [-1.495, -7.65, 1.67]
						},
						"2.0833": {
							"vector": [-1.315, -6.8, 1.67]
						},
						"2.2333": {
							"vector": [-1.84, -7.055, 0.93],
							"easing": "easeOutSine"
						},
						"2.5167": {
							"vector": [-1.7, -3.7, -1.075],
							"easing": "easeInOutSine"
						},
						"2.6167": {
							"vector": [-1.7, -4.325, 0.17],
							"easing": "linear"
						},
						"2.7167": {
							"vector": [-1.7, -3.68, 1.895]
						},
						"2.8": {
							"vector": [-1.7, -3.68, 0],
							"easing": "easeInOutSine"
						},
						"2.9167": {
							"vector": [-1.295, -3.415, 1.155],
							"easing": "easeOutSine"
						},
						"3.2167": {
							"vector": [0.02894, -1.60775, -6.90297],
							"easing": "easeInOutSine"
						},
						"3.3": {
							"vector": [0.05077, -1.45863, -3.79557],
							"easing": "linear"
						},
						"3.3833": {
							"vector": [-0.01391, -0.26895, -0.26276]
						},
						"3.4667": {
							"vector": [0, 0, 0],
							"easing": "linear"
						}
					}
				},
				"rightarm": {
					"rotation": {
						"0.0": {
							"vector": [0, 0, 0]
						},
						"0.3": {
							"vector": [-39.89779, 19.23309, 68.79155]
						},
						"0.35": {
							"vector": [-39.89779, 19.23309, 68.79155]
						},
						"0.4167": {
							"vector": [-40.47807, 22.31272, 64.80956]
						},
						"0.4833": {
							"vector": [-40.47807, 22.31272, 64.80956]
						},
						"0.7833": {
							"vector": [6.95662, -15.32736, 90.74965]
						},
						"1.1833": {
							"vector": [6.95662, -15.32736, 90.74965]
						},
						"1.5667": {
							"vector": [-29.32123, 24.40054, 61.37912]
						},
						"1.7": {
							"vector": [-40.47807, 22.31272, 64.80956]
						},
						"1.8167": {
							"vector": [-40.47807, 22.31272, 64.80956]
						},
						"1.8833": {
							"vector": [-39.89779, 19.23309, 68.79155]
						},
						"2.0": {
							"vector": [-39.89779, 19.23309, 68.79155]
						},
						"2.3333": {
							"vector": [5.90028, -17.66916, -60.55249]
						},
						"2.4": {
							"vector": [6.317, -17.67548, -59.04888]
						},
						"2.5167": {
							"vector": [4.70597, -19.43489, -57.97809]
						},
						"2.6": {
							"vector": [-4.77482, -27.94032, -51.12916]
						},
						"2.7": {
							"vector": [13.60675, -30.64159, -78.46697]
						},
						"2.85": {
							"vector": [-23.11447, -37.77439, -36.24067]
						},
						"3.2167": {
							"vector": [0, 0, 0]
						}
					},
					"position": {
						"0.0": {
							"vector": [0, 0, 0]
						},
						"0.0833": {
							"vector": [-7.99728, 2.39604, -7.10736]
						},
						"0.3": {
							"vector": [-14.40349, 8.23626, -25.94006]
						},
						"0.35": {
							"vector": [-14.40349, 8.23626, -25.94006]
						},
						"0.4167": {
							"vector": [-15.02637, 6.85055, -26.41014]
						},
						"0.4833": {
							"vector": [-17.75137, 6.85055, -26.41014]
						},
						"0.7833": {
							"vector": [-17.40951, 6.019, 15.1483]
						},
						"1.1833": {
							"vector": [-17.40951, 6.019, 15.1483]
						},
						"1.5667": {
							"vector": [-19.47803, 7.37142, -23.00284]
						},
						"1.7": {
							"vector": [-16.62637, 7.72555, -26.41014]
						},
						"1.8167": {
							"vector": [-16.87637, 7.87555, -26.41014]
						},
						"1.8833": {
							"vector": [-14.40349, 8.23626, -25.94006]
						},
						"2.0": {
							"vector": [-14.40349, 8.23626, -25.94006]
						},
						"2.1333": {
							"vector": [-9.89199, -0.29914, -7.10242]
						},
						"2.3333": {
							"vector": [-4.22121, 2.88115, -13.77582]
						},
						"2.4": {
							"vector": [-4.57703, 2.97841, -14.85048]
						},
						"2.5167": {
							"vector": [-4.45311, 2.05407, -13.75719]
						},
						"2.6": {
							"vector": [-3.49586, -1.19043, -9.8025]
						},
						"2.7": {
							"vector": [-3.49586, -1.19043, -9.8025]
						},
						"2.85": {
							"vector": [-7.9094, -1.8164, 13.42836]
						},
						"3.2167": {
							"vector": [0, 0, 0]
						}
					}
				},
				"leftarm": {
					"rotation": {
						"0.0": {
							"vector": [0, 0, 0]
						},
						"0.25": {
							"vector": [-21.49276, -3.14026, 3.89135]
						},
						"0.5167": {
							"vector": [-21.49276, -3.14026, 3.89135]
						},
						"0.7": {
							"vector": [-10.66127, -10.23897, 12.7202]
						},
						"1.15": {
							"vector": [-10.66127, -10.23897, 12.7202]
						},
						"1.4": {
							"vector": [-21.49276, -3.14026, 3.89135],
							"easing": "easeInSine"
						},
						"2.15": {
							"vector": [-21.49276, -3.14026, 3.89135]
						},
						"2.3833": {
							"vector": [-14.64996, -0.95014, -11.25975]
						},
						"3.0667": {
							"vector": [-14.64996, -0.95014, -11.25975]
						},
						"3.4333": {
							"vector": [0, 0, 0]
						}
					},
					"position": {
						"0.0": {
							"vector": [0, 0, 0]
						},
						"0.25": {
							"vector": [1.22459, -7.27979, -5.25727]
						},
						"0.5167": {
							"vector": [1.22459, -7.27979, -5.25727]
						},
						"0.7": {
							"vector": [-3.13372, -5.75233, -0.98447]
						},
						"1.15": {
							"vector": [-3.13372, -5.75233, -0.98447]
						},
						"1.4": {
							"vector": [1.22459, -7.27979, -5.25727],
							"easing": "easeInSine"
						},
						"2.15": {
							"vector": [1.22459, -7.27979, -5.25727]
						},
						"2.3833": {
							"vector": [5.17496, -1.90839, -4.85827]
						},
						"3.0667": {
							"vector": [5.17496, -1.90839, -4.85827]
						},
						"3.4333": {
							"vector": [0, 0, 0]
						}
					}
				},
				"magazine": {
					"rotation": {
						"0.0": {
							"vector": [0, 0, 0]
						},
						"0.35": {
							"vector": [0, 0, 0]
						},
						"0.4167": {
							"vector": [0.17023, -2.99517, -3.25445]
						},
						"0.4833": {
							"vector": [-0.48936, -7.83245, -2.73429]
						},
						"0.5667": {
							"vector": [2.54343, -8.79462, -11.20248]
						},
						"0.6667": {
							"vector": [0.75364, -7.48444, -8.35714]
						},
						"0.75": {
							"vector": [1.12277, -6.21221, -4.7319]
						},
						"0.8167": {
							"vector": [2.15607, -16.34742, -9.32269]
						},
						"0.9": {
							"vector": [-38.09465, -7.65664, -11.71645]
						},
						"1.1833": {
							"vector": [-14.84465, -7.65664, -11.71645]
						},
						"1.5667": {
							"vector": [10.09308, -10.98827, -25.3929]
						},
						"1.7": {
							"vector": [0.11437, -5.72852, -4.04089],
							"easing": "easeInOutSine"
						},
						"1.8833": {
							"vector": [0, 0, 0]
						}
					},
					"position": {
						"0.0": {
							"vector": [0, 0, 0]
						},
						"0.35": {
							"vector": [0, 0, 0]
						},
						"0.4833": {
							"vector": [0, 0, 0]
						},
						"0.6333": {
							"vector": [0, 0, 0]
						},
						"0.7333": {
							"vector": [-0.38053, 0.2317, 3.79897]
						},
						"0.8167": {
							"vector": [-6.63721, -0.19745, 22.4381]
						},
						"0.9": {
							"vector": [-15.76624, -9.77199, 74.01211]
						},
						"1.1833": {
							"vector": [-20.16059, -15.04239, 65.1288]
						},
						"1.5667": {
							"vector": [-2.13771, 0.18626, 1.3381]
						},
						"1.7": {
							"vector": [-1.175, 0, 0]
						},
						"1.8833": {
							"vector": [0, 0, 0]
						}
					}
				},
				"action": {
					"position": {
						"0.0": {
							"vector": [0, 0, 0]
						},
						"2.4": {
							"vector": [0, 0, 0]
						},
						"2.5167": {
							"vector": [0, 0, 1]
						},
						"2.6": {
							"vector": [0, 0, 8]
						},
						"2.7": {
							"vector": [0, 0, 8]
						},
						"2.7333": {
							"vector": [0, 0, 0]
						}
					}
				},
				"_camera_": {
					"rotation": {
						"0.0": {
							"vector": [0, 0, 0]
						},
						"0.2833": {
							"vector": [2.43234, 0.6071, -2.47561],
							"easing": "easeInOutSine"
						},
						"0.45": {
							"vector": [1.00187, 2.03119, 0.0754]
						},
						"0.6167": {
							"vector": [0.96207, 2.82618, -1.4024],
							"easing": "easeOutSine"
						},
						"0.7833": {
							"vector": [3.57023, 2.68817, 0.84597],
							"easing": "easeInOutSine"
						},
						"0.95": {
							"vector": [2.86279, 2.04599, -0.73694],
							"easing": "easeOutSine"
						},
						"1.2": {
							"vector": [2.13602, 1.1414, 1.03937],
							"easing": "easeOutSine"
						},
						"1.55": {
							"vector": [2.85281, 0.73554, -1.72777],
							"easing": "easeInOutSine"
						},
						"1.8167": {
							"vector": [1.60731, 0.19569, -0.5033],
							"easing": "easeInOutSine"
						},
						"1.9": {
							"vector": [2.59998, 0.29916, -2.25032],
							"easing": "easeInOutSine"
						},
						"2.0167": {
							"vector": [2.2803, 0.43838, 0.46741]
						},
						"2.2": {
							"vector": [1.97464, 0.69416, -0.73634],
							"easing": "easeInSine"
						},
						"2.4667": {
							"vector": [2.12375, 0.83063, 1.55386],
							"easing": "easeInOutSine"
						},
						"2.65": {
							"vector": [3.60006, 1.39369, 0.56692],
							"easing": "easeInOutSine"
						},
						"2.7333": {
							"vector": [3.5399, 1.54027, -1.78304]
						},
						"2.85": {
							"vector": [3.59358, 1.40803, 0.33383]
						},
						"2.9833": {
							"vector": [2.56984, 1.5063, -0.67198]
						},
						"3.2333": {
							"vector": [1.04135, 0.56837, 2.68593],
							"easing": "easeInOutSine"
						},
						"3.4667": {
							"vector": [0, 0, 0],
							"easing": "easeOutSine"
						}
					}
				},
				"bolt": {
					"position": {
						"0.0": {
							"vector": [0, 0, 0]
						},
						"2.4167": {
							"vector": [0, 0, 0]
						},
						"2.6833": {
							"vector": [0, 0, 6.2]
						},
						"2.7667": {
							"vector": [0, 0, 0]
						}
					}
				},
				"bone7": {
					"position": {
						"2.4167": {
							"vector": [0, 0, 0]
						},
						"2.6833": {
							"vector": [0, 0, 6.2]
						},
						"2.7667": {
							"vector": [0, 0, 0]
						}
					}
				}
			},
			"sound_effects": {
				"0.1667": {
					"effect": "mp5_magout"
				},
				"0.4167": {
					"effect": "p90_magout"
				},
				"1.4333": {
					"effect": "p90_magin"
				},
				"2.3": {
					"effect": "mp5_magout"
				},
				"2.4333": {
					"effect": "m4_actionforward"
				},
				"2.45": {
					"effect": "m4_actionback"
				},
				"3.0833": {
					"effect": "foley_end"
				}
			}
		},
		"animation.model.reload": {
			"loop": true,
			"animation_length": 3.35,
			"bones": {
				"main": {
					"rotation": {
						"0.0": {
							"vector": [0, 0, 0]
						},
						"0.3333": {
							"vector": [-20.17758, -8.4937, -6.75728],
							"easing": "easeInOutSine"
						},
						"0.4333": {
							"vector": [-25.3388, -7.05585, -5.48864]
						},
						"0.6833": {
							"vector": [-31.18712, -22.11394, -27.11556],
							"easing": "easeInOutSine"
						},
						"0.7667": {
							"vector": [-27.61919, -30.32813, -44.07677]
						},
						"0.9167": {
							"vector": [-31.06729, -22.59694, -30.00183],
							"easing": "linear"
						},
						"1.05": {
							"vector": [-28.42511, -25.66711, -34.03392],
							"easing": "easeInOutSine"
						},
						"1.2333": {
							"vector": [-27.51131, -20.74757, -24.26264],
							"easing": "easeInOutSine"
						},
						"1.5167": {
							"vector": [-23.29824, -7.36883, -2.03672],
							"easing": "easeOutSine"
						},
						"1.6667": {
							"vector": [-22.17758, -8.4937, -6.75728],
							"easing": "easeOutSine"
						},
						"1.7833": {
							"vector": [-20.74975, -8.96376, -7.9291]
						},
						"1.9": {
							"vector": [-22.20862, -6.88468, -2.78783],
							"easing": "easeInOutSine"
						},
						"2.0167": {
							"vector": [-22.17758, -8.4937, -6.75728]
						},
						"2.1167": {
							"vector": [-19.78376, -7.44754, -4.18919]
						},
						"2.4833": {
							"vector": [1.57141, -1.85374, -1.9128],
							"easing": "easeInOutSine"
						},
						"2.5667": {
							"vector": [0.27288, -0.37236, 1.59554],
							"easing": "linear"
						},
						"2.65": {
							"vector": [0, 0, 0],
							"easing": "linear"
						}
					},
					"position": {
						"0.0": {
							"vector": [0, 0, 0]
						},
						"0.2": {
							"vector": [-0.81, -5.39, 0.91],
							"easing": "easeInOutSine"
						},
						"0.3333": {
							"vector": [-1.475, -7.025, 1.675],
							"easing": "easeOutSine"
						},
						"0.4667": {
							"vector": [-1.15, -8.65, 1.675],
							"easing": "easeInOutSine"
						},
						"0.6": {
							"vector": [-1.31, -10.98, 1.67]
						},
						"0.7167": {
							"vector": [-1.47, -11.205, 1.67]
						},
						"0.8167": {
							"vector": [-1.47, -12.65, 1.67]
						},
						"1.0333": {
							"vector": [-1.795, -11.875, 1.67]
						},
						"1.2333": {
							"vector": [-1.795, -11.875, 1.67]
						},
						"1.4": {
							"vector": [-1.8, -8.775, 1.675],
							"easing": "easeInOutSine"
						},
						"1.6333": {
							"vector": [-1.32, -7.255, 1.67]
						},
						"1.8167": {
							"vector": [-1.32, -6.405, 1.67]
						},
						"1.9167": {
							"vector": [-1.495, -7.65, 1.67]
						},
						"2.0833": {
							"vector": [-1.315, -6.8, 1.67]
						},
						"2.4": {
							"vector": [0.02894, -1.60775, -6.90297],
							"easing": "easeInOutSine"
						},
						"2.4833": {
							"vector": [0.05077, -1.45863, -3.79557],
							"easing": "linear"
						},
						"2.5667": {
							"vector": [-0.01391, -0.26895, -0.26276]
						},
						"2.65": {
							"vector": [0, 0, 0],
							"easing": "linear"
						}
					}
				},
				"rightarm": {
					"rotation": {
						"0.0": {
							"vector": [0, 0, 0]
						},
						"0.3": {
							"vector": [-39.89779, 19.23309, 68.79155]
						},
						"0.35": {
							"vector": [-39.89779, 19.23309, 68.79155]
						},
						"0.4167": {
							"vector": [-40.47807, 22.31272, 64.80956]
						},
						"0.4833": {
							"vector": [-40.47807, 22.31272, 64.80956]
						},
						"0.7833": {
							"vector": [6.95662, -15.32736, 90.74965]
						},
						"1.1833": {
							"vector": [6.95662, -15.32736, 90.74965]
						},
						"1.5667": {
							"vector": [-29.32123, 24.40054, 61.37912]
						},
						"1.7": {
							"vector": [-40.47807, 22.31272, 64.80956]
						},
						"1.8167": {
							"vector": [-40.47807, 22.31272, 64.80956]
						},
						"1.8833": {
							"vector": [-39.89779, 19.23309, 68.79155]
						},
						"2.0": {
							"vector": [-39.89779, 19.23309, 68.79155]
						},
						"2.1333": {
							"vector": [0.46838, 14.95907, 53.50454]
						},
						"2.6": {
							"vector": [0, 0, 0]
						}
					},
					"position": {
						"0.0": {
							"vector": [0, 0, 0]
						},
						"0.0833": {
							"vector": [-7.99728, 2.39604, -7.10736]
						},
						"0.3": {
							"vector": [-14.40349, 8.23626, -25.94006]
						},
						"0.35": {
							"vector": [-14.40349, 8.23626, -25.94006]
						},
						"0.4167": {
							"vector": [-15.02637, 6.85055, -26.41014]
						},
						"0.4833": {
							"vector": [-17.75137, 6.85055, -26.41014]
						},
						"0.7833": {
							"vector": [-17.40951, 6.019, 15.1483]
						},
						"1.1833": {
							"vector": [-17.40951, 6.019, 15.1483]
						},
						"1.5667": {
							"vector": [-19.47803, 7.37142, -23.00284]
						},
						"1.7": {
							"vector": [-16.62637, 7.72555, -26.41014]
						},
						"1.8167": {
							"vector": [-16.87637, 7.87555, -26.41014]
						},
						"1.8833": {
							"vector": [-14.40349, 8.23626, -25.94006]
						},
						"2.0": {
							"vector": [-14.40349, 8.23626, -25.94006]
						},
						"2.1333": {
							"vector": [-13.61699, -0.29914, -7.10242]
						},
						"2.6": {
							"vector": [0, 0, 0]
						}
					}
				},
				"leftarm": {
					"rotation": {
						"0.0": {
							"vector": [0, 0, 0]
						},
						"0.25": {
							"vector": [-21.49276, -3.14026, 3.89135]
						},
						"0.5167": {
							"vector": [-21.49276, -3.14026, 3.89135]
						},
						"0.7": {
							"vector": [-10.66127, -10.23897, 12.7202]
						},
						"1.15": {
							"vector": [-10.66127, -10.23897, 12.7202]
						},
						"1.4": {
							"vector": [-21.49276, -3.14026, 3.89135],
							"easing": "easeInSine"
						},
						"2.15": {
							"vector": [-21.49276, -3.14026, 3.89135]
						},
						"2.6167": {
							"vector": [0, 0, 0]
						}
					},
					"position": {
						"0.0": {
							"vector": [0, 0, 0]
						},
						"0.25": {
							"vector": [1.22459, -7.27979, -5.25727]
						},
						"0.5167": {
							"vector": [1.22459, -7.27979, -5.25727]
						},
						"0.7": {
							"vector": [-3.13372, -5.75233, -0.98447]
						},
						"1.15": {
							"vector": [-3.13372, -5.75233, -0.98447]
						},
						"1.4": {
							"vector": [1.22459, -7.27979, -5.25727],
							"easing": "easeInSine"
						},
						"2.15": {
							"vector": [1.22459, -7.27979, -5.25727]
						},
						"2.6167": {
							"vector": [0, 0, 0]
						}
					}
				},
				"magazine": {
					"rotation": {
						"0.0": {
							"vector": [0, 0, 0]
						},
						"0.35": {
							"vector": [0, 0, 0]
						},
						"0.4167": {
							"vector": [0.17023, -2.99517, -3.25445]
						},
						"0.4833": {
							"vector": [-0.48936, -7.83245, -2.73429]
						},
						"0.5667": {
							"vector": [2.54343, -8.79462, -11.20248]
						},
						"0.6667": {
							"vector": [0.75364, -7.48444, -8.35714]
						},
						"0.75": {
							"vector": [1.12277, -6.21221, -4.7319]
						},
						"0.8167": {
							"vector": [2.15607, -16.34742, -9.32269]
						},
						"0.9": {
							"vector": [-38.09465, -7.65664, -11.71645]
						},
						"1.1833": {
							"vector": [-14.84465, -7.65664, -11.71645]
						},
						"1.5667": {
							"vector": [10.09308, -10.98827, -25.3929]
						},
						"1.7": {
							"vector": [0.11437, -5.72852, -4.04089],
							"easing": "easeInOutSine"
						},
						"1.8833": {
							"vector": [0, 0, 0]
						}
					},
					"position": {
						"0.0": {
							"vector": [0, 0, 0]
						},
						"0.35": {
							"vector": [0, 0, 0]
						},
						"0.4833": {
							"vector": [0, 0, 0]
						},
						"0.6333": {
							"vector": [0, 0, 0]
						},
						"0.7333": {
							"vector": [-0.38053, 0.2317, 3.79897]
						},
						"0.8167": {
							"vector": [-6.63721, -0.19745, 22.4381]
						},
						"0.9": {
							"vector": [-15.76624, -9.77199, 74.01211]
						},
						"1.1833": {
							"vector": [-20.16059, -15.04239, 65.1288]
						},
						"1.5667": {
							"vector": [-2.13771, 0.18626, 1.3381]
						},
						"1.7": {
							"vector": [-1.175, 0, 0]
						},
						"1.8833": {
							"vector": [0, 0, 0]
						}
					}
				},
				"action": {
					"position": {
						"vector": [0, 0, 0]
					}
				},
				"_camera_": {
					"rotation": {
						"0.0": {
							"vector": [0, 0, 0]
						},
						"0.2833": {
							"vector": [2.43234, 0.6071, -2.47561],
							"easing": "easeInOutSine"
						},
						"0.45": {
							"vector": [1.00187, 2.03119, 0.0754]
						},
						"0.6167": {
							"vector": [0.96207, 2.82618, -1.4024],
							"easing": "easeOutSine"
						},
						"0.7833": {
							"vector": [3.57023, 2.68817, 0.84597],
							"easing": "easeInOutSine"
						},
						"0.95": {
							"vector": [2.86279, 2.04599, -0.73694],
							"easing": "easeOutSine"
						},
						"1.2": {
							"vector": [2.13602, 1.1414, 1.03937],
							"easing": "easeOutSine"
						},
						"1.55": {
							"vector": [2.85281, 0.73554, -1.72777],
							"easing": "easeInOutSine"
						},
						"1.8167": {
							"vector": [1.60731, 0.19569, -0.5033],
							"easing": "easeInOutSine"
						},
						"1.9": {
							"vector": [2.59998, 0.29916, -2.25032],
							"easing": "easeInOutSine"
						},
						"2.0167": {
							"vector": [2.2803, 0.43838, 0.46741]
						},
						"2.2": {
							"vector": [1.97464, 0.69416, -0.73634],
							"easing": "easeInSine"
						},
						"2.4167": {
							"vector": [1.02351, 0.59991, 0.93612],
							"easing": "easeInOutSine"
						},
						"2.65": {
							"vector": [0, 0, 0],
							"easing": "easeOutSine"
						}
					}
				}
			},
			"sound_effects": {
				"0.1667": {
					"effect": "mp5_magout"
				},
				"0.4167": {
					"effect": "p90_magout"
				},
				"1.4333": {
					"effect": "p90_magin"
				},
				"2.1333": {
					"effect": "foley_end"
				}
			}
		}
	},
	"geckolib_format_version": 2
}