{
	"format_version": "1.8.0",
	"animations": {
		"animation.model.draw": {
			"loop": true,
			"animation_length": 1.2,
			"bones": {
				"main": {
					"rotation": {
						"0.0": {
							"vector": [32.09413, -54.38778, -8.29667]
						},
						"0.35": {
							"vector": [0.50518, -5.08075, 6.8716],
							"easing": "easeOutSine"
						},
						"0.5": {
							"vector": [0.32389, -0.60235, -2.1558],
							"easing": "linear"
						},
						"0.6": {
							"vector": [0, 0, 0],
							"easing": "linear"
						}
					},
					"position": {
						"0.0": {
							"vector": [0, -17.3, 0]
						},
						"0.25": {
							"vector": [-0.4, -2.525, -1.625],
							"easing": "linear"
						},
						"0.4": {
							"vector": [-0.05, 0, -2.49],
							"easing": "linear"
						},
						"0.55": {
							"vector": [0, 0, 0],
							"easing": "linear"
						}
					}
				},
				"leftarm": {
					"rotation": {
						"0.0": {
							"vector": [0, 0, 0]
						},
						"0.2": {
							"vector": [1, 0, -22]
						},
						"0.4": {
							"vector": [0, 0, 0]
						}
					},
					"position": {
						"0.0": {
							"vector": [0, 0, 0]
						},
						"0.2": {
							"vector": [3.53901, 3.6754, 5.59783]
						},
						"0.4": {
							"vector": [0, 0, 0]
						}
					}
				}
			}
		},
		"animation.model.inspect": {
			"loop": true,
			"animation_length": 4.2667,
			"bones": {
				"main": {
					"rotation": {
						"0.0": {
							"vector": [0, 0, 0]
						},
						"0.1667": {
							"vector": [-8.41746, -13.59608, -21.21259],
							"easing": "linear"
						},
						"0.3": {
							"vector": [-8.39812, -20.10111, -31.77688]
						},
						"0.4333": {
							"vector": [-9.55676, -20.88889, -28.55629]
						},
						"0.5333": {
							"vector": [-8.77652, -21.21647, -30.72851]
						},
						"0.7667": {
							"vector": [-9.4227, -20.94881, -28.93303]
						},
						"1.0": {
							"vector": [-3.1216, -20.98207, -46.44405]
						},
						"1.1333": {
							"vector": [-4.564, -20.73064, -42.44007]
						},
						"1.2333": {
							"vector": [-4.86325, -20.9153, -41.60203]
						},
						"1.3333": {
							"vector": [-4.58308, -20.97575, -42.38574]
						},
						"1.4667": {
							"vector": [-4.01131, -21.08802, -43.97908]
						},
						"1.6": {
							"vector": [-4.38767, -21.01662, -42.9316]
						},
						"1.7": {
							"vector": [-4.18847, -21.05622, -43.48691],
							"easing": "linear"
						},
						"2.0333": {
							"vector": [-16.91438, 5.38499, 54.40399],
							"easing": "linear"
						},
						"2.1667": {
							"vector": [-15.22513, 5.80082, 60.04554]
						},
						"2.3": {
							"vector": [-15.70981, 5.86025, 59.48558]
						},
						"2.4333": {
							"vector": [-15.93602, 7.03904, 62.69373]
						},
						"2.5667": {
							"vector": [-15.60896, 7.75082, 65.23442]
						},
						"2.7333": {
							"vector": [-15.71675, 7.52491, 64.42194]
						},
						"2.9": {
							"vector": [-15.56389, 7.84019, 65.55973]
						},
						"3.1": {
							"vector": [-15.61778, 7.73186, 65.16659]
						},
						"3.2667": {
							"vector": [-15.9801, 6.93689, 62.33342]
						},
						"3.4": {
							"vector": [-8.86998, 2.42135, 33.56191]
						},
						"3.5333": {
							"vector": [0, -1.75, -2.75]
						},
						"3.7": {
							"vector": [0, 0, 0]
						}
					},
					"position": {
						"0.0": {
							"vector": [0, 0, 0]
						},
						"0.3": {
							"vector": [-0.475, 1.475, -8.7]
						},
						"0.4": {
							"vector": [-0.195, 1, -7.7]
						},
						"0.5333": {
							"vector": [-0.03, 0.725, -7.7]
						},
						"0.7": {
							"vector": [0, 1.125, -7.7]
						},
						"0.9": {
							"vector": [0.125, 1.4, -8.275]
						},
						"1.2": {
							"vector": [-0.02, 1.475, -8]
						},
						"1.4": {
							"vector": [0.11, 1.425, -8.175]
						},
						"1.6667": {
							"vector": [0.275, 1.25, -7.975]
						},
						"1.8": {
							"vector": [-0.13, -1.19, -8.65]
						},
						"1.9667": {
							"vector": [-0.545, -1.325, -11.15]
						},
						"2.1333": {
							"vector": [-0.415, -1.395, -10.545]
						},
						"2.2667": {
							"vector": [-0.525, -1.455, -9.17]
						},
						"2.4": {
							"vector": [-0.49, -1.43, -9.85]
						},
						"2.5667": {
							"vector": [-0.455, -1.5, -9.24]
						},
						"2.7667": {
							"vector": [-0.53, -1.5, -9.27]
						},
						"3.0": {
							"vector": [-0.49, -1.41, -9.3]
						},
						"3.2333": {
							"vector": [-0.545, -1.325, -9.325]
						},
						"3.3667": {
							"vector": [-1.005, -0.61, -7.41]
						},
						"3.6333": {
							"vector": [0, 0, 0]
						}
					}
				},
				"leftarm": {
					"rotation": {
						"0.0": {
							"vector": [0, 0, 0]
						},
						"0.1667": {
							"vector": [0, 0, -2.5]
						},
						"1.7333": {
							"vector": [0, 0, -2.5]
						},
						"2.0333": {
							"vector": [-20, 0, -45]
						},
						"3.3": {
							"vector": [-20, 0, -45]
						},
						"3.5667": {
							"vector": [0, 0, 0]
						}
					},
					"position": {
						"0.0": {
							"vector": [0, 0, 0]
						},
						"0.1667": {
							"vector": [11.23986, -30.20851, 24.64864]
						},
						"1.7333": {
							"vector": [11.23986, -30.20851, 24.64864]
						},
						"2.0333": {
							"vector": [7.35, 6.25, 2.33]
						},
						"3.3": {
							"vector": [7.35, 6.25, 2.33]
						},
						"3.5667": {
							"vector": [0, 0, 0]
						}
					}
				}
			}
		},
		"animation.model.reload": {
			"loop": true,
			"animation_length": 3.0333,
			"bones": {
				"main": {
					"rotation": {
						"0.0": {
							"vector": [0, 0, 0]
						},
						"0.3": {
							"vector": [-4.74153, -5.09892, -20.24516],
							"easing": "easeInOutSine"
						},
						"0.45": {
							"vector": [-7.37625, -5.61294, -17.27584],
							"easing": "easeInSine"
						},
						"0.5667": {
							"vector": [-6.32989, -7.21857, -26.47185]
						},
						"0.6833": {
							"vector": [-7.98905, -5.78051, -20.82169]
						},
						"0.85": {
							"vector": [-7.17877, -7.12775, -25.32362]
						},
						"1.05": {
							"vector": [-7.39295, -6.86616, -23.26742],
							"easing": "easeInOutSine"
						},
						"1.2833": {
							"vector": [-7.20543, -6.76428, -22.50416]
						},
						"1.3833": {
							"vector": [-7.05946, -6.70905, -21.0057]
						},
						"1.45": {
							"vector": [-6.49826, -7.0777, -23.00621]
						},
						"1.55": {
							"vector": [-6.95457, -6.95143, -23.0338]
						},
						"1.65": {
							"vector": [-6.54299, -7.18364, -26.06253],
							"easing": "easeInOutSine"
						},
						"1.7333": {
							"vector": [-8.39752, -7.16663, -19.59584],
							"easing": "easeInOutSine"
						},
						"1.8333": {
							"vector": [-3.00259, -5.40631, -23.45169]
						},
						"2.1667": {
							"vector": [0.70029, -0.96502, 2.90569],
							"easing": "easeInOutQuad"
						},
						"2.2833": {
							"vector": [0.32388, 0.39763, -2.15014]
						},
						"2.4": {
							"vector": [0, 0, 0]
						}
					},
					"position": {
						"0.0": {
							"vector": [0, 0, 0]
						},
						"0.1833": {
							"vector": [-0.6559, -2.74312, 0.19905],
							"easing": "easeInOutSine"
						},
						"0.4167": {
							"vector": [-1.795, -0.30034, 2.07443],
							"easing": "easeInOutSine"
						},
						"0.5167": {
							"vector": [-1.98846, 0.21006, 2.14204],
							"easing": "easeOutSine"
						},
						"0.6333": {
							"vector": [-1.32896, -1.631, 1.129]
						},
						"0.9667": {
							"vector": [-1.64926, -0.35856, 1.23761],
							"easing": "easeInOutSine"
						},
						"1.2": {
							"vector": [-1.5398, -0.62965, 1.19587],
							"easing": "easeInOutSine"
						},
						"1.5": {
							"vector": [-1.99879, 0.28274, 1.91001],
							"easing": "easeInSine"
						},
						"1.6667": {
							"vector": [-2.35397, 1.19852, 1.41575],
							"easing": "easeOutSine"
						},
						"1.7333": {
							"vector": [-1.67296, -0.30241, 1.22094],
							"easing": "easeInOutSine"
						},
						"1.8833": {
							"vector": [-0.92853, -0.07946, 0.04299]
						},
						"2.0833": {
							"vector": [0.4, -0.875, -2.6],
							"easing": "easeInOutQuad"
						},
						"2.25": {
							"vector": [0.16, -0.4, 0.275]
						},
						"2.4": {
							"vector": [0, 0, 0],
							"easing": "easeOutSine"
						}
					}
				},
				"leftarm": {
					"rotation": {
						"0.0": {
							"vector": [0, 0, 0]
						},
						"0.2333": {
							"vector": [-4.31324, -2.81676, -6.56459]
						},
						"0.35": {
							"vector": [-4.62588, 3.99099, -3.06611]
						},
						"0.5": {
							"vector": [4.43958, 4.65193, -3.35665]
						},
						"0.55": {
							"vector": [-9.84355, 2.32946, -1.45463]
						},
						"0.65": {
							"vector": [-14.43042, 0.13401, 4.19847]
						},
						"1.35": {
							"vector": [-16.54317, 0.07005, 2.19465]
						},
						"1.4167": {
							"vector": [-16.56104, -2.63552, -0.40226]
						},
						"1.5167": {
							"vector": [-19.24293, -7.71113, 0.13522]
						},
						"1.6333": {
							"vector": [-6.03496, 3.42826, 6.18678],
							"easing": "linear"
						},
						"1.7333": {
							"vector": [-7.50837, 1.08998, 2.93351],
							"easing": "easeInSine"
						},
						"1.9333": {
							"vector": [-6.61266, 1.02409, -1.06717],
							"easing": "easeInSine"
						},
						"2.2167": {
							"vector": [0, 0, 0]
						}
					},
					"position": {
						"0.0": {
							"vector": [0, 0, 0]
						},
						"0.1": {
							"vector": [4.88809, -3.15858, 9.77551]
						},
						"0.2333": {
							"vector": [1.6612, -5.60221, 19.73241]
						},
						"0.35": {
							"vector": [2.3122, -4.98961, 17.91737]
						},
						"0.5": {
							"vector": [0.56501, -2.81651, 12.34704]
						},
						"0.55": {
							"vector": [2.08614, -7.597, 9.00337]
						},
						"0.65": {
							"vector": [1.16918, -12.6074, 6.1989]
						},
						"0.8": {
							"vector": [6.0617, -28.4193, 16.08317]
						},
						"1.15": {
							"vector": [6.0617, -28.4193, 16.08317]
						},
						"1.25": {
							"vector": [2.83785, -20.12004, 7.65456]
						},
						"1.35": {
							"vector": [2.12055, -14.98776, 5.6092]
						},
						"1.4167": {
							"vector": [2.24555, -14.03776, 6.5342]
						},
						"1.5167": {
							"vector": [1.84555, -14.91276, 7.0342]
						},
						"1.6333": {
							"vector": [0.57055, -12.68776, 10.0842],
							"easing": "linear"
						},
						"1.7333": {
							"vector": [0.57055, -8.48776, 10.0842],
							"easing": "easeInSine"
						},
						"1.9333": {
							"vector": [1.54555, -8.48776, 10.0842],
							"easing": "easeInSine"
						},
						"2.0333": {
							"vector": [4.875, -6.035, 8.5]
						},
						"2.2167": {
							"vector": [0, 0, 0]
						}
					}
				},
				"magazine": {
					"rotation": {
						"0.0": {
							"vector": [0, 0, 0]
						},
						"0.35": {
							"vector": [0, 0, 0]
						},
						"0.5": {
							"vector": [-5.25, 0, 0]
						},
						"0.65": {
							"vector": [-5.25, 0, 0]
						},
						"0.8": {
							"vector": [-25.90717, 2.1847, -11.43173]
						},
						"1.35": {
							"vector": [-17.62039, 2.61234, 5.67984]
						},
						"1.4167": {
							"vector": [-18.74253, 0.62793, 1.36227]
						},
						"1.5167": {
							"vector": [-9.9513, -2.58413, 0.55692],
							"easing": "easeInQuad"
						},
						"1.6333": {
							"vector": [-0.75, 0, 0],
							"easing": "easeInQuad"
						},
						"1.7333": {
							"vector": [0, 0, 0],
							"easing": "easeInQuad"
						}
					},
					"position": {
						"0.0": {
							"vector": [0, 0, 0]
						},
						"0.35": {
							"vector": [0, 0, 0]
						},
						"0.5": {
							"vector": [0, 0, 0]
						},
						"0.55": {
							"vector": [0, 0, 0]
						},
						"0.65": {
							"vector": [0.13096, -4.1265, -1.08619]
						},
						"0.8": {
							"vector": [4.85147, -19.89096, 7.41298]
						},
						"1.15": {
							"vector": [4.85147, -19.89096, 7.41298]
						},
						"1.25": {
							"vector": [-0.27215, -11.19004, -0.62044]
						},
						"1.35": {
							"vector": [-1.2486, -6.0607, -3.27844]
						},
						"1.4167": {
							"vector": [-0.25, -5.5, -2.68]
						},
						"1.5167": {
							"vector": [-0.34249, -5.73579, -0.9088]
						},
						"1.6333": {
							"vector": [-0.04249, -5.31079, -0.5588],
							"easing": "easeInSine"
						},
						"1.7333": {
							"vector": [0, 0, 0],
							"easing": "easeInQuad"
						}
					}
				},
				"_camera_": {
					"rotation": {
						"0.0": {
							"vector": [0, 0, 0]
						},
						"0.3333": {
							"vector": [1.78248, 0.69976, 1.285],
							"easing": "easeInOutSine"
						},
						"0.5167": {
							"vector": [1.16374, 1.01649, 1.79701]
						},
						"0.65": {
							"vector": [2.00291, 1.0003, -0.45454],
							"easing": "linear"
						},
						"0.8": {
							"vector": [2.27668, 1.23255, 1.59467]
						},
						"1.1": {
							"vector": [1.98262, 1.44619, -0.00149]
						},
						"1.55": {
							"vector": [1.5331, 1.69931, 1.31503],
							"easing": "easeInOutSine"
						},
						"1.6833": {
							"vector": [1.48049, 1.74533, -0.43516],
							"easing": "easeOutSine"
						},
						"1.7667": {
							"vector": [2.18965, 1.57884, 1.83453]
						},
						"1.9": {
							"vector": [1.64723, 1.24322, 0.2705]
						},
						"2.1": {
							"vector": [1.37104, 0.67985, 0.20996],
							"easing": "easeInSine"
						},
						"2.3667": {
							"vector": [0, 0, 0],
							"easing": "easeOutSine"
						}
					}
				},
				"bipod": {
					"rotation": {
						"0.0": {
							"vector": [0, 0, 0]
						},
						"0.1833": {
							"vector": [-3.39743, -0.82444, 0.19356]
						},
						"0.35": {
							"vector": [-1.77164, 0.56095, 0.18145]
						},
						"0.5333": {
							"vector": [-3.56842, -1.06351, 0.22591]
						},
						"0.6833": {
							"vector": [-0.08107, 0.3055, 0.03728]
						},
						"0.8167": {
							"vector": [-2.81854, -1.51478, 0.14838]
						},
						"1.0": {
							"vector": [-2.40591, 0.0201, 0.28934]
						},
						"1.2667": {
							"vector": [-3.0294, -1.04929, 0.23737]
						},
						"1.5167": {
							"vector": [-2.57183, -0.8502, 0.19732]
						},
						"1.65": {
							"vector": [-3.01837, -1.07316, 0.23558]
						},
						"1.7667": {
							"vector": [4.12183, 1.21606, -0.28826]
						},
						"1.9": {
							"vector": [-4.9417, -1.62691, 0.39199]
						},
						"2.0667": {
							"vector": [-2.06501, -0.95739, 0.18175]
						},
						"2.2833": {
							"vector": [-5.81335, -1.08503, 0.22336]
						},
						"2.5": {
							"vector": [0, 0, 0]
						}
					}
				}
			},
			"sound_effects": {
				"0.0": {
					"effect": "foley_start"
				},
				"0.1667": {
					"effect": "rifle_magout"
				},
				"1.1833": {
					"effect": "rifle_magin"
				},
				"1.7333": {
					"effect": "foley_end"
				}
			}
		},
		"animation.model.fire": {
			"loop": true,
			"animation_length": 0.0667,
			"bones": {
				"Charger": {
					"position": {
						"0.0": {
							"vector": [0, 0, 0]
						},
						"0.0333": {
							"vector": [0, 0, 13.4]
						}
					}
				},
				"bolt": {
					"position": {
						"0.0": {
							"vector": [0, 0, 0]
						},
						"0.0333": {
							"vector": [0, 0, 10.9]
						}
					}
				}
			}
		},
		"animation.model.reloadempty": {
			"loop": true,
			"animation_length": 3.05,
			"bones": {
				"main": {
					"rotation": {
						"0.0": {
							"vector": [0, 0, 0]
						},
						"0.2333": {
							"vector": [-3.25111, -1.49759, -7.41494],
							"easing": "easeInOutSine"
						},
						"0.3167": {
							"vector": [-1.62153, -0.50711, 3.29529]
						},
						"0.45": {
							"vector": [-5.55764, -3.68712, -14.53611]
						},
						"0.5833": {
							"vector": [-3.34709, -1.68455, -8.16065],
							"easing": "easeInOutSine"
						},
						"0.7167": {
							"vector": [-4.07972, -2.35978, -11.90071]
						},
						"0.8333": {
							"vector": [-5.96563, -1.98871, -10.68153]
						},
						"1.1833": {
							"vector": [-10.18163, -6.40895, -22.98916],
							"easing": "easeInOutQuad"
						},
						"1.2667": {
							"vector": [-9.77174, -7.3224, -24.03816]
						},
						"1.3833": {
							"vector": [-10.18163, -6.40895, -22.98916]
						},
						"1.45": {
							"vector": [-10.42719, -5.9726, -29.21268]
						},
						"1.5667": {
							"vector": [-8.1691, -4.03564, -20.11743],
							"easing": "easeOutSine"
						},
						"1.7667": {
							"vector": [-4.18412, -0.33492, -10.37495],
							"easing": "easeInOutSine"
						},
						"1.8333": {
							"vector": [-4.13008, 0.8075, -8.45172]
						},
						"1.9333": {
							"vector": [-4.7598, 0.62065, -12.19871]
						},
						"2.0333": {
							"vector": [-4.16013, 1.19504, -3.21525]
						},
						"2.1": {
							"vector": [-3.85349, 0.60954, -10.69355]
						},
						"2.2": {
							"vector": [-3.50766, 0.93848, -1.94457]
						},
						"2.3": {
							"vector": [-2.29107, 0.39065, -2.39134]
						},
						"2.55": {
							"vector": [1.57141, -1.85374, -1.9128],
							"easing": "easeOutSine"
						},
						"2.6333": {
							"vector": [0.27288, -0.37236, 1.59554],
							"easing": "linear"
						},
						"2.7167": {
							"vector": [0, 0, 0],
							"easing": "linear"
						}
					},
					"position": {
						"0.0": {
							"vector": [0, 0, 0]
						},
						"0.1167": {
							"vector": [-0.28, -1.38, 0.81],
							"easing": "easeInOutSine"
						},
						"0.2333": {
							"vector": [-0.68099, -0.77658, 1.95416],
							"easing": "easeOutSine"
						},
						"0.3": {
							"vector": [-0.405, 0.275, 1.95]
						},
						"0.4333": {
							"vector": [0.45, -2.5, 1.95]
						},
						"0.6167": {
							"vector": [-0.395, -1.345, 1.95],
							"easing": "easeInOutSine"
						},
						"0.8167": {
							"vector": [-0.565, -2.99, 1.7],
							"easing": "easeOutSine"
						},
						"1.1": {
							"vector": [-1.07, -1.85, -1.445],
							"easing": "easeInOutSine"
						},
						"1.2167": {
							"vector": [-1.22, -1.27, -1.44]
						},
						"1.3667": {
							"vector": [-1.22, -0.77, -1.44]
						},
						"1.45": {
							"vector": [-1.22, 0.33, -1.44],
							"easing": "easeInSine"
						},
						"1.6667": {
							"vector": [-1.31596, -4.10476, -2.50735],
							"easing": "easeInOutSine"
						},
						"1.7667": {
							"vector": [-0.91, -2.87, 1.83]
						},
						"1.8333": {
							"vector": [-0.64656, -2.0491, 1.82676]
						},
						"1.9333": {
							"vector": [-0.58453, -1.87833, 3.31632]
						},
						"2.0": {
							"vector": [-0.64669, -1.94727, 0.57029]
						},
						"2.0667": {
							"vector": [-0.6975, -1.99275, 0.83003]
						},
						"2.1333": {
							"vector": [-0.73569, -1.87901, -2.91544]
						},
						"2.3333": {
							"vector": [-1.75, -2.84, -1.63]
						},
						"2.5167": {
							"vector": [0.05077, -1.45863, -3.79557],
							"easing": "linear"
						},
						"2.6333": {
							"vector": [-0.01391, -0.26895, -0.26276]
						},
						"2.7167": {
							"vector": [0, 0, 0],
							"easing": "linear"
						}
					}
				},
				"bolt": {
					"rotation": {
						"1.9": {
							"vector": [0, 0, 0]
						},
						"2.0667": {
							"vector": [0, 0, 0]
						}
					},
					"position": {
						"1.9": {
							"vector": [0, 0, 0]
						},
						"1.9667": {
							"vector": [0, 0, 2.25]
						},
						"2.0": {
							"vector": [0, 0, 8]
						},
						"2.0667": {
							"vector": [0, 0, 9]
						},
						"2.1": {
							"vector": [0, 0, 8]
						},
						"2.1333": {
							"vector": [0, 0, 0]
						}
					}
				},
				"bolt2": {
					"rotation": {
						"1.8": {
							"vector": [0, 0, 0]
						},
						"1.9": {
							"vector": [0, -66, 0]
						},
						"2.0667": {
							"vector": [0, -66, 0]
						},
						"2.1": {
							"vector": [0, 0, 0]
						}
					},
					"position": {
						"1.8": {
							"vector": [0, 0, 0]
						},
						"2.0667": {
							"vector": [0, 0, 0]
						}
					}
				},
				"bolt3": {
					"position": {
						"0.0": {
							"vector": [0, 0, 8.775]
						},
						"2.0833": {
							"vector": [0, 0, 8.775]
						},
						"2.1333": {
							"vector": [0, 0, 0]
						}
					}
				},
				"leftarm": {
					"rotation": {
						"0.0": {
							"vector": [0, 0, 0]
						},
						"0.15": {
							"vector": [21.96658, 21.48777, 14.13441]
						},
						"0.85": {
							"vector": [21.96658, 21.48777, 14.13441]
						},
						"1.0667": {
							"vector": [-1.51215, -2.90151, 6.36912]
						},
						"1.2": {
							"vector": [-1.51215, -2.90151, 6.36912]
						},
						"1.3167": {
							"vector": [0.26042, -0.75584, 7.96822]
						},
						"1.4333": {
							"vector": [-3.61289, -6.59764, 8.25925],
							"easing": "easeInSine"
						},
						"1.55": {
							"vector": [-4.50425, -2.04068, 9.45928],
							"easing": "easeInSine"
						},
						"1.8": {
							"vector": [-2.53234, -6.15542, -5.15393]
						},
						"1.9": {
							"vector": [-5.28194, -4.26789, 6.80461]
						},
						"1.9667": {
							"vector": [-11.95142, -6.24006, 9.10396]
						},
						"2.0": {
							"vector": [-18.14312, -8.33968, 12.28727]
						},
						"2.0667": {
							"vector": [-16.49609, -15.96746, 6.79811]
						},
						"2.1333": {
							"vector": [-36.80683, -16.45387, 18.32674]
						},
						"2.3": {
							"vector": [-11.40341, -8.22693, 9.16337]
						},
						"2.4833": {
							"vector": [0, 0, 0]
						}
					},
					"position": {
						"0.0": {
							"vector": [0, 0, 0]
						},
						"0.15": {
							"vector": [18.68364, -29.49779, 25.69566]
						},
						"0.85": {
							"vector": [-1.665, -41.57, 17.735]
						},
						"1.0667": {
							"vector": [-2.305, -23.675, 9.225]
						},
						"1.2": {
							"vector": [-2.68, -22.23, 10.375]
						},
						"1.3167": {
							"vector": [-2.68, -22.23, 12.005]
						},
						"1.4333": {
							"vector": [-3.13, -16.38, 11.1],
							"easing": "easeInSine"
						},
						"1.55": {
							"vector": [-2.78, -16.38, 11.1],
							"easing": "easeInSine"
						},
						"1.6667": {
							"vector": [4.905, -9.45, 15.555]
						},
						"1.8": {
							"vector": [3.695, 5.275, 6.48]
						},
						"1.9": {
							"vector": [1.815, 2.28, 5.08]
						},
						"1.9667": {
							"vector": [1.785, -0.495, 5.405]
						},
						"2.0": {
							"vector": [1.79, -2.14, 8.86]
						},
						"2.0667": {
							"vector": [1.79, -1.34, 11.26]
						},
						"2.1333": {
							"vector": [1.79, -9.79, 29.685]
						},
						"2.3": {
							"vector": [9, -18.74, 12.53]
						},
						"2.4833": {
							"vector": [0, 0, 0]
						}
					}
				},
				"magazine": {
					"rotation": {
						"0.0": {
							"vector": [0, 0, 0]
						},
						"0.3667": {
							"vector": [0, 0, 0]
						},
						"0.8667": {
							"vector": [0, 0, 0]
						},
						"1.0667": {
							"vector": [-11.06111, -3.98901, 0.40422]
						},
						"1.2": {
							"vector": [-2.255, -0.41727, -2.45216]
						},
						"1.3167": {
							"vector": [0, 0, 0]
						},
						"1.4333": {
							"vector": [0, 0, 0],
							"easing": "easeInQuad"
						}
					},
					"position": {
						"0.0": {
							"vector": [0, 0, 0]
						},
						"0.3667": {
							"vector": [0, 0, 0]
						},
						"0.4667": {
							"vector": [0, -37.2, 0]
						},
						"0.8667": {
							"vector": [0, -37.2, 0]
						},
						"1.0667": {
							"vector": [0.22903, -7.49488, -3.2914]
						},
						"1.2": {
							"vector": [0.19568, -7.48376, -0.87658]
						},
						"1.3167": {
							"vector": [0, -7.775, 0]
						},
						"1.4333": {
							"vector": [0, 0, 0],
							"easing": "easeInQuad"
						}
					}
				},
				"magazine2": {
					"scale": {
						"vector": [0, 0, 0]
					}
				},
				"_camera_": {
					"rotation": {
						"0.0": {
							"vector": [0, 0, 0]
						},
						"0.1": {
							"vector": [1.07696, 0.23059, 0.00906]
						},
						"0.3167": {
							"vector": [1.22711, 0.55366, -2.47989]
						},
						"0.4167": {
							"vector": [2.51416, 0.42306, 1.76801]
						},
						"0.5667": {
							"vector": [1.74581, 0, -0.48052]
						},
						"0.8167": {
							"vector": [2.49984, -0.26049, 0.02568],
							"easing": "easeInOutSine"
						},
						"1.2667": {
							"vector": [1.77757, 0.97422, 1.26688],
							"easing": "easeOutSine"
						},
						"1.4167": {
							"vector": [1.50032, 0.9897, 0.76704],
							"easing": "easeInOutSine"
						},
						"1.5": {
							"vector": [1.69232, 0.94573, 2.26661]
						},
						"1.6667": {
							"vector": [1.97374, 1.04171, -0.73229]
						},
						"1.8167": {
							"vector": [1.9872, 1.01579, 0.01738]
						},
						"1.9833": {
							"vector": [2.2372, 1.01579, 0.01738]
						},
						"2.0833": {
							"vector": [1.71922, 1.04595, -0.98233]
						},
						"2.1667": {
							"vector": [2.52111, 0.9284, 2.01576]
						},
						"2.3167": {
							"vector": [1.66397, 0.66271, -0.15562]
						},
						"2.5": {
							"vector": [1.06264, 0.43399, 0.47798],
							"easing": "easeOutSine"
						},
						"2.7167": {
							"vector": [0, 0, 0],
							"easing": "easeInOutSine"
						}
					}
				}
			},
			"sound_effects": {
				"0.0": {
					"effect": "foley_start"
				},
				"0.2667": {
					"effect": "xm7_magoutfast"
				},
				"1.0167": {
					"effect": "xm7_magin"
				},
				"1.7667": {
					"effect": "xm7_chargeback"
				},
				"2.0167": {
					"effect": "xm7_chargeforward"
				},
				"2.0833": {
					"effect": "foley_end"
				}
			}
		}
	},
	"geckolib_format_version": 2
}