{
	"format_version": "1.8.0",
	"animations": {
		"animation.model.reloadfirst": {
			"animation_length": 0.7667,
			"blend_weight": "1",
			"bones": {
				"main": {
					"rotation": {
						"0.0": {
							"vector": [1.97909, 9.0376, 23.90643]
						},
						"0.1667": {
							"vector": [1.85718, 8.56299, 23.13099]
						},
						"0.3": {
							"vector": [1.62308, 8.61413, 22.42631]
						},
						"0.4": {
							"vector": [1.48145, 8.76195, 19.42134]
						},
						"0.4333": {
							"vector": [2.13309, 8.76185, 21.09973]
						},
						"0.5": {
							"vector": [2.18064, 8.80861, 22.37002]
						},
						"0.5667": {
							"vector": [1.84001, 8.94627, 21.11198]
						},
						"0.7667": {
							"vector": [1.97909, 9.0376, 23.90643]
						}
					},
					"position": {
						"0.0": {
							"vector": [8.325, -1.075, 1.55],
							"easing": "easeOutSine"
						},
						"0.1333": {
							"vector": [8.41, -1.07, 1.61]
						},
						"0.3333": {
							"vector": [8.505, -1.12, 1.53]
						},
						"0.4": {
							"vector": [8.505, -1.245, 1.13]
						},
						"0.5": {
							"vector": [8.46, -1.45, 1.23]
						},
						"0.6333": {
							"vector": [8.38, -1.155, 1.43]
						},
						"0.7": {
							"vector": [8.325, -1.075, 1.55],
							"easing": "easeOutSine"
						}
					}
				},
				"bolt1": {
					"position": {
						"vector": [0, 0, 7.775]
					}
				},
				"bolt2": {
					"rotation": {
						"vector": [0, 0, 75]
					}
				},
				"rightarm": {
					"rotation": {
						"0.0": {
							"vector": [4.84597, 2.2793, -29.23334]
						},
						"0.0667": {
							"vector": [4.84597, 2.2793, -29.23334]
						},
						"0.2667": {
							"vector": [16.94864, -9.01465, -40.70556]
						},
						"0.3667": {
							"vector": [13.6816, -12.47196, -29.69819]
						},
						"0.4": {
							"vector": [10.98565, -12.06855, -25.29895]
						},
						"0.5": {
							"vector": [11.88911, -9.72295, -19.93348]
						},
						"0.5667": {
							"vector": [10.28877, -9.2676, -17.07318]
						},
						"0.6": {
							"vector": [13.62691, -8.72548, -22.81935]
						},
						"0.7667": {
							"vector": [4.84597, 2.2793, -29.23334]
						}
					},
					"position": {
						"0.0": {
							"vector": [-6.21284, -16.01933, 21.23517]
						},
						"0.0667": {
							"vector": [-6.21284, -16.01933, 21.23517]
						},
						"0.2667": {
							"vector": [-10.20055, 7.90561, -13.1532],
							"easing": "linear"
						},
						"0.3667": {
							"vector": [-10.475, 8.11, -14.35]
						},
						"0.4": {
							"vector": [-10.175, 9.01, -13.95]
						},
						"0.5": {
							"vector": [-8.775, 9.035, -13.975]
						},
						"0.5667": {
							"vector": [-8.65, 9.33, -14]
						},
						"0.6": {
							"vector": [-7.575, 5.635, -13.175]
						},
						"0.7667": {
							"vector": [-6.21284, -16.01933, 21.23517]
						}
					}
				},
				"leftarm": {
					"rotation": {
						"vector": [-5.96336, -3.95597, -11.95492]
					},
					"position": {
						"vector": [2.95147, 0.57929, 8.27509]
					}
				},
				"bolt": {
					"position": {
						"vector": [0, 0, 8.3]
					}
				},
				"bullet1": {
					"rotation": {
						"0.0": {
							"vector": [0, 0, 0]
						},
						"0.3333": {
							"vector": [-9.82102, 5.9033, -8.08704]
						},
						"0.4": {
							"vector": [-10.02317, 6.79762, -3.13723]
						},
						"0.5": {
							"vector": [0, 0, 0]
						},
						"0.6": {
							"vector": [0, 0, 0]
						}
					},
					"position": {
						"0.0": {
							"vector": [-7.08, -20.625, 30.4]
						},
						"0.0667": {
							"vector": [-6.88951, -23.58098, 27.45585]
						},
						"0.2333": {
							"vector": [0.27746, -4.34851, -0.03466]
						},
						"0.3": {
							"vector": [2.1933, -0.80336, -3.12656]
						},
						"0.3333": {
							"vector": [2.77157, -1.50289, -4.16218]
						},
						"0.4": {
							"vector": [2.06639, -2.74153, -3.86848]
						},
						"0.5": {
							"vector": [0, 0, 0]
						},
						"0.6": {
							"vector": [0, 0, 0]
						}
					}
				},
				"bullet2": {
					"position": {
						"vector": [0, -1.5, 0]
					}
				},
				"charger": {
					"rotation": {
						"vector": [0, 0, 100]
					}
				}
			},
			"sound_effects": {
				"0.0": {
					"effect": "foley_start"
				},
				"0.3": {
					"effect": "bulletinsert"
				}
			}
		},
		"animation.model.reloadold": {
			"animation_length": 0.85,
			"blend_weight": "1",
			"bones": {
				"main": {
					"rotation": {
						"0.0": {
							"vector": [1.97909, 9.0376, 23.90643]
						},
						"0.2": {
							"vector": [1.73996, 9.08628, 22.38827]
						},
						"0.4": {
							"vector": [1.21423, 8.69322, 20.2714]
						},
						"0.45": {
							"vector": [1.48145, 8.76195, 19.42134]
						},
						"0.5": {
							"vector": [2.13309, 8.76185, 21.09973]
						},
						"0.55": {
							"vector": [2.18064, 8.80861, 22.37002]
						},
						"0.65": {
							"vector": [1.84001, 8.94627, 21.11198]
						},
						"0.85": {
							"vector": [1.97909, 9.0376, 23.90643]
						}
					},
					"position": {
						"0.0": {
							"vector": [8.325, -1.075, 1.55],
							"easing": "easeOutSine"
						},
						"0.15": {
							"vector": [8.445, -1.07, 1.59]
						},
						"0.3": {
							"vector": [8.625, -1.075, 1.625],
							"easing": "easeOutSine"
						},
						"0.4": {
							"vector": [8.505, -1.12, 1.53]
						},
						"0.45": {
							"vector": [8.505, -1.245, 1.13]
						},
						"0.55": {
							"vector": [8.46, -1.45, 1.23]
						},
						"0.65": {
							"vector": [8.38, -1.005, 1.43]
						},
						"0.8": {
							"vector": [8.325, -1.075, 1.55],
							"easing": "easeOutSine"
						}
					}
				},
				"bolt1": {
					"position": {
						"vector": [0, 0, 7.775]
					}
				},
				"bolt2": {
					"rotation": {
						"vector": [0, 0, 75]
					}
				},
				"rightarm": {
					"rotation": {
						"0.0": {
							"vector": [4.84597, 2.2793, -29.23334]
						},
						"0.05": {
							"vector": [4.84597, 2.2793, -29.23334]
						},
						"0.25": {
							"vector": [16.94864, -9.01465, -40.70556]
						},
						"0.35": {
							"vector": [13.6816, -12.47196, -29.69819]
						},
						"0.4": {
							"vector": [10.98565, -12.06855, -25.29895]
						},
						"0.5": {
							"vector": [11.88911, -9.72295, -19.93348]
						},
						"0.55": {
							"vector": [10.28877, -9.2676, -17.07318]
						},
						"0.6": {
							"vector": [13.62691, -8.72548, -22.81935]
						},
						"0.75": {
							"vector": [4.84597, 2.2793, -29.23334]
						}
					},
					"position": {
						"0.0": {
							"vector": [-6.21284, -16.01933, 21.23517]
						},
						"0.05": {
							"vector": [-6.21284, -16.01933, 21.23517]
						},
						"0.25": {
							"vector": [-10.20055, 7.90561, -13.1532],
							"easing": "linear"
						},
						"0.35": {
							"vector": [-10.475, 8.11, -14.35]
						},
						"0.4": {
							"vector": [-10.175, 9.01, -13.95]
						},
						"0.5": {
							"vector": [-8.775, 9.035, -13.975]
						},
						"0.55": {
							"vector": [-8.65, 9.33, -14]
						},
						"0.6": {
							"vector": [-7.575, 5.635, -13.175]
						},
						"0.75": {
							"vector": [-6.21284, -16.01933, 21.23517]
						}
					}
				},
				"leftarm": {
					"rotation": {
						"vector": [-5.96336, -3.95597, -11.95492]
					},
					"position": {
						"vector": [2.95147, 0.57929, 8.27509]
					}
				},
				"bolt": {
					"position": {
						"vector": [0, 0, 8.3]
					}
				},
				"bullet1": {
					"rotation": {
						"0.0": {
							"vector": [0, 0, 0]
						},
						"0.35": {
							"vector": [-9.82102, 5.9033, -8.08704]
						},
						"0.4": {
							"vector": [-10.02317, 6.79762, -3.13723]
						},
						"0.5": {
							"vector": [0, 0, 0]
						},
						"0.6": {
							"vector": [0, 0, 0]
						}
					},
					"position": {
						"0.0": {
							"vector": [-7.08, -20.625, 30.4]
						},
						"0.05": {
							"vector": [-6.88951, -23.58098, 27.45585]
						},
						"0.25": {
							"vector": [0.27746, -4.34851, -0.03466]
						},
						"0.3": {
							"vector": [2.1933, -0.80336, -3.12656]
						},
						"0.35": {
							"vector": [2.77157, -1.50289, -4.16218]
						},
						"0.4": {
							"vector": [2.06639, -2.74153, -3.86848]
						},
						"0.5": {
							"vector": [0, 0, 0]
						},
						"0.6": {
							"vector": [0, 0, 0]
						}
					}
				},
				"charger": {
					"rotation": {
						"vector": [0, 0, 100]
					}
				}
			},
			"sound_effects": {
				"0.0": {
					"effect": "foley_start"
				},
				"0.3": {
					"effect": "bulletinsert"
				}
			}
		},
		"animation.model.finish": {
			"animation_length": 0.95,
			"blend_weight": "1",
			"bones": {
				"main": {
					"rotation": {
						"0.0": {
							"vector": [1.97909, 9.0376, 23.90643]
						},
						"0.15": {
							"vector": [1.3385, 9.15204, 19.85709]
						},
						"0.3": {
							"vector": [1.65996, 9.10111, 21.88213]
						},
						"0.45": {
							"vector": [1.95938, 4.04055, 23.73354]
						},
						"0.6": {
							"vector": [0.05443, 0.49703, 2.25024]
						},
						"0.7": {
							"vector": [0, 0, 0]
						}
					},
					"position": {
						"0.0": {
							"vector": [8.325, -1.075, 1.55],
							"easing": "easeOutSine"
						},
						"0.25": {
							"vector": [8.925, -1.075, 0.525],
							"easing": "easeOutSine"
						},
						"0.4": {
							"vector": [2.825, -1.855, -3.45],
							"easing": "easeInSine"
						},
						"0.55": {
							"vector": [0, -0.5, -3.625],
							"easing": "easeOutSine"
						},
						"0.65": {
							"vector": [0, 0, 0]
						}
					}
				},
				"bolt1": {
					"rotation": {
						"vector": [0, 0, 0]
					},
					"position": {
						"0.25": {
							"vector": [0, 0, 7.775]
						},
						"0.35": {
							"vector": [0, 0, 0]
						}
					}
				},
				"bolt2": {
					"rotation": {
						"0.25": {
							"vector": [0, 0, 75]
						},
						"0.35": {
							"vector": [0, 0, 75]
						},
						"0.4": {
							"vector": [0, 0, 75]
						},
						"0.45": {
							"vector": [0, 0, 0]
						}
					},
					"position": {
						"vector": [0, 0, 0]
					}
				},
				"rightarm": {
					"rotation": {
						"0.15": {
							"vector": [0.70199, -25.41682, -41.96145]
						},
						"0.85": {
							"vector": [0, 0, 0]
						}
					},
					"position": {
						"0.0": {
							"vector": [-11.89, -15.99, 8.16]
						},
						"0.15": {
							"vector": [-10.295, 3.61, 0.46]
						},
						"0.3": {
							"vector": [-11.89, 7.23, 1.1]
						},
						"0.4": {
							"vector": [-11.37, 8.49, -0.38]
						},
						"0.5": {
							"vector": [-10.78, 10.66, -1.67]
						},
						"0.6": {
							"vector": [-12.09, 10.1, -3.81]
						},
						"0.75": {
							"vector": [-8.58, 1.83, -3.97]
						},
						"0.85": {
							"vector": [0, 0, 0]
						}
					}
				},
				"leftarm": {
					"rotation": {
						"0.0": {
							"vector": [-5.96336, -3.95597, -11.95492]
						},
						"0.4": {
							"vector": [-5.96336, -3.95597, -11.95492]
						},
						"0.5": {
							"vector": [0, 0, 0]
						}
					},
					"position": {
						"0.0": {
							"vector": [2.95147, 0.57929, 8.27509]
						},
						"0.25": {
							"vector": [2.95, 0.01, 8.28]
						},
						"0.4": {
							"vector": [2.95147, 1.57929, 8.27509]
						},
						"0.5": {
							"vector": [0, 0, 0]
						}
					}
				},
				"bolt": {
					"position": {
						"0.3": {
							"vector": [0, 0, 8.3]
						},
						"0.6": {
							"vector": [0, 0, 0]
						}
					}
				},
				"bullet1": {
					"rotation": {
						"0.0": {
							"vector": [0, 0, 0]
						},
						"0.05": {
							"vector": [0, 0, 0]
						}
					},
					"position": {
						"0.0": {
							"vector": [0, 0, 0]
						},
						"0.05": {
							"vector": [0, 0, 0]
						}
					}
				},
				"charger": {
					"rotation": {
						"0.15": {
							"vector": [0, 0, 100]
						},
						"0.55": {
							"vector": [0, 0, 100]
						},
						"0.7": {
							"vector": [0, 0, 0]
						}
					}
				}
			},
			"sound_effects": {
				"0.15": {
					"effect": "boltforward"
				}
			}
		},
		"animation.model.draw": {
			"animation_length": 1.2,
			"bones": {
				"main": {
					"rotation": {
						"0.0": {
							"vector": [32.09413, -54.38778, -8.29667]
						},
						"0.4": {
							"vector": [1.77698, -9.99529, -4.30852]
						},
						"0.55": {
							"vector": [0.58201, -1.04064, 2.6563]
						},
						"0.7": {
							"vector": [0.32388, 0.39763, -2.15014]
						},
						"0.8": {
							"vector": [0, 0, 0]
						}
					},
					"position": {
						"0.0": {
							"vector": [0, -17.3, 0]
						},
						"0.25": {
							"vector": [0, -7.41, -4.07]
						},
						"0.4": {
							"vector": [-0.4, -1.2, -2.75]
						},
						"0.5": {
							"vector": [0.4, 0, -2.6]
						},
						"0.65": {
							"vector": [0.16, -0.15, 0.275]
						},
						"0.75": {
							"vector": [0, 0, 0]
						}
					}
				},
				"leftarm": {
					"rotation": {
						"0.0": {
							"vector": [0, 0, 0]
						},
						"0.2": {
							"vector": [1, 0, -22]
						},
						"0.4": {
							"vector": [0, 0, 0]
						}
					},
					"position": {
						"0.0": {
							"vector": [0, 0, 0]
						},
						"0.2": {
							"vector": [3.53901, 3.6754, 5.59783]
						},
						"0.4": {
							"vector": [0, 0, 0]
						}
					}
				}
			},
			"sound_effects": {
				"0.05": {
					"effect": "draw"
				}
			}
		},
		"animation.model.fire": {
			"animation_length": 1.45,
			"bones": {
				"main": {
					"rotation": {
						"0.0": {
							"vector": [0, 0, 0]
						},
						"0.05": {
							"vector": [-8.70704, -2.00287, -6.82365]
						},
						"0.2": {
							"vector": [-4.98303, -1.97055, -6.0739]
						},
						"0.3": {
							"vector": [-2.71171, -1.64156, 1.17225]
						},
						"0.4": {
							"vector": [-1.91448, -1.29647, -1.82103]
						},
						"0.5": {
							"vector": [-2.2798, -0.94683, 0.4468]
						},
						"0.65": {
							"vector": [-1.24175, -0.61979, -1.14831]
						},
						"0.75": {
							"vector": [0, 0, 0]
						}
					},
					"position": {
						"0.0": {
							"vector": [0, 0, 0]
						},
						"0.05": {
							"vector": [-0.375, -0.9, 6.575]
						},
						"0.3": {
							"vector": [-0.29, -0.305, 3.605]
						},
						"0.4": {
							"vector": [-0.22, -0.23, 2.905]
						},
						"0.45": {
							"vector": [-0.22, -0.23, 3.38]
						},
						"0.55": {
							"vector": [-0.13, -0.465, 1.455]
						},
						"0.7": {
							"vector": [0, 0, 0]
						}
					}
				},
				"bolt1": {
					"rotation": {
						"0.0": {
							"vector": [0, 0, 0]
						},
						"0.3": {
							"vector": [0, 0, 0]
						}
					},
					"position": {
						"0.0": {
							"vector": [0, 0, 0]
						},
						"0.3": {
							"vector": [0, 0, 0]
						},
						"0.4": {
							"vector": [0, 0, 7.775]
						},
						"0.45": {
							"vector": [0, 0, 7.775]
						},
						"0.55": {
							"vector": [0, 0, 0]
						}
					}
				},
				"bolt2": {
					"rotation": {
						"0.0": {
							"vector": [0, 0, 0]
						},
						"0.15": {
							"vector": [0, 0, 0]
						},
						"0.2": {
							"vector": [0, 0, 75]
						},
						"0.25": {
							"vector": [0, 0, 75]
						},
						"0.55": {
							"vector": [0, 0, 75]
						},
						"0.65": {
							"vector": [0, 0, 0]
						}
					},
					"position": {
						"0.0": {
							"vector": [0, 0, 0]
						},
						"0.15": {
							"vector": [0, 0, 0]
						}
					}
				},
				"rightarm": {
					"rotation": {
						"0.0": {
							"vector": [0, 0, 0]
						},
						"0.1": {
							"vector": [11.95702, -5.87167, -44.28889]
						},
						"0.3": {
							"vector": [0.28837, -12.13073, -32.9887]
						},
						"0.45": {
							"vector": [-13.13506, -17.13177, -25.0571]
						},
						"0.55": {
							"vector": [0.70199, -25.41682, -41.96145]
						},
						"1.25": {
							"vector": [0, 0, 0]
						}
					},
					"position": {
						"0.0": {
							"vector": [0, 0, 0]
						},
						"0.1": {
							"vector": [-0.81602, -1.56804, -7.15521]
						},
						"0.3": {
							"vector": [-9.77, 1.955, -5.085]
						},
						"0.45": {
							"vector": [-9.26187, 3.73253, -7.14898]
						},
						"0.55": {
							"vector": [-10.295, 3.61, 0.46]
						},
						"0.7": {
							"vector": [-11.89, 7.23, -2.2]
						},
						"0.8": {
							"vector": [-12.75, 8.44, -5.29]
						},
						"0.9": {
							"vector": [-13.29, 9.19, -4.94]
						},
						"1.0": {
							"vector": [-10.29, 3.7, -4.61]
						},
						"1.25": {
							"vector": [0, 0, 0]
						}
					}
				},
				"leftarm": {
					"rotation": {
						"0.0": {
							"vector": [0, 0, 0]
						},
						"0.2": {
							"vector": [0, 0, 0]
						},
						"0.3": {
							"vector": [-2.39444, 3.03311, -2.45687]
						},
						"0.45": {
							"vector": [-2.39444, 3.03311, -2.45687]
						},
						"0.6": {
							"vector": [0, 0, 0]
						}
					},
					"position": {
						"0.0": {
							"vector": [0, 0, 0]
						},
						"0.2": {
							"vector": [0, 0, 0]
						},
						"0.3": {
							"vector": [1.725, 0, 0]
						},
						"0.45": {
							"vector": [1.725, 0, 0]
						},
						"0.6": {
							"vector": [0, 0, 0]
						}
					}
				},
				"bolt": {
					"position": {
						"0.0": {
							"vector": [0, 0, 0]
						},
						"0.45": {
							"vector": [0, 0, 0]
						},
						"0.55": {
							"vector": [0, 0, 8.3]
						},
						"0.85": {
							"vector": [0, 0, 0]
						}
					}
				},
				"charger": {
					"rotation": {
						"0.0": {
							"vector": [0, 0, 0]
						},
						"0.3": {
							"vector": [0, 0, 0]
						},
						"0.45": {
							"vector": [0, 0, 100]
						},
						"0.85": {
							"vector": [0, 0, 100]
						},
						"1.0": {
							"vector": [0, 0, 0]
						}
					}
				}
			},
			"sound_effects": {
				"0.1": {
					"effect": "boltback"
				},
				"0.35": {
					"effect": "boltforward"
				}
			}
		},
		"animation.model.inspect": {
			"animation_length": 6.2667,
			"bones": {
				"_camera_": {
					"rotation": {
						"0.0": {
							"vector": [0, 0, 0]
						},
						"0.1333": {
							"vector": [-0.01091, 1.24995, -0.50012]
						},
						"0.2833": {
							"vector": [-1.31346, 1.78854, -1.03401]
						},
						"0.4833": {
							"vector": [-3.43914, 2.08948, 0.95199],
							"easing": "easeInOutQuad"
						},
						"0.8333": {
							"vector": [-4.99004, 2.77768, -0.09243],
							"easing": "easeInOutSine"
						},
						"1.0667": {
							"vector": [-5.49004, 2.77768, -0.09243]
						},
						"1.7333": {
							"vector": [7.44976, 9.00685, -1.60374],
							"easing": "easeInSine"
						},
						"1.95": {
							"vector": [9.88265, 9.8236, -2.03661],
							"easing": "easeOutSine"
						},
						"2.25": {
							"vector": [10.3897, 9.84427, -1.20003],
							"easing": "easeOutSine"
						},
						"2.5667": {
							"vector": [9.96385, 7.66225, 1.88547],
							"easing": "easeInSine"
						},
						"2.7833": {
							"vector": [1.24375, 5.27922, 3.31414]
						},
						"2.9667": {
							"vector": [5.41765, 2.01024, 2.19487]
						},
						"3.2167": {
							"vector": [12.17135, -3.19168, -0.93824],
							"easing": "easeOutSine"
						},
						"3.5833": {
							"vector": [9.63273, -4.12615, 0.15611]
						},
						"4.3": {
							"vector": [5.12655, -3.80897, -0.98969],
							"easing": "easeInOutSine"
						},
						"4.5167": {
							"vector": [4.61883, -3.81704, -0.95786],
							"easing": "easeInOutSine"
						},
						"4.9667": {
							"vector": [2.5026, -0.00111, -0.00518],
							"easing": "easeInOutSine"
						},
						"5.1333": {
							"vector": [1.75872, -0.39593, -1.62595],
							"easing": "easeInOutSine"
						},
						"5.25": {
							"vector": [1.24924, -0.00333, 0.0435]
						},
						"5.35": {
							"vector": [0.44082, -0.01767, 1.01624]
						},
						"5.4833": {
							"vector": [0, 0, 0],
							"easing": "easeOutSine"
						}
					},
					"position": {
						"0.0": {
							"vector": [0, 0, 0]
						},
						"4.9667": {
							"vector": [0, 0, 0]
						}
					}
				},
				"main": {
					"rotation": {
						"0.0": {
							"vector": [0, 0, 0]
						},
						"0.35": {
							"vector": [-26.32055, -28.95323, -38.41824],
							"easing": "easeInOutQuad"
						},
						"0.45": {
							"vector": [-25.66239, -31.53589, -44.68762]
						},
						"0.5833": {
							"vector": [-29.3192, -30.58227, -40.03448]
						},
						"0.75": {
							"vector": [-27.10413, -31.89841, -42.85878]
						},
						"0.8833": {
							"vector": [-27.78689, -31.32225, -41.55621]
						},
						"1.0333": {
							"vector": [-27.51613, -31.5543, -42.0753]
						},
						"1.2333": {
							"vector": [-23.71064, -34.36823, -49.06156],
							"easing": "easeInOutSine"
						},
						"1.4": {
							"vector": [-21.1074, -35.89402, -53.58343],
							"easing": "easeOutSine"
						},
						"1.5667": {
							"vector": [-21.94193, -35.43536, -52.15215]
						},
						"1.7833": {
							"vector": [-20.76832, -36.0727, -54.16054]
						},
						"2.55": {
							"vector": [-23.3185, -35.45401, -49.81532]
						},
						"2.75": {
							"vector": [-51.25525, -13.69623, -15.09178]
						},
						"2.8833": {
							"vector": [-65.63972, 2.32296, -3.688]
						},
						"3.0667": {
							"vector": [-74.01117, 23.8148, -0.67983]
						},
						"3.2167": {
							"vector": [-79.3734, 25.56465, -3.9573]
						},
						"3.4333": {
							"vector": [-78.98912, 24.70845, -3.62085]
						},
						"3.6667": {
							"vector": [-78.89762, 23.48902, -2.80696]
						},
						"3.9167": {
							"vector": [-78.94097, 24.0015, -2.60182]
						},
						"4.2667": {
							"vector": [-78.95092, 23.9453, -3.0957]
						},
						"4.6667": {
							"vector": [-78.95092, 23.9453, -3.0957]
						},
						"5.05": {
							"vector": [-3.27585, -3.91843, 52.5061],
							"easing": "easeOutSine"
						},
						"5.3167": {
							"vector": [1.57141, -1.85374, -1.9128],
							"easing": "easeOutSine"
						},
						"5.4": {
							"vector": [0.27288, -0.37236, 1.59554],
							"easing": "linear"
						},
						"5.4833": {
							"vector": [0, 0, 0],
							"easing": "linear"
						}
					},
					"position": {
						"0.0": {
							"vector": [0, 0, 0]
						},
						"0.3": {
							"vector": [-4.15, 1.75, -15.475],
							"easing": "easeOutQuad"
						},
						"0.4": {
							"vector": [-4.15, -0.15, -14.6],
							"easing": "easeInOutSine"
						},
						"0.5167": {
							"vector": [-4.15, -0.925, -14.6],
							"easing": "linear"
						},
						"0.7": {
							"vector": [-4.2, -0.42, -14.6]
						},
						"0.9": {
							"vector": [-4.12, -0.57, -14.6]
						},
						"1.0667": {
							"vector": [-4.15, -0.47, -14.6]
						},
						"1.3": {
							"vector": [-4.15, -0.12, -14.825],
							"easing": "easeInOutQuad"
						},
						"1.5333": {
							"vector": [-4.2, -0.12, -15.04]
						},
						"1.7": {
							"vector": [-4.2, -0.02, -15.04]
						},
						"2.3": {
							"vector": [-4.2, -1.495, -15.04],
							"easing": "easeInOutSine"
						},
						"2.4333": {
							"vector": [-4.03, -1.67, -15.04]
						},
						"2.55": {
							"vector": [-3.7, 0.08, -15.04],
							"easing": "easeInSine"
						},
						"2.65": {
							"vector": [-0.18968, 5.0153, -18.15932]
						},
						"2.75": {
							"vector": [4.78001, 6.68487, -20.58417],
							"easing": "easeInOutQuad"
						},
						"2.85": {
							"vector": [12.24, 1.085, -21.53]
						},
						"3.0333": {
							"vector": [24.8, -17.445, -24.215],
							"easing": "easeInOutSine"
						},
						"3.1667": {
							"vector": [26.05, -19.97, -23.16],
							"easing": "linear"
						},
						"3.4167": {
							"vector": [26.05, -18.915, -23.16],
							"easing": "easeInOutSine"
						},
						"3.9": {
							"vector": [26.05, -18.145, -23.16]
						},
						"4.2667": {
							"vector": [26.05, -18.34, -23.16],
							"easing": "easeInOutSine"
						},
						"4.6667": {
							"vector": [25.39, -20.09, -22.52]
						},
						"4.8167": {
							"vector": [14.76, -16.93, -12.15]
						},
						"5.0": {
							"vector": [2.27, -9.09, 0.045]
						},
						"5.2": {
							"vector": [0.02894, -1.60775, -6.90297]
						},
						"5.2833": {
							"vector": [0.05077, -1.45863, -3.79557],
							"easing": "linear"
						},
						"5.4": {
							"vector": [-0.01391, -0.26895, -0.26276]
						},
						"5.4833": {
							"vector": [0, 0, 0],
							"easing": "linear"
						}
					}
				},
				"rightarm": {
					"rotation": {
						"0.0": {
							"vector": [0, 0, 0]
						},
						"2.65": {
							"vector": [0, 0, 0]
						},
						"4.9833": {
							"vector": [0, 0, 0]
						}
					},
					"position": {
						"0.0": {
							"vector": [0, 0, 0]
						},
						"2.65": {
							"vector": [0, 0, 0]
						},
						"2.7833": {
							"vector": [-6.30177, -6.68954, 29.94651]
						},
						"4.75": {
							"vector": [-6.30177, -6.68954, 29.94651]
						},
						"4.9833": {
							"vector": [0, 0, 0]
						}
					}
				},
				"leftarm": {
					"rotation": {
						"0.0": {
							"vector": [0, 0, 0]
						},
						"0.2833": {
							"vector": [-45.13234, 71.33372, -81.76837]
						},
						"2.6333": {
							"vector": [-45.13234, 71.33372, -81.76837]
						},
						"2.6833": {
							"vector": [96.97325, 30.0031, 35.42478]
						},
						"3.0333": {
							"vector": [96.97325, 30.0031, 35.42478]
						},
						"4.6667": {
							"vector": [96.97325, 30.0031, 35.42478]
						},
						"5.1667": {
							"vector": [0, 0, 0]
						}
					},
					"position": {
						"0.0": {
							"vector": [0, 0, 0]
						},
						"0.0667": {
							"vector": [9.47769, -9.10617, 9.45309]
						},
						"0.2833": {
							"vector": [12.05588, -33.69803, 37.55014]
						},
						"2.6333": {
							"vector": [12.05588, -33.69803, 37.55014]
						},
						"2.7667": {
							"vector": [16.26701, 33.15434, 47.96913]
						},
						"3.0333": {
							"vector": [-3.77362, 37.21582, 16.89297]
						},
						"4.6667": {
							"vector": [-3.77362, 37.21582, 16.89297]
						},
						"5.1667": {
							"vector": [0, 0, 0]
						}
					},
					"scale": {
						"0.0": {
							"vector": [1, 1, 1]
						},
						"2.6333": {
							"vector": [1, 1, 1]
						},
						"2.7667": {
							"vector": [1.2, 1.4, 1.2]
						},
						"3.0333": {
							"vector": [1.2, 1.4, 1.2]
						},
						"4.6667": {
							"vector": [1.2, 1.4, 1.2]
						},
						"5.1667": {
							"vector": [1, 1, 1]
						}
					}
				}
			},
			"sound_effects": {
				"0.0": {
					"effect": "inspect_up"
				},
				"1.0667": {
					"effect": "inspect_foley"
				},
				"2.25": {
					"effect": "inspect_turn"
				},
				"2.6667": {
					"effect": "inspect_down"
				},
				"4.95": {
					"effect": "inspect_down"
				}
			}
		},
		"animation.model.prepare": {
			"animation_length": 1.1111,
			"blend_weight": "1",
			"bones": {
				"main": {
					"rotation": {
						"0.0": {
							"vector": [0, 0, 0]
						},
						"0.2469": {
							"vector": [1.96635, 6.28923, 23.81092]
						},
						"0.4321": {
							"vector": [0.65743, 7.60121, 21.8647]
						},
						"0.5556": {
							"vector": [0.31619, 9.16266, 18.08203]
						},
						"0.7407": {
							"vector": [2.03074, 8.98708, 24.86596]
						},
						"0.8642": {
							"vector": [1.97909, 9.0376, 23.90643]
						}
					},
					"position": {
						"0.0": {
							"vector": [0, 0, 0]
						},
						"0.1852": {
							"vector": [4.3, -1.855, -3.275],
							"easing": "easeInSine"
						},
						"0.3704": {
							"vector": [8.06, -1.07, 1.8]
						},
						"0.5556": {
							"vector": [9.21, -1.07, 2.85]
						},
						"0.8025": {
							"vector": [8.325, -1.075, 1.55],
							"easing": "easeOutSine"
						}
					}
				},
				"bolt1": {
					"rotation": {
						"0.0": {
							"vector": [0, 0, 0]
						},
						"0.4321": {
							"vector": [0, 0, 0]
						}
					},
					"position": {
						"0.0": {
							"vector": [0, 0, 0]
						},
						"0.4321": {
							"vector": [0, 0, 0]
						},
						"0.5556": {
							"vector": [0, 0, 7.775]
						}
					}
				},
				"bolt2": {
					"rotation": {
						"0.0": {
							"vector": [0, 0, 0]
						},
						"0.2469": {
							"vector": [0, 0, 0]
						},
						"0.3086": {
							"vector": [0, 0, 75]
						},
						"0.3704": {
							"vector": [0, 0, 75]
						},
						"0.4938": {
							"vector": [0, 0, 75]
						}
					},
					"position": {
						"0.0": {
							"vector": [0, 0, 0]
						},
						"0.2469": {
							"vector": [0, 0, 0]
						}
					}
				},
				"rightarm": {
					"rotation": {
						"0.0": {
							"vector": [0, 0, 0]
						},
						"0.1235": {
							"vector": [11.95702, -5.87167, -44.28889]
						},
						"0.3086": {
							"vector": [0.28837, -12.13073, -32.9887]
						},
						"0.4321": {
							"vector": [-13.13506, -17.13177, -25.0571]
						},
						"0.5556": {
							"vector": [0.70199, -25.41682, -41.96145]
						},
						"0.679": {
							"vector": [0.70199, -25.41682, -41.96145]
						},
						"0.8642": {
							"vector": [4.84597, 2.2793, -29.23334]
						}
					},
					"position": {
						"0.0": {
							"vector": [0, 0, 0]
						},
						"0.1235": {
							"vector": [-0.81602, -1.56804, -7.15521]
						},
						"0.3086": {
							"vector": [-9.77, 1.955, -5.085]
						},
						"0.4321": {
							"vector": [-9.26187, 3.73253, -7.14898]
						},
						"0.5556": {
							"vector": [-10.295, 3.61, 0.06]
						},
						"0.7407": {
							"vector": [-10.295, -0.39, -4.94]
						},
						"0.8642": {
							"vector": [-6.21284, -16.01933, 21.23517]
						}
					}
				},
				"leftarm": {
					"rotation": {
						"0.0": {
							"vector": [0, 0, 0]
						},
						"0.1235": {
							"vector": [-5.96336, -3.95597, -11.95492]
						},
						"0.3704": {
							"vector": [-5.96336, -3.95597, -11.95492]
						}
					},
					"position": {
						"0.0": {
							"vector": [0, 0, 0]
						},
						"0.1235": {
							"vector": [2.95147, 0.57929, 8.27509]
						},
						"0.3704": {
							"vector": [2.95147, 0.57929, 8.27509]
						}
					}
				},
				"bolt": {
					"position": {
						"0.0": {
							"vector": [0, 0, 0]
						},
						"0.4321": {
							"vector": [0, 0, 0]
						},
						"0.5556": {
							"vector": [0, 0, 8.3]
						}
					}
				},
				"bullet1": {
					"position": {
						"vector": [0.02, -0.12, 0.3]
					}
				},
				"bullet2": {
					"position": {
						"vector": [0, -1.3, 0]
					}
				},
				"charger": {
					"rotation": {
						"0.0": {
							"vector": [0, 0, 0]
						},
						"0.3086": {
							"vector": [0, 0, 0]
						},
						"0.4321": {
							"vector": [0, 0, 100]
						}
					}
				}
			},
			"sound_effects": {
				"0.0": {
					"effect": "foley_start"
				},
				"0.2469": {
					"effect": "boltback"
				}
			}
		},
		"animation.model.prepareempty": {
			"animation_length": 1.1111,
			"blend_weight": "1",
			"bones": {
				"main": {
					"rotation": {
						"0.0": {
							"vector": [0, 0, 0]
						},
						"0.2469": {
							"vector": [1.96635, 6.28923, 23.81092]
						},
						"0.4321": {
							"vector": [0.65743, 7.60121, 21.8647]
						},
						"0.5556": {
							"vector": [0.31619, 9.16266, 18.08203]
						},
						"0.7407": {
							"vector": [2.03074, 8.98708, 24.86596]
						},
						"0.8642": {
							"vector": [1.97909, 9.0376, 23.90643]
						}
					},
					"position": {
						"0.0": {
							"vector": [0, 0, 0]
						},
						"0.1852": {
							"vector": [4.3, -1.855, -3.275],
							"easing": "easeInSine"
						},
						"0.3704": {
							"vector": [8.06, -1.07, 1.8]
						},
						"0.5556": {
							"vector": [9.21, -1.07, 2.85]
						},
						"0.8025": {
							"vector": [8.325, -1.075, 1.55],
							"easing": "easeOutSine"
						}
					}
				},
				"bolt1": {
					"rotation": {
						"0.0": {
							"vector": [0, 0, 0]
						},
						"0.4321": {
							"vector": [0, 0, 0]
						}
					},
					"position": {
						"0.0": {
							"vector": [0, 0, 0]
						},
						"0.4321": {
							"vector": [0, 0, 0]
						},
						"0.5556": {
							"vector": [0, 0, 7.775]
						}
					}
				},
				"bolt2": {
					"rotation": {
						"0.0": {
							"vector": [0, 0, 0]
						},
						"0.2469": {
							"vector": [0, 0, 0]
						},
						"0.3086": {
							"vector": [0, 0, 75]
						},
						"0.3704": {
							"vector": [0, 0, 75]
						},
						"0.4938": {
							"vector": [0, 0, 75]
						}
					},
					"position": {
						"0.0": {
							"vector": [0, 0, 0]
						},
						"0.2469": {
							"vector": [0, 0, 0]
						}
					}
				},
				"rightarm": {
					"rotation": {
						"0.0": {
							"vector": [0, 0, 0]
						},
						"0.1235": {
							"vector": [11.95702, -5.87167, -44.28889]
						},
						"0.3086": {
							"vector": [0.28837, -12.13073, -32.9887]
						},
						"0.4321": {
							"vector": [-13.13506, -17.13177, -25.0571]
						},
						"0.5556": {
							"vector": [0.70199, -25.41682, -41.96145]
						},
						"0.679": {
							"vector": [0.70199, -25.41682, -41.96145]
						},
						"0.8642": {
							"vector": [4.84597, 2.2793, -29.23334]
						}
					},
					"position": {
						"0.0": {
							"vector": [0, 0, 0]
						},
						"0.1235": {
							"vector": [-0.81602, -1.56804, -7.15521]
						},
						"0.3086": {
							"vector": [-9.77, 1.955, -5.085]
						},
						"0.4321": {
							"vector": [-9.26187, 3.73253, -7.14898]
						},
						"0.5556": {
							"vector": [-10.295, 3.61, -0.14]
						},
						"0.7407": {
							"vector": [-10.295, -0.39, -4.94]
						},
						"0.8642": {
							"vector": [-6.21284, -16.01933, 21.23517]
						}
					}
				},
				"leftarm": {
					"rotation": {
						"0.0": {
							"vector": [0, 0, 0]
						},
						"0.1235": {
							"vector": [-5.96336, -3.95597, -11.95492]
						},
						"0.3704": {
							"vector": [-5.96336, -3.95597, -11.95492]
						}
					},
					"position": {
						"0.0": {
							"vector": [0, 0, 0]
						},
						"0.1235": {
							"vector": [2.95147, 0.57929, 8.27509]
						},
						"0.3704": {
							"vector": [2.95147, 0.57929, 8.27509]
						}
					}
				},
				"bolt": {
					"position": {
						"0.0": {
							"vector": [0, 0, 0]
						},
						"0.4321": {
							"vector": [0, 0, 0]
						},
						"0.5556": {
							"vector": [0, 0, 8.3]
						}
					}
				},
				"bullet1": {
					"rotation": {
						"vector": [0, 0, 0]
					},
					"position": {
						"0.0": {
							"vector": [0, 0, 0]
						},
						"0.0617": {
							"vector": [-0.88466, -5.8974, 21.90429]
						},
						"0.1235": {
							"vector": [-0.88, -11.1, 43.4]
						},
						"0.1852": {
							"vector": [-13.48, -16.525, 43.4]
						}
					}
				},
				"bullet2": {
					"position": {
						"vector": [0, -1.3, 0]
					}
				},
				"charger": {
					"rotation": {
						"0.0": {
							"vector": [0, 0, 0]
						},
						"0.3086": {
							"vector": [0, 0, 0]
						},
						"0.4321": {
							"vector": [0, 0, 100]
						}
					}
				}
			},
			"sound_effects": {
				"0.0": {
					"effect": "foley_start"
				},
				"0.2469": {
					"effect": "boltback"
				}
			}
		},
		"animation.model.reload": {
			"animation_length": 0.7667,
			"blend_weight": "1",
			"bones": {
				"main": {
					"rotation": {
						"0.0": {
							"vector": [1.97909, 9.0376, 23.90643]
						},
						"0.1667": {
							"vector": [1.85718, 8.56299, 23.13099]
						},
						"0.3": {
							"vector": [1.62308, 8.61413, 22.42631]
						},
						"0.4": {
							"vector": [1.48145, 8.76195, 19.42134]
						},
						"0.4333": {
							"vector": [2.13309, 8.76185, 21.09973]
						},
						"0.5": {
							"vector": [2.18064, 8.80861, 22.37002]
						},
						"0.5667": {
							"vector": [1.84001, 8.94627, 21.11198]
						},
						"0.7667": {
							"vector": [1.97909, 9.0376, 23.90643]
						}
					},
					"position": {
						"0.0": {
							"vector": [8.325, -1.075, 1.55],
							"easing": "easeOutSine"
						},
						"0.1333": {
							"vector": [8.41, -1.07, 1.61]
						},
						"0.3333": {
							"vector": [8.505, -1.12, 1.53]
						},
						"0.4": {
							"vector": [8.505, -1.245, 1.13]
						},
						"0.5": {
							"vector": [8.46, -1.45, 1.23]
						},
						"0.6333": {
							"vector": [8.38, -1.155, 1.43]
						},
						"0.7": {
							"vector": [8.325, -1.075, 1.55],
							"easing": "easeOutSine"
						}
					}
				},
				"bolt1": {
					"position": {
						"vector": [0, 0, 7.775]
					}
				},
				"bolt2": {
					"rotation": {
						"vector": [0, 0, 75]
					}
				},
				"rightarm": {
					"rotation": {
						"0.0": {
							"vector": [4.84597, 2.2793, -29.23334]
						},
						"0.0667": {
							"vector": [4.84597, 2.2793, -29.23334]
						},
						"0.2667": {
							"vector": [16.94864, -9.01465, -40.70556]
						},
						"0.3667": {
							"vector": [13.6816, -12.47196, -29.69819]
						},
						"0.4": {
							"vector": [10.98565, -12.06855, -25.29895]
						},
						"0.5": {
							"vector": [11.88911, -9.72295, -19.93348]
						},
						"0.5667": {
							"vector": [10.28877, -9.2676, -17.07318]
						},
						"0.6": {
							"vector": [13.62691, -8.72548, -22.81935]
						},
						"0.7667": {
							"vector": [4.84597, 2.2793, -29.23334]
						}
					},
					"position": {
						"0.0": {
							"vector": [-6.21284, -16.01933, 21.23517]
						},
						"0.0667": {
							"vector": [-6.21284, -16.01933, 21.23517]
						},
						"0.2667": {
							"vector": [-10.20055, 7.90561, -13.1532],
							"easing": "linear"
						},
						"0.3667": {
							"vector": [-10.475, 8.11, -14.35]
						},
						"0.4": {
							"vector": [-10.175, 9.01, -13.95]
						},
						"0.5": {
							"vector": [-8.775, 9.035, -13.975]
						},
						"0.5667": {
							"vector": [-8.65, 9.33, -14]
						},
						"0.6": {
							"vector": [-7.575, 5.635, -13.175]
						},
						"0.7667": {
							"vector": [-6.21284, -16.01933, 21.23517]
						}
					}
				},
				"leftarm": {
					"rotation": {
						"vector": [-5.96336, -3.95597, -11.95492]
					},
					"position": {
						"vector": [2.95147, 0.57929, 8.27509]
					}
				},
				"bolt": {
					"position": {
						"vector": [0, 0, 8.3]
					}
				},
				"bullet1": {
					"rotation": {
						"0.0": {
							"vector": [0, 0, 0]
						},
						"0.3333": {
							"vector": [-9.82102, 5.9033, -8.08704]
						},
						"0.4": {
							"vector": [-10.02317, 6.79762, -3.13723]
						},
						"0.5": {
							"vector": [0, 0, 0]
						},
						"0.6": {
							"vector": [0, 0, 0]
						}
					},
					"position": {
						"0.0": {
							"vector": [-7.08, -20.625, 30.4]
						},
						"0.0667": {
							"vector": [-6.88951, -23.58098, 27.45585]
						},
						"0.2333": {
							"vector": [0.27746, -4.34851, -0.03466]
						},
						"0.3": {
							"vector": [2.1933, -0.80336, -3.12656]
						},
						"0.3333": {
							"vector": [2.77157, -1.50289, -4.16218]
						},
						"0.4": {
							"vector": [2.06639, -2.74153, -3.86848]
						},
						"0.5": {
							"vector": [0, 0, 0]
						},
						"0.6": {
							"vector": [0, 0, 0]
						}
					}
				},
				"charger": {
					"rotation": {
						"vector": [0, 0, 100]
					}
				}
			},
			"sound_effects": {
				"0.0": {
					"effect": "foley_start"
				},
				"0.3": {
					"effect": "bulletinsert"
				}
			}
		}
	},
	"geckolib_format_version": 2
}