{
  "name" : "cp2077_arasaka_senkoh_lx",
  "type": "Gun",
  "compatibleAttachmentGroups": [
    "hg_sights",
    "cp2077_long_scope",
    "cp2077_short_scope",
    "chimera"
  ],
  "features": [
    {
        "type": "Aiming",
        "zoom": 0.25,
        "condition": {
            "allOf": [
              {
                "doesNotHaveAttachmentGroup": "hg_sights"
              },
              {
                "doesNotHaveAttachmentGroup": "cp2077_short_scope"
              },
              {
                "doesNotHaveAttachmentGroup": "cp2077_long_scope"
              }
            ]
        }
    },
    {
      "type": "FireMode",
      "fireModes": [
        {
          "name": "burst",
          "displayName": "label.pointblank.fireMode.burst",
          "type": "BURST",
          "rpm": 800,
          "damage": 4.0,
          "isUsingDefaultMuzzle": true,
          "completeFireAnimations": [
            {
              "name": "animation.model.completefire1",
              "duration": 100
            }
          ]
        },
        {
          "name": "automatic",
          "displayName": "label.pointblank.fireMode.automatic",
          "type": "AUTOMATIC",
          "rpm": 550,
          "damage": 4.0,
          "isUsingDefaultMuzzle": true,
          "prepareFireAnimations": [
            {
              "name": "animation.model.preparefire",
              "duration": 800
            }
          ],
          "completeFireAnimations": [
            {
              "name": "animation.model.completefire2",
              "duration": 400
            }
          ]
        }
      ]
    },
    {
      "type": "PartVisibility",
      "parts": [
        {
          "name": "glow",
          "visible": true,
          "condition": {
              "allOf": [
              {
                "doesNotHaveAttachmentGroup": "hg_sights"
              },
              {
                "doesNotHaveAttachmentGroup": "cp2077_short_scope"
              },
              {
                "doesNotHaveAttachmentGroup": "cp2077_long_scope"
              }
            ]
          }
        },
        {
          "name": "glow2",
          "visible": true,
          "condition": {
              "allOf": [
              {
                "doesNotHaveAttachmentGroup": "hg_sights"
              },
              {
                "doesNotHaveAttachmentGroup": "cp2077_short_scope"
              },
              {
                "doesNotHaveAttachmentGroup": "cp2077_long_scope"
              }
            ]
          }
        },
        {
          "name": "glow3",
          "visible": true,
          "condition": {
              "allOf": [
              {
                "doesNotHaveAttachmentGroup": "hg_sights"
              },
              {
                "doesNotHaveAttachmentGroup": "cp2077_short_scope"
              },
              {
                "doesNotHaveAttachmentGroup": "cp2077_long_scope"
              }
            ]
          }
        }
      ]
    }
  ],
  "maxAmmoCapacity" : 30,
  "compatibleAmmo" : ["ammo9mm", "ammocreative"],
  "fireSound" : "senkoh_fire",
  "drawCooldownDuration" : 800,
  "damage": 4.0,
  "gunRecoilInitialAmplitude" : 0.3,
  "shakeRecoilAmplitude" : 0.25,
  "shakeRecoilSpeed" : 2,
  "viewRecoilAmplitude" : 0.8,
  "inspectCooldownDuration": 4930,
  "glowingParts": [
    {
      "name": "glow"
    },
    {
      "name": "glow2"
    },
    {
      "name": "glow3"
    },
    {
      "name": "glow4"
    }
  ],
  "effects": [
    {
      "phase": "hit_scan_acquired",
      "name": "tracer"
    },
    {
      "phase": "firing",
      "name": "muzzle_flash_small"
    }
  ],
  "phasedReloads": [
    {
      "phase": "RELOADING",
      "condition": "reloadIterationIndex == 0",
      "duration": 2830,
      "animation": "animation.model.reloadempty"
    },
    {
      "phase": "RELOADING",
      "condition": "reloadIterationIndex > 0",
      "duration": 2830,
      "animation": "animation.model.reload"
    }
  ]
}
